timestamp,open,high,low,close,volume,circulating_supply,funding_rate,open_interest,spot_price,perp_price,long_short_ratio,taker_buy_volume,taker_sell_volume,market_cap,realized_cap,sopr,transfer_volume,tx_count,active_addresses,fees,github_commits
2024-01-01 00:00:00,40142.08194170902,40513.10998806633,40022.72767970244,40248.54264812339,9144.60073052219,19500000,2.6763168474214344e-05,3530630874.017089,40248.54264812339,40342.641673467784,0.8142031354222561,6116.041516163058,3061.288613430198,784846581638.4061,587377065095.4924,0.980727115322162,684679332.4399794,142388.1852335057,464597.05335703027,17403.16023469776,12
2024-01-01 01:00:00,39385.63879409365,39707.91198531296,39302.853107799485,39423.974203827114,972.2839286802548,19500000,9.397163548726096e-05,3465540466.0409813,39423.974203827114,39492.284107587526,0.6678188790591739,566.6040851953246,482.46108680262785,768767496974.6288,528917686884.91315,0.9852535395724019,277770925.4999535,154308.30625677796,491043.11325221474,49359.31682777429,17
2024-01-01 02:00:00,40057.79306319147,40314.78271430845,39900.38003694782,40024.15462559584,2454.879728089606,19500000,-0.00037526490166155574,3485536234.292064,40024.15462559584,40079.20700920674,0.9655828304951046,1508.5752682325533,836.880002165489,780471015199.1189,554730201083.7047,1.0460494960341837,323461725.24534583,150602.99392018566,263701.4190999501,31948.794985003195,18
2024-01-01 03:00:00,40779.91241670873,41110.592061823496,40697.06819788055,40788.26558483726,2975.4646396385756,19500000,-0.0002483930614167788,4381329187.837246,40788.26558483726,40788.895830505346,1.3797836899386193,1690.8841719169477,969.0796312092216,795371178904.3265,542442885230.2284,0.9938729439914457,276142785.8802058,167367.7857415867,312674.49245066947,23971.770860679855,11
2024-01-01 04:00:00,39180.209264734614,39476.35555038228,39055.75128448278,39231.25411815894,2017.125493382974,19500000,-0.0002364698183832977,3370550725.1339135,39231.25411815894,39280.94233382462,0.9768566794576338,916.265858666541,836.652121069729,765009455304.0994,368564319661.65173,0.9892111912064916,474336824.8832313,180723.5225340375,419693.2059724576,15239.404554330407,10
2024-01-01 05:00:00,38174.99816556639,38432.01439194418,38143.337264007874,38226.54378995007,4674.6656295040075,19500000,0.0003292324671051323,3428409333.239629,38226.54378995007,38226.68994920615,1.1373682897255657,3057.7711120476547,1751.628993914281,745417603904.0264,349980050312.2716,0.9947462458579384,263136827.75435716,192997.3151642437,580246.7518626114,16386.009616378647,17
2024-01-01 06:00:00,38273.63416168631,38560.58383135697,38212.958958304705,38328.23941278112,4476.64356045896,19500000,0.0001736064845717249,4665721532.675474,38328.23941278112,38272.528644431266,1.6007348090277405,2902.619110182119,1538.8827698414586,747400668549.2318,541509446775.3325,1.013633649654972,367880005.1409393,138914.27442796718,645352.6412810175,27553.431211403946,16
2024-01-01 07:00:00,38023.39111417875,38128.937799651634,37864.81346517207,38090.392848718446,2910.6237688614447,19500000,0.0002833183600221829,3707712936.07208,38090.392848718446,38151.459420394494,1.0841661537341003,1469.590355666737,1000.784111026632,742762660550.0096,365037510568.19635,0.9689840895197841,311526996.3767488,109759.92932120581,407216.5968935942,14636.187554891918,21
2024-01-01 08:00:00,38255.179260443205,38359.67578475938,37746.49037143462,38081.403695076195,2603.6331717153757,19500000,-0.0004518964969407393,3210207926.9062867,38081.403695076195,38128.19905551914,0.8580933302303968,1638.0893721105838,981.2096546033303,742587372053.9858,421320197156.6923,1.0128164620137516,876871039.1597751,223663.75099975837,427568.8489280716,14774.615918570276,12
2024-01-01 09:00:00,37463.23445864542,37660.81547500775,37419.506057217106,37440.95626063879,2818.6732736353138,19500000,-0.00034507000581548096,3834922167.7488475,37440.95626063879,37443.52699010588,0.8820436622223373,1586.6652282651619,1299.5632060862413,730098647082.4564,462132952500.4087,1.0076746057017771,326430577.9560422,179218.58389241336,374230.36970309867,22084.89963538142,12
2024-01-01 10:00:00,38176.689208890035,38509.96682494728,38028.05360535247,38109.10202633586,2828.7966075148956,19500000,0.0002989646320769486,3333194161.5439324,38109.10202633586,38066.2222646748,1.0001316503097428,1902.9731804701507,1491.9884607674987,743127489513.5492,381647616919.5173,0.9463403384777764,289997169.0007203,128198.408886061,502143.53292999894,22925.95607813887,19
2024-01-01 11:00:00,38672.56202563289,38973.29057648321,38321.28148085191,38710.426820711444,2866.4037834967858,19500000,-0.0007336008924998151,3855339550.487734,38710.426820711444,38691.60578500055,0.8811046020477773,1836.9271580154507,1593.241794057722,754853323003.8732,390701144511.50934,1.053827668102263,535834237.8734721,174455.72510824434,600612.902448459,24686.440941676075,8
2024-01-01 12:00:00,38751.04108152775,38800.50557933876,38406.151129512415,38765.4584732223,2713.515889591967,19500000,0.00046738880727994136,3524918025.1031427,38765.4584732223,38698.73747552497,0.8943863843113288,1118.7791576659465,1425.7500493744096,755926440227.8348,445900145552.136,1.0438244068228961,952621734.2871699,212564.06054766575,568754.4921353201,19305.444057877867,16
2024-01-01 13:00:00,39596.72059121255,39888.16676888677,39327.680343197695,39653.310145870746,3382.0071963546598,19500000,-0.000446995143056837,3460975532.3435807,39653.310145870746,39694.751061047114,1.2178058815736168,2244.9181782016367,1651.988688455875,773239547844.4795,431675303731.9456,0.9759831120176549,463155388.61366653,250770.66904234677,439854.767466781,29028.807089513895,13
2024-01-01 14:00:00,39817.52276470978,40118.57887840917,39721.7721525648,40029.81756648245,4344.239668567189,19500000,0.0003530034675774935,4077431926.896422,40029.81756648245,39969.64038279282,1.2278089705153707,3000.0012638141307,2486.1535087181587,780581442546.4078,509698372192.11865,0.9663272038690816,477708980.39011043,173278.0084705482,374105.700817432,17008.280388126204,17
2024-01-01 15:00:00,39243.22990881724,39640.53175594166,39078.48268516062,39351.683879708886,1611.4181780764948,19500000,-0.0001665753874270888,3751089275.4872217,39351.683879708886,39366.90632582581,0.7193706859903053,1003.3444699952922,734.6794529453471,767357835654.3232,362594118115.6063,1.0068415449107573,813049852.1837716,212122.1695927823,443139.27975304466,26582.099206485986,16
2024-01-01 16:00:00,39503.36950078528,39974.99546519508,39419.93009088922,39646.94048286999,1762.816424816727,19500000,0.0004146711145514747,3875107165.553166,39646.94048286999,39617.455316973064,0.8490528001798238,768.5422324471845,863.7924799930944,773115339415.9648,461261950130.93616,0.9572241013650613,689372095.8860773,120282.62752351051,583125.2859079897,23487.795002003942,12
2024-01-01 17:00:00,38722.71616751773,39128.58024571324,38672.92320410513,38897.73917269718,1243.5692922559115,19500000,0.0010624482741749483,3711840099.7315297,38897.73917269718,38846.13340813407,0.9113749575963326,798.6360760751348,526.6343906130305,758505913867.595,380980814681.6078,1.0409284886110677,575164125.5920064,161300.4916411381,408356.79971470876,26375.60280514483,17
2024-01-01 18:00:00,39496.48006785317,39825.25844331039,39346.39407770583,39591.13129604786,4597.181605187787,19500000,-0.0005819532890363376,3459688655.8073797,39591.13129604786,39604.52715697054,1.1272914282290576,2731.860056968055,1830.6678693917568,772027060272.9332,487934614650.6949,0.9859463879274282,384349828.91836166,149678.78411507464,307710.34899284324,31401.138072217185,8
2024-01-01 19:00:00,39660.39268473941,39794.67938071375,39327.80437946458,39555.57392010612,3378.4139966574135,19500000,0.0003086131443581945,3764603398.5555677,39555.57392010612,39546.32585123794,1.2568582034312483,1694.7742707286093,1349.7221145736346,771333691442.0693,373991929347.3731,1.0486542078492644,582234102.3383908,177307.79620554522,411678.56810573285,19214.11216203031,18
2024-01-01 20:00:00,39410.03558824877,39589.42128472806,39268.185992754356,39413.538361449675,3837.720148611677,19500000,-0.0004424488140781218,3949035589.195345,39413.538361449675,39450.51571374665,1.7166823928597974,2552.886616934786,1322.0761107078772,768563998048.2687,391421620366.19727,0.975267898888412,281512205.06722796,243482.0455452333,418400.69352764636,18064.00820222711,15
2024-01-01 21:00:00,38984.67350212608,39321.54332256559,38646.79324367568,38884.30814409868,1458.627028499521,19500000,0.00022803067666525123,3623763789.4142146,38884.30814409868,38838.90662103876,0.9110708079178512,830.9360688588381,786.169767783486,758244008809.9242,524073005461.23975,0.9966339374329984,378047263.03164715,173246.78304030254,307349.36237571534,13272.929620480028,22
2024-01-01 22:00:00,39883.521114149225,40172.006731073445,39732.70539491167,39850.76517382401,7277.000677437666,19500000,3.796835093443184e-05,4140702963.629469,39850.76517382401,39824.570682241916,0.9202170223780953,4772.827410525176,2303.974279392387,777089920889.5682,404514233705.64905,1.038016378197321,860122226.0111911,128743.49785881846,463428.53492779704,12019.66540552713,6
2024-01-01 23:00:00,39793.95080411618,40000.78131975814,39594.35339384958,39731.76591595861,2198.5966422622946,19500000,0.00013893469673855298,3837315905.712147,39731.76591595861,39640.87385123139,1.1249223410855809,1321.4316081762524,1104.5872061360658,774769435361.1929,519962954821.01636,0.9903028156108351,816711993.7914089,118674.57414852275,489529.95425282256,20893.800195429863,11
2024-01-02 00:00:00,39325.80979659122,39541.866461785015,39014.87100382918,39396.79470453912,3242.509686545576,19500000,-0.0001735058828984711,3646226390.007962,39396.79470453912,39314.67812620236,0.8724557488946665,1577.6587529145158,1813.6590706358163,768237496738.5128,408639974990.66565,1.0081627522952723,577947666.2597184,245596.44875610786,641765.6744411964,21327.298177889705,15
2024-01-02 01:00:00,39165.22135068527,39184.95268670189,38780.58918875581,39124.22300273661,4569.65199153198,19500000,0.0003341623328489501,3657767854.468247,39124.22300273661,39198.48830588671,0.9722013242079599,3164.509634209481,2052.817928393437,762922348553.3639,397107377729.3035,1.0327797626691404,224246962.00405428,185062.40159347877,338921.77537571767,15901.600806854565,17
2024-01-02 02:00:00,39604.56306234784,39661.20051878997,39419.57166549809,39546.92624620884,1819.8513885643797,19500000,-0.0003345073513911143,3624488349.4701567,39546.92624620884,39633.280844919595,0.9203441325543257,1039.684127214483,584.281913663109,771165061801.0723,416233592799.0982,0.983318576474975,299226505.7288338,182047.02953990505,512012.4838570789,16960.969812290023,15
2024-01-02 03:00:00,39795.06438471055,39917.91599951191,39567.629303596404,39841.01280902289,2268.4177040323316,19500000,0.00047249117886962204,3243441833.3278875,39841.01280902289,39848.69121623385,0.591951374949704,1259.032103376127,972.0742376178141,776899749775.9464,554923638879.4742,0.9621478272835693,369703181.15187174,149352.8868463399,536792.6811015945,34788.291471752746,13
2024-01-02 04:00:00,40220.22431685837,40370.40001551923,40063.51251702808,40175.264951577155,3260.337143615575,19500000,-2.2775091983054784e-05,3559173615.3182693,40175.264951577155,40146.18493912729,1.0249528853587933,1698.80808608641,1313.8114757009678,783417666555.7545,445881928172.1867,0.9562386821107727,452962721.4537523,174026.9491135547,490864.885284537,28645.508374434805,11
2024-01-02 05:00:00,40572.87181840957,40955.938010119484,40505.36513879843,40526.98005840742,12440.798318317782,19500000,-0.00032080720322092684,3648912149.2900877,40526.98005840742,40518.937522761466,0.9641849057118348,5485.188547035495,7410.508267348257,790276111138.9447,413415687094.2877,1.0175029824831363,294219174.717375,127167.45286808116,361725.0505785247,15085.932070458617,19
2024-01-02 06:00:00,42258.31625681308,42518.51790191365,41946.51023559019,42304.81369932285,3465.3273186729457,19500000,0.0005784810470022095,3467546742.7192783,42304.81369932285,42346.0005745815,1.2894892504015816,2099.516599353544,1758.2362518873103,824943867136.7955,504033973018.4939,1.0116633516099285,439643403.88285184,179297.1185525046,357544.34087745065,19289.10262624186,14
2024-01-02 07:00:00,41872.300250003835,42065.09194293956,41800.697158065224,41966.5376573907,6655.378310807649,19500000,7.979720415725407e-05,3683076191.329637,41966.5376573907,41949.14718498553,1.0010986846195045,3522.2908159394265,3436.8902130463443,818347484319.1187,462932971698.6951,1.0318498951924326,983785157.4590216,121331.58710512724,451097.756712468,24879.533769186328,12
2024-01-02 08:00:00,41444.5611513439,41586.87723086025,41268.12646411068,41542.94550887904,5447.088760744601,19500000,0.0006722907911326079,3591028897.029907,41542.94550887904,41556.97181421951,0.7780616660553957,3706.1106945406946,2477.0531320539853,810087437423.1414,556578071995.3982,0.9917786584305223,569537024.336931,148773.14214361965,450464.9416246079,18252.634279784976,14
2024-01-02 09:00:00,40883.4471209932,41021.75808125165,40677.28851247902,40876.37505504136,3583.1766496307396,19500000,0.0004664068387940026,3813813145.8979797,40876.37505504136,40879.941271443175,0.9496898944264842,2470.704751618289,1837.539972318858,797089313573.3065,595532276517.8341,0.9570778822719838,529546030.68307334,138590.20785359904,395581.94378159347,17281.492417435118,17
2024-01-02 10:00:00,41414.276465689276,41752.10540631171,41310.86077549317,41387.208414502915,1817.8360955040475,19500000,-0.00013944371143593046,3780223570.5811415,41387.208414502915,41367.80556681884,0.6582196632588625,1145.7680147732415,939.405509565966,807050564082.8069,490664414132.7784,0.9294174308115527,322940234.7693456,72089.09685743219,572820.3393882276,19901.019983776863,10
2024-01-02 11:00:00,42269.46654264376,42498.86639521482,42229.49850033081,42336.57219672165,5063.821960916775,19500000,7.450305971897533e-05,3633173199.488242,42336.57219672165,42318.52865676125,0.7849120803392927,2393.9138773199766,1619.9554555622274,825563157836.0723,483387594974.8078,1.086038876030551,251865578.70361677,149239.52482530574,408337.64952471125,30552.39218920421,13
2024-01-02 12:00:00,42246.66955366066,42573.02752881379,42097.40729746495,42244.42338883083,1409.4358954552326,19500000,0.0001363113818990723,3213488578.98494,42244.42338883083,42261.039002261976,1.135531920565377,866.5125969446,516.9556564848094,823766256082.2012,455469110968.79944,1.015807690556125,296845224.04899716,129999.17638066027,302930.8531965623,31395.51699223337,17
2024-01-02 13:00:00,41592.075165801696,41925.93682283202,41149.045586322536,41544.66962045648,6637.147533472657,19500000,0.0005578909599959318,4137087269.565317,41544.66962045648,41508.23959253616,0.9517355294448906,2695.521665603136,2016.9645336007975,810121057598.9014,601111136876.1029,1.0041037526824688,247827708.9651873,154415.5353444849,423025.90492005966,17665.448606058308,17
2024-01-02 14:00:00,40919.84765911114,40965.1953492465,40617.915875903826,40869.317593808744,3294.4768191732346,19500000,0.0002312553140101345,3544449586.420936,40869.317593808744,40891.86639566085,1.2026189630785638,2134.5579176259002,1492.2076500743262,796951693079.2705,474174289400.32007,1.0083591928094144,499947726.9877277,162824.90502515942,487017.17561647965,25290.02500490005,5
2024-01-02 15:00:00,41537.241472951166,41790.06194414842,41250.781649414435,41408.71873813226,792.2588952585486,19500000,0.00015288778632893777,3561790068.640525,41408.71873813226,41393.332129503135,0.6747733311723095,434.22566829609457,445.83573621556087,807470015393.579,406479645096.8817,0.9570598315530269,565688607.7367277,253212.15806797933,473729.7215811021,21984.138040488713,10
2024-01-02 16:00:00,42140.41453712899,42544.58159404286,42016.70829370869,42033.06370379239,2514.2930573009294,19500000,4.0036123870507704e-05,3488013914.046587,42033.06370379239,42042.620648192824,0.9526646943587961,1712.2886223818198,1214.0675375795076,819644742223.9515,607163950279.2913,0.9761538402711086,329762751.45170194,175637.45756155596,472997.09103714925,16277.341899740708,13
2024-01-02 17:00:00,42411.308402025315,42667.305235556974,42156.724649399584,42496.41098651271,4133.889087176365,19500000,8.483288924360828e-05,3447541025.090826,42496.41098651271,42559.47406961321,0.9092797288125257,2122.0410685931556,1860.507458311237,828680014236.9978,611785150562.6162,1.0522999038397374,514737559.71942055,176933.3095311669,596478.0983245991,20148.349352413254,9
2024-01-02 18:00:00,42079.9317715671,42101.36900946121,41900.02520996187,41938.71688079465,2647.809738564244,19500000,0.0004913776257034974,4056249616.373555,41938.71688079465,41935.85699391636,1.2106649044841455,1268.173985291311,1529.8773382336774,817804979175.4957,474913675834.3118,1.0197504185755666,873132193.2851477,184223.2209790115,353996.35153325816,15074.046114410541,10
2024-01-02 19:00:00,42093.365534807446,42527.17657434254,41864.99047579399,42138.11423201441,4262.038753852705,19500000,0.00010111160523924231,4005296894.3014145,42138.11423201441,42181.086863795725,1.1440247800813974,2977.1061049545892,1498.8122165874686,821693227524.281,455592579034.28503,0.977092070271162,1061638107.8315066,202390.06476481637,406467.12456874555,31223.196375943502,11
2024-01-02 20:00:00,42329.06384420431,42703.11150870084,41923.1614901747,42240.79133531864,1948.8367130645922,19500000,-1.8499181389452395e-05,3714654361.9666734,42240.79133531864,42169.318528520744,1.1370650555994777,1089.796040869949,628.2684983265223,823695431038.7134,538804908750.9441,0.9631955401575029,660273129.7273115,182329.33493984398,602601.1461003369,35092.46144698345,13
2024-01-02 21:00:00,42435.95972116095,42657.53545538605,42250.462280614716,42430.19035019172,1551.5486088185532,19500000,-6.935214968410603e-05,3554214742.6029673,42430.19035019172,42414.47577702428,1.3610847710924474,1022.4003453774343,892.4379144018988,827388711828.7385,578077660955.2711,0.984529176731663,452393890.92684275,174630.615951157,298501.4360249707,19473.85499692301,15
2024-01-02 22:00:00,43144.89413705644,43418.95335047076,43015.71336458367,43180.487759439486,2876.349684287822,19500000,-6.612954615084858e-05,3766942264.178867,43180.487759439486,43186.00141637889,0.9290270513047476,1936.695569545125,1641.9197100088072,842019511309.07,504840914808.25476,0.9905370805833137,651795680.6548389,194426.93766430084,437687.782816935,18129.146142211444,16
2024-01-02 23:00:00,43221.52724139891,43470.20689280431,43201.04705187131,43378.35708115451,3028.379187137545,19500000,-0.00032062879881282946,3606139904.025228,43378.35708115451,43466.125841850386,1.3060615613357838,1682.387632545795,1529.0036549317276,845877963082.513,464593309097.0829,1.061474381075401,833149781.3167158,88728.94101047234,565680.2244444933,30223.599279362857,18
2024-01-03 00:00:00,43960.68515618788,44336.134337187745,43949.792632499695,43975.774520621904,2504.408416294981,19500000,-0.0001251125924979437,3530771243.247462,43975.774520621904,43893.981687189305,0.8115240709495206,1344.1515036659157,936.1322100244563,857527603152.1271,463423526540.38696,0.9943519787210213,217369394.89378545,274378.2467008156,563996.4579256541,31724.50476746009,15
2024-01-03 01:00:00,43902.305889074014,44259.23702754832,43713.51430906395,44039.65528936777,5506.285700639796,19500000,0.0005495260826950969,3683202568.033524,44039.65528936777,44039.82220574351,0.805593867493756,3115.8186883101903,3253.8250448593117,858773278142.6715,470590253046.3471,0.9643134464760096,877710714.6374936,242179.0145400996,504853.3522841951,15767.033933691358,19
2024-01-03 02:00:00,44385.17876567682,44400.215485612716,43908.15972945003,44299.477065050305,1948.6582005612315,19500000,3.802022182975104e-05,3460598473.3827424,44299.477065050305,44368.43756709889,1.162472630213292,1275.0496404933633,1032.0169935820138,863839802768.481,419316376760.4744,0.9982419290916975,390198160.4491592,171833.95952843886,507416.7110908086,21069.60162434185,17
2024-01-03 03:00:00,45002.93142275037,45310.30817520824,44757.32086649457,44866.8240841105,3486.253014647011,19500000,0.0003113235005668295,3657995442.885425,44866.8240841105,44836.08939409337,0.7401161484898292,2403.4160980173156,1750.6860114670064,874903069640.1548,598071604293.5884,1.0079301540513401,391703141.20724404,114319.03683451434,359257.7496261721,21640.42740889728,15
2024-01-03 04:00:00,43513.029728698966,43996.742428216996,43263.24078580889,43582.49246306848,3084.00694177907,19500000,-0.0006436269553702503,3643963041.6666527,43582.49246306848,43577.574666463566,1.121372213147153,1537.3670760423536,1131.4401037331622,849858603029.8354,409196684258.7986,0.9615836026723789,420951764.29678154,220265.2119428347,582238.4884719009,17479.20413088969,13
2024-01-03 05:00:00,43335.226771466405,43694.54101673446,43012.704136286244,43309.07062703627,1368.7347116504152,19500000,0.00027049339268976375,3762068897.4300804,43309.07062703627,43327.768841232486,1.020469319614969,850.7905975862794,621.3053013109854,844526877227.2073,480953283720.48895,1.0120649660335785,551434518.144909,136834.9693261837,348010.40500275645,24730.547718952726,16
2024-01-03 06:00:00,42845.59360948857,43026.78332582389,42819.53069166574,42907.84358141177,1541.4593987188528,19500000,5.1594188689265894e-05,3411674431.664311,42907.84358141177,42920.051229932484,1.2390817061749868,748.5517105394675,842.828183108682,836702949837.5295,586096193366.774,1.0362674785681472,311060597.52810985,185992.2442311047,352186.9410468645,17854.598971316773,15
2024-01-03 07:00:00,42314.056093693165,42389.90291343001,42249.27311479607,42367.31050911705,2998.7640760768086,19500000,-4.4432006867152596e-05,3794471243.194296,42367.31050911705,42437.88472408755,0.9881815994717846,1749.1368401851598,1673.544460224525,826162554927.7825,471930297491.3621,1.004160138497523,432924707.9147497,118098.41715978918,478099.8238768629,18730.748858256222,15
2024-01-03 08:00:00,42204.29665208169,42601.16535180135,41999.426943980405,42139.02375063983,8027.271808549822,19500000,0.00015428798722633952,3334188240.5832667,42139.02375063983,42162.13590154911,1.011272854375314,5148.988155415611,3760.2071848776604,821710963137.4768,442432633672.82513,0.9760880454445096,598604028.1224207,283963.70927727106,400871.8587001278,21366.876633847132,16
2024-01-03 09:00:00,43418.95027245959,43829.19127269616,43128.00285039688,43422.29711217149,3982.37998584629,19500000,-4.874757614360831e-05,3424408756.331081,43422.29711217149,43484.29429104921,1.1072206967549898,2652.049613455787,1819.3031177392622,846734793687.344,621906483515.6493,0.9841338868728955,529491939.3260492,113487.25393585577,461085.7621956469,14090.855436061574,15
2024-01-03 10:00:00,42829.61071637829,43057.64212520567,42493.725434410124,42681.11049577545,1257.8794266890186,19500000,-0.0005371624759665067,3436385383.441714,42681.11049577545,42670.01305034728,0.8758767362307633,672.4810276637863,640.6444681952499,832281654667.6213,406122757973.9213,0.9502349207001441,564994076.9291855,165586.08962881623,482218.88868730457,11885.37603799183,9
2024-01-03 11:00:00,43478.087778373774,43799.5982841296,43158.873802149355,43520.061352492405,629.3930658188273,19500000,0.0003766743823515812,3290271293.025082,43520.061352492405,43492.18564729696,0.8682798039393863,321.57372512375474,288.5607676367721,848641196373.6019,607165580770.581,0.995984942976924,426197117.7976031,95745.91054060662,631353.968052449,29012.490118599642,12
2024-01-03 12:00:00,42167.985464336554,42363.0545906951,41718.754787682905,42083.873576583865,4300.672980385901,19500000,0.00017290526840445792,3888358720.0302052,42083.873576583865,42078.582657623185,1.099533377979752,2047.272942037503,1829.094760564327,820635534743.3854,384568718712.484,1.0093233987048973,640323439.5684278,161086.1166435588,482504.2061407238,17639.625042953012,12
2024-01-03 13:00:00,41815.275866372576,41990.801912616414,41490.07702680468,41807.130715794585,2840.948512119312,19500000,5.817263575644467e-06,3317494949.8869863,41807.130715794585,41762.852654328664,0.9941595602416434,1250.0887983849404,925.0858576596395,815239048957.9944,467995169606.1236,0.9731010224540356,740300282.3414533,146338.64464579275,390933.6530082095,41791.95872086708,15
2024-01-03 14:00:00,42014.39377107211,42064.57930729658,41531.40756050829,41947.63176523286,5274.467391207758,19500000,-0.00018985561162173118,3389969268.6661777,41947.63176523286,41972.108698996184,0.9217670141937042,2687.2107013700665,1781.7936886325692,817978819422.0408,523110801693.9756,1.058191004530829,722751290.835799,216272.79907307148,506509.1114934105,39797.18171264017,14
2024-01-03 15:00:00,42408.622768564026,42487.65169784495,42088.708628612716,42446.58339815198,1919.1564886188341,19500000,-0.0003409572548321405,3963655794.7608347,42446.58339815198,42434.44884899721,0.9835794908756984,1269.7011540215651,1013.47322596616,827708376263.9636,464353930346.7591,1.0237683848635344,575669398.611232,146335.19744351806,374613.1453160379,18921.543383966324,19
2024-01-03 16:00:00,43054.718638993814,43159.198649357175,42687.815284283315,43058.98654563251,3551.4322397716173,19500000,0.00016716781212041727,3424952307.861595,43058.98654563251,43034.36589508144,1.3756301287097097,1866.7849813667315,1091.7074982126162,839650237639.834,512507329459.14624,0.9462166798315468,706304526.7691263,216350.68151624096,531060.4337085044,44432.03061935506,11
2024-01-03 17:00:00,43741.91851374774,44118.072403132486,43377.82549949213,43752.025133487696,4550.92929392543,19500000,0.0005840322880676077,3531358878.343534,43752.025133487696,43778.21765127181,0.9152082157951703,2253.5653464859606,1436.6897304141876,853164490103.01,436138113902.5598,0.9468321232447733,687398151.7666546,125991.51697889638,448168.96034064324,29180.978618468227,16
2024-01-03 18:00:00,43379.626060850744,43515.65070634618,43062.839503923235,43452.28324197223,2383.3639209360213,19500000,0.00016094994302231146,3306108582.663334,43452.28324197223,43406.93140836358,0.9099151526572825,1481.8319057387243,1361.8376358760972,847319523218.4585,525940002258.76,0.9704792859188854,1415294059.9553292,151677.1608424069,479312.8349073482,18149.63735617,16
2024-01-03 19:00:00,43113.64991516682,43211.38797831573,42711.40701911362,43056.635908015,2408.976421472848,19500000,-0.00031482848182784776,3831936387.621957,43056.635908015,43094.11680489411,0.7107113956092312,1119.3919412839098,1231.4666605710388,839604400206.2925,411714807331.24554,1.0471955622027782,789749866.0371001,152439.33239537163,309857.93727714394,10152.224043529734,16
2024-01-03 20:00:00,43863.19272643235,44103.832368597155,43396.773403309606,43806.222820777635,3018.850520458783,19500000,0.00016753501811152076,3836164589.288504,43806.222820777635,43789.64928883595,0.9915651867148154,1439.6476723065107,909.4704294605554,854221345005.164,588412345017.432,1.0267276513165708,468245058.14246327,184222.0428943322,282053.1707662661,27077.17879696237,14
2024-01-03 21:00:00,43695.11013688659,43789.111959564725,43435.90457927992,43643.30076474642,3910.1779884269536,19500000,8.399711132598163e-05,3803226690.0372434,43643.30076474642,43698.25188954784,1.1403972906314315,2661.942014144037,1539.0969366791544,851044364912.5552,532019299048.9637,1.0487113658667486,336910638.35295933,178455.33175226292,327654.5573318187,22234.240899375225,14
2024-01-03 22:00:00,42678.92694726774,42748.5818090115,42276.55766043829,42548.13689716947,2959.6698316761886,19500000,0.0003592130878222691,3742435300.209755,42548.13689716947,42535.68145861601,1.1820374749020317,1256.3114982149484,1565.6521354386996,829688669494.8047,493315985811.92346,1.0003062785968826,437043765.5723629,194961.28682442143,627283.6885645863,25069.53080857981,15
2024-01-03 23:00:00,41719.34040994579,41954.35223040428,41384.54998983827,41598.75852114478,4851.281466263438,19500000,0.0002820199532235179,3606079935.6433682,41598.75852114478,41629.20505462321,1.0218794402840172,2543.9603545203317,2063.154146246965,811175791162.3232,378332420431.10815,0.9937153201611316,424866711.5256425,173982.09155853404,351642.0505824957,20565.067173299572,16
2024-01-04 00:00:00,40814.242736512846,40995.21909705346,40466.898434782765,40844.871872144904,2366.180676617631,19500000,-0.000795746760232977,3437636013.242181,40844.871872144904,40856.290561481925,1.2106612701867974,1355.8815286452816,1042.632307891473,796475001506.8257,477831080163.77484,0.9625747154181813,595295826.3465244,192014.98726843798,512195.650236915,15628.366709780323,19
2024-01-04 01:00:00,41287.93469622484,41546.462933257,41079.18585404088,41257.152543408214,1534.2583708896675,19500000,0.000263572661328537,3358641640.320439,41257.152543408214,41291.96953174372,1.1574809863641145,719.6871774814932,671.4524012567692,804514474596.4602,498051442818.11694,1.0104905177475039,366642384.5460042,130031.76136987837,389110.4207220519,19377.967439730088,23
2024-01-04 02:00:00,41327.37146077154,41756.44064061614,40988.59993309716,41378.97938089699,8010.33357533908,19500000,-0.00020104382285122512,3974609901.068739,41378.97938089699,41387.66676901826,1.2493083097251056,3879.434551402078,2888.8492717488302,806890097927.4913,427409889840.1492,0.9941149549924894,781613451.3855592,179368.86569949976,421676.61334425973,27227.72911584776,20
2024-01-04 03:00:00,41960.530401133314,42023.88791995275,41623.17273693969,41958.57048977831,2203.237462990169,19500000,-0.0003265186224346097,3811102452.108969,41958.57048977831,41892.97256924897,1.2175742151215743,1027.9283907775605,1137.790231334389,818192124550.677,534506180228.6193,0.9929598342855441,278290140.32452524,243300.23188686036,438474.06708395976,19804.95404714001,15
2024-01-04 04:00:00,41555.81414270759,41985.760810530344,41156.094542158324,41605.720158197735,2243.4697863721844,19500000,4.3457976887930894e-05,3391491600.8709726,41605.720158197735,41651.852311904666,1.368883767135391,1129.7119350317682,742.3684130105833,811311543084.8558,383774329765.5566,1.048541525231585,252517205.63159898,106937.71147109923,614617.6742348968,19769.085196691292,9
2024-01-04 05:00:00,41877.276720534275,42255.214941567036,41638.12213967821,41742.0266843852,2884.475440799358,19500000,0.00022329133270900344,3596354539.5721965,41742.0266843852,41742.54082416464,0.966630821748282,1931.305511501943,1304.288639120116,813969520345.5114,417246249613.8733,0.9962096319140632,459639753.85188466,183919.23292740618,497276.30991608254,13963.24603917115,24
2024-01-04 06:00:00,42302.55115364034,42653.27635268949,41971.83384080583,42271.80280065982,3082.790754459756,19500000,-0.0003922203830860473,3499866957.4466486,42271.80280065982,42309.404248869774,0.7668902264885341,1632.2643463097868,1082.01870240541,824300154612.8665,553323476635.2472,1.0399294433214306,346355540.9131439,192758.7998279812,477828.24559493887,22637.433046111808,9
2024-01-04 07:00:00,41996.95766728418,42280.5153145144,41679.074506281744,42015.27877648158,2456.906159710676,19500000,0.0003113729251172654,3275522199.472954,42015.27877648158,42048.481202509356,1.1419573328258104,1290.7324692049526,771.3698718568303,819297936141.3909,404869729299.7002,0.9523577601657216,293299977.8437083,234520.1039603398,573400.4896785524,15778.766417587585,13
2024-01-04 08:00:00,42506.33949925532,42769.94114287091,42008.0785390209,42405.10844928202,2955.0860558330905,19500000,0.00032900165425947997,3636225791.222663,42405.10844928202,42376.55723898622,1.1689555266789262,1524.7483528697426,1013.5152184038851,826899614760.9994,433018093947.73755,1.0806433669858877,376027192.0413106,195147.65054743912,389788.9147103019,29014.699501462383,15
2024-01-04 09:00:00,41669.92464803882,42119.132959874936,41292.019093803836,41851.61215658254,2922.278456418854,19500000,0.00011409285888984933,3467711096.4089785,41851.61215658254,41817.51165529818,1.368888475357301,2014.1357680648243,1638.815163664474,816106437053.3595,526598068378.6233,0.9888018861473389,357771713.2103094,166888.1298081328,547801.6760400343,17672.58291754697,15
2024-01-04 10:00:00,41385.59615202376,41839.901560903905,41148.23905506969,41552.980082039,3253.249635159538,19500000,-0.00016028708906811454,3321881136.1790075,41552.980082039,41584.367337524374,1.2920861351797088,1415.7811584897756,1147.8905884022333,810283111599.7605,541797837308.2139,1.0212155206982207,487135917.0176415,181229.28904998917,529803.0003780226,20156.63458236086,18
2024-01-04 11:00:00,41306.70748330901,41313.51573769608,41002.21607394128,41241.06501586489,917.1364581472521,19500000,-0.0001938134012567876,3184844797.770073,41241.06501586489,41232.68280942857,1.475643980076038,606.7432039106934,351.7317025674274,804200767809.3655,374312654944.84326,1.0259881873583954,378532194.2447101,135434.1118134074,528596.0838794927,42158.64611691923,16
2024-01-04 12:00:00,40275.30976634253,40661.184520447816,40203.07067130471,40270.43958436919,7634.5414239959755,19500000,0.0004077796394740682,3163344591.9205465,40270.43958436919,40312.17704705142,1.131982812164333,3803.1339867647844,2606.6495415307854,785273571895.1992,383195303565.445,0.985079298088737,391050105.4615371,147710.26748472414,428907.543951013,20091.010057791464,12
2024-01-04 13:00:00,40689.00495971396,40927.281303260956,40272.13032528222,40668.63434169889,2769.316570345837,19500000,-0.0003533668059487714,3479957471.3595624,40668.63434169889,40665.45401614842,1.0468253608312847,1902.3916483295868,1441.8821425810145,793038369663.1283,463003875157.7998,1.0245709027017715,484221842.87244624,116549.84214602211,405362.50541415537,19299.36658954929,23
2024-01-04 14:00:00,40185.76291072084,40607.52424401673,40083.28219777791,40292.6509411222,3985.0745939173603,19500000,0.0004193411382457535,3560591082.2426777,40292.6509411222,40337.916099148766,0.7580570561058122,1970.891064661785,1728.0668259698666,785706693351.8829,493296898790.29236,1.0261300952974373,727916300.9248391,236040.19294270375,371771.7133038954,26256.965777501304,15
2024-01-04 15:00:00,40304.87814526398,40458.82114786567,40012.77409554259,40306.75109606455,1496.5972785651747,19500000,5.0440252260869e-05,3342470145.7477336,40306.75109606455,40327.84379965702,1.0635573786965093,635.8477753797392,872.6516728080393,785981646373.2588,460690857367.24225,0.978605664968627,873744176.1988738,182141.53519457002,376458.66286483884,12892.763440393674,9
2024-01-04 16:00:00,40863.32335281353,40868.38926642268,40376.34628728599,40700.23673819246,2355.4801461283723,19500000,7.124965010714288e-05,3776483619.4471445,40700.23673819246,40716.027412285126,0.8953857290503497,1309.6765585756102,1176.0850530594994,793654616394.753,511209603455.3103,0.9789609932745432,514706310.45145404,129439.89031602429,368279.4742388825,32056.1007911971,15
2024-01-04 17:00:00,41137.148706449705,41346.83901149139,40888.24507611011,41069.44985653574,2129.9250426493186,19500000,-0.0004124263116239974,3566163755.442648,41069.44985653574,41058.19636734895,1.0432094832487842,997.5709981787192,978.5232752273981,800854272202.447,542016467173.95795,1.0013592047045423,530970619.6811977,174179.07935991988,476093.50469894515,29678.614443961196,20
2024-01-04 18:00:00,41637.93248170618,41849.11596114083,41535.89795567195,41623.80481748363,6215.875620369807,19500000,5.598501096142403e-05,3754236696.1750507,41623.80481748363,41637.641719607265,1.0109622875964495,3890.4975590642375,3089.2235459574144,811664193940.9308,596462109753.1404,0.99653518156944,450886044.72133976,217474.51005609205,422663.96669532714,25779.516551400076,13
2024-01-04 19:00:00,41509.57118137633,41727.60489724186,41431.13453618406,41546.05309549834,2224.067924691812,19500000,0.0002840756548034128,3532837243.6027093,41546.05309549834,41599.76602303843,1.0989407021408495,1328.1948726096014,694.1930168495403,810148035362.2177,449603167618.8839,1.0417939028754861,588154042.1646979,208605.06065874948,482279.9528835401,7997.391875598059,18
2024-01-04 20:00:00,41167.41731559911,41339.8932521312,40814.82003261653,41199.93006340298,4354.8262571847235,19500000,-0.00030092302635559433,3366133486.3194394,41199.93006340298,41201.81638330403,0.9807221000059178,2638.766676974245,2548.435955896561,803398636236.358,400840830880.4016,1.0210800455483524,567123552.8606206,129067.44119701837,487758.8505211956,20377.29338315504,15
2024-01-04 21:00:00,40963.22471709402,41241.18281765235,40754.00238967009,41138.40834150558,2153.3709428232423,19500000,0.00024959076017555364,3617790819.6968265,41138.40834150558,41164.37385350456,1.2056321535593766,986.344769884059,1263.8756024254494,802198962659.3588,424543907485.1895,0.9978872929161072,824542358.3503336,74350.09993701085,357914.27777052793,15035.060693046215,13
2024-01-04 22:00:00,39797.760986876616,40007.71203512752,39741.410498746445,39777.26452452623,2377.2283522740127,19500000,0.0001267036761037068,3240475901.1602345,39777.26452452623,39783.08632799504,0.5800558641528383,1456.2641279989248,910.102763099231,775656658228.2615,383522917697.8528,1.01818233876123,227922940.22887954,179664.50349321467,355772.3338414949,30860.490963999535,21
2024-01-04 23:00:00,38711.73541097686,38857.012091470235,38369.28356755387,38646.385678386956,2636.545765895618,19500000,-9.312668414969203e-05,3743006796.4790463,38646.385678386956,38655.06581284782,1.0387298981425126,1300.86985665133,1287.922668196011,753604520728.5457,428253623748.34076,0.9386004076660993,441726249.22132623,130389.6549393497,422636.57304892427,30205.16835117682,19
2024-01-05 00:00:00,37522.58618778603,38006.296625601164,37428.71553888037,37641.20260041635,5664.2091642867435,19500000,0.00035640192594739125,3325972879.1143236,37641.20260041635,37709.83797414204,1.2718823338834808,3962.693240276601,2042.3698021659047,734003450708.1188,522441768062.6627,0.9815406707910478,555664886.0935314,190152.54101780543,378880.39556590025,24745.599815262125,13
2024-01-05 01:00:00,36852.76383823922,36965.3913991867,36529.788150454275,36901.5784929753,1158.722831808149,19500000,-0.0005606770306935667,3858169179.6818447,36901.5784929753,36949.61438589237,1.453551252293902,717.8639023580829,537.9272699948046,719580780613.0183,398732640744.6664,1.0086346302495666,480091091.09836096,206399.23312109278,370985.2458108036,15353.007172909407,18
2024-01-05 02:00:00,37115.40822375905,37320.447600447915,37000.509391628446,37201.527127589565,1544.0563443333738,19500000,0.0002040042246231127,3489148429.228108,37201.527127589565,37208.20122348736,1.157650207754136,891.1111278678129,820.2595077441862,725429778987.9965,358831526539.11884,1.0334609650567734,333225763.6550062,215003.2187205179,621031.6972074211,34485.29440977438,18
2024-01-05 03:00:00,36466.99710096393,36644.946142458626,36393.96434316088,36537.54021717197,1125.9106086693478,19500000,0.0005858305474219876,3902966263.237914,36537.54021717197,36549.02959605639,1.400706293154236,743.2533754431163,655.2197576656989,712482034234.8534,432326877088.2088,1.005993080039674,288513757.2749147,251748.3160281874,325568.78704273474,20359.88166048451,16
2024-01-05 04:00:00,36269.74554160249,36466.80239732745,36235.091776742025,36265.86642653329,1730.6441169251605,19500000,0.0005319829417301985,3276986689.671778,36265.86642653329,36244.03907124544,1.0343644696697254,998.2242946164421,695.3123668609047,707184395317.3992,528679134344.91986,1.0437471699993297,669826291.5639791,221701.9584875891,663054.77686138,37858.519525264484,20
2024-01-05 05:00:00,37069.11073318375,37410.14505846702,36879.49068970883,37224.291520108614,1986.639852832773,19500000,0.00021694201616155676,3395709038.2480216,37224.291520108614,37221.575205997775,1.0005726791035117,1124.0904153283934,1009.3155139628393,725873684642.1179,367621896461.614,1.0260381957407578,358424881.26988447,252051.12104155487,468726.7601409879,23851.82754626985,20
2024-01-05 06:00:00,37009.10833028258,37247.350936497314,36797.08764180961,36963.696917664754,1329.767472142016,19500000,9.495767160746255e-06,3695844050.6516094,36963.696917664754,36978.82977340246,1.1116919439707604,626.579359629517,684.7346834884391,720792089894.4628,492562274098.49286,0.9853501172778597,240454106.37038845,229754.1460119176,538879.7122422203,25643.4230310526,14
2024-01-05 07:00:00,37573.279743767394,37930.226566595986,37234.847772383924,37516.71541152692,2065.0838846831452,19500000,-9.074076696428923e-05,3936822518.395443,37516.71541152692,37552.37931103312,0.9993613474472007,1246.1409999403184,756.5324130256349,731575950524.775,509914058266.68225,0.9957990806213869,683426138.0612332,234815.26873494135,526320.9956437313,19185.473529058134,13
2024-01-05 08:00:00,36807.877804731055,36931.40877800097,36636.86745215942,36826.372199465644,1088.5945717457673,19500000,9.122261828307392e-06,4096212948.3078613,36826.372199465644,36857.64592429485,0.8551558947684864,557.788595976455,532.0066606629431,718114257889.5801,409613452062.0676,1.0122526505871572,582939030.6367828,161100.3859977526,500514.4935466042,33593.459636712556,10
2024-01-05 09:00:00,36497.05993071551,36933.141904374774,36371.57721048582,36679.03994376866,1791.8531419076508,19500000,0.00026314217437537184,3596796025.0737767,36679.03994376866,36642.021290543526,0.902083628380544,739.9005793651014,889.8815514635794,715241278903.4888,454797204507.6433,0.986540933414309,463191142.2155119,117908.99678132207,616840.869656832,26437.273418362616,15
2024-01-05 10:00:00,35920.57339859978,36001.312740249254,35826.5854525788,35992.30019521414,5432.801445969893,19500000,-0.00014217314163782484,4152679603.70807,35992.30019521414,36031.06328096179,0.800570579458059,3503.171090583806,2875.162566407302,701849853806.6758,406870807172.887,1.0459387053374978,336523776.53232306,302721.2105115742,356295.83513057046,33957.58442041065,18
2024-01-05 11:00:00,35840.8082459459,35934.85039531782,35653.20439494868,35752.64922518784,3647.488162946527,19500000,0.0003272271454151143,3502794221.7915707,35752.64922518784,35753.05059589114,1.1114610587805296,1515.7572935763626,2188.4351844248345,697176659891.1628,368595962175.94885,0.9667382159712313,463642075.10288453,165336.5270693344,428790.7533302559,23231.452705587162,8
2024-01-05 12:00:00,36160.19950778851,36530.84645161457,35824.68785535874,36362.2276285619,3273.888941763731,19500000,0.0007399481554009972,3914296316.158252,36362.2276285619,36329.97464698219,1.0022809599401985,1969.866358019691,1021.6815753390117,709063438756.957,409722125950.11945,1.0094831935127315,788966990.0332038,221278.42207896156,373036.1524918651,21717.82003337488,17
2024-01-05 13:00:00,35106.589096444324,35141.89557239824,35048.6356299232,35131.00679115203,1805.5322846922033,19500000,8.14350294617815e-05,3324634300.665672,35131.00679115203,35181.46843311746,0.9304776492380501,807.1023026554087,651.2401717224302,685054632427.4646,327858269449.28204,1.0220634044081518,254324173.6852751,141836.64573583376,315143.72821570013,26331.969462320063,16
2024-01-05 14:00:00,35357.4742982674,35660.02433197468,35008.080072933066,35441.11538575728,1382.9269640567875,19500000,-0.00030331844098499154,3707471854.8901095,35441.11538575728,35496.5197370608,0.8928499410464962,732.6344001111721,475.0679518385021,691101750022.267,457569369712.01526,0.990596590316167,259536771.86955038,207104.8800071354,387608.766560589,33954.00700663893,11
2024-01-05 15:00:00,35670.89738827269,35912.85686936943,35497.162359618604,35613.590114394974,1686.5190705964146,19500000,-0.0003034234238949238,2972486237.9581137,35613.590114394974,35626.544450329406,1.1062891087305697,1109.2699678973702,584.0925135460247,694465007230.702,485262916665.6436,0.9838360200205225,377429317.5466423,88323.29503593688,643392.0616882168,29882.260594908195,15
2024-01-05 16:00:00,35148.894625256304,35459.240624994796,35117.82643455039,35196.41781071528,2917.2453786880938,19500000,0.00033296966551347264,3277257295.250372,35196.41781071528,35224.88444825057,1.1689309768337084,1249.5316494685549,1272.7200553988332,686330147308.9479,372141918754.9038,0.9977175611065,480022014.94476056,146882.63599021605,427327.79201905016,22959.042397695514,20
2024-01-05 17:00:00,34224.122628783196,34400.9157207897,34111.45161183292,34196.495005478144,4601.273490223896,19500000,8.207614631186692e-05,3721282276.5961046,34196.495005478144,34226.15872801248,0.7976361010172758,2761.432215452276,2593.0981375078773,666831652606.8239,413397646762.5015,1.0243599553835552,397809275.39685357,158799.42853648114,657830.8712320902,12617.429714376853,18
2024-01-05 18:00:00,34288.02012187789,34495.10079013077,34229.28038119772,34249.28688963618,4680.609935732373,19500000,0.00036304926881921586,3227600735.522785,34249.28688963618,34300.51601921937,0.7729530775719979,2732.4727861618217,2034.2725581975653,667861094347.9055,347050384254.29285,0.9850045600741644,627419936.7962099,182709.40010386758,671430.2601163003,28088.508227834256,14
2024-01-05 19:00:00,34016.360983230246,34151.087968834276,33624.138580874744,33891.89463784741,4085.9362828575177,19500000,-6.0090274747804845e-05,3709474164.4213667,33891.89463784741,33919.95944906426,1.2103408221246925,2697.7758932716138,2045.1913784244523,660891945438.0244,322672650911.4458,0.9679323643927212,749962360.9080304,212778.3237427682,805345.0295726297,14305.345545447914,10
2024-01-05 20:00:00,34039.562378141694,34067.43215166842,33865.09160975628,34053.384098056864,2061.5668262941285,19500000,0.00034918706426194943,3854536678.8310084,34053.384098056864,34011.57715759257,0.7595518826463165,931.4580746574158,851.3234905987839,664040989912.1089,431019424130.7886,1.0345175433097908,542396319.9654547,123805.15394582138,647645.400316178,22259.00059331569,15
2024-01-05 21:00:00,34097.30206290112,34131.382949082035,33956.860145419065,34071.67713819829,3017.774494031695,19500000,5.251024796508237e-05,3443982645.971011,34071.67713819829,34143.56182664491,1.1157171329853137,1931.1832972532343,1194.733888096557,664397704194.8667,325709200658.17456,1.0119788941880676,607081093.6230183,191950.35449379982,709011.0374806338,21274.621103011836,19
2024-01-05 22:00:00,35079.871486012125,35414.8291867128,34847.62533553372,35184.372977752675,2538.5002553576996,19500000,-0.00011975121659718473,3317521362.6967654,35184.372977752675,35225.385884516225,1.3817928736311758,1358.1899340040122,1396.8619455223802,686095273066.1771,469696515785.4918,1.0302357229146855,540951303.5350668,221165.53873566506,472141.26413485216,14395.47867098836,7
2024-01-05 23:00:00,35103.22194037938,35452.69392673218,34798.994301105704,35019.8457416687,2695.6782414122067,19500000,-2.0299543640715334e-05,3451466571.085994,35019.8457416687,35005.50426717257,1.3824357239045884,1424.9171170314346,1338.8470201951136,682886991962.5397,362972440287.7396,1.0227799519380232,487013906.6390349,292575.46011714725,463084.8820085089,24630.749646333574,20
2024-01-06 00:00:00,34261.51787557304,34319.132312747846,33939.5034317148,34313.7096351484,8254.914083444579,19500000,-0.00025911630662697093,3318354997.7100005,34313.7096351484,34281.810750345976,1.1590196495846103,4197.9152532532125,3345.457361655434,669117337885.3938,465407252813.2716,1.065396679248459,289184809.25083363,194202.55590632756,469286.0950631406,42036.57375650362,18
2024-01-06 01:00:00,34401.78137314394,34632.44059925198,34071.09063174581,34440.40657594461,1235.214454676209,19500000,0.0006968078675744834,3556002705.265922,34440.40657594461,34461.23659639032,1.1523022562362513,636.9658094896744,709.319526977786,671587928230.9199,376459534801.45905,1.0334491610681964,321594925.7354917,145092.02926033625,442418.8960736919,20054.690402161446,22
2024-01-06 02:00:00,34594.19598625164,34855.552344453565,34358.71890685133,34595.73534389681,2650.918842865124,19500000,7.108545593245389e-05,3614311615.674495,34595.73534389681,34589.568306787056,1.568910595103828,1473.8787685119714,1191.7297632665018,674616839205.9878,378225804846.70013,0.9782776131437554,282625316.72355074,118427.80764500808,455856.1722601126,27715.96552067073,15
2024-01-06 03:00:00,35441.50198500337,35846.571492926225,35151.655736915454,35552.63128675078,5463.661528510344,19500000,0.00029335422660465877,3498216800.8980217,35552.63128675078,35567.918753026526,0.6269558643715448,2360.520036531735,1947.699306635842,693276310091.6403,468080633733.53284,1.0141080390169475,457184726.17726105,257120.61541616265,514235.4497671823,44654.34757309609,13
2024-01-06 04:00:00,36171.58371597443,36368.79296324377,35868.539713684426,36155.04133626958,1432.3249647731657,19500000,-6.106073986123977e-05,4098753496.6115685,36155.04133626958,36185.53474547929,0.9113145738666526,755.579723036884,637.3367105729432,705023306057.2568,425185266746.1757,0.9832753383686936,532402964.42024803,195699.4775823005,403058.273181485,28532.069113282356,11
2024-01-06 05:00:00,36488.12550733762,36714.32122822724,36238.73854307655,36417.65979216208,2160.5676938354395,19500000,-0.00021557834659394692,3384417664.61873,36417.65979216208,36400.6730701722,1.1849473815137122,1286.82194260773,1085.4904507450308,710144365947.1605,362381860790.4818,0.986376215084865,271723359.51252437,161863.08330944928,335868.5534519273,18152.19933261746,21
2024-01-06 06:00:00,37524.932174179245,37786.37773733411,37238.76769019569,37502.9604030126,2288.108450833527,19500000,2.9835846724619457e-05,4007023984.931991,37502.9604030126,37464.85334519777,0.9347675393990097,1257.218820546266,938.4305606153789,731307727858.7457,515661580445.01935,0.957624987981541,499459973.0664119,108558.60305193797,475786.14617299236,23649.669964583878,8
2024-01-06 07:00:00,36509.1077848181,36940.09675827339,36480.53611935158,36625.496107923536,2666.0550221005656,19500000,0.00043035776001375953,3298391825.710966,36625.496107923536,36643.28945032774,1.2814031157261232,1199.055155311868,1474.689466745814,714197174104.5089,394269666586.6568,0.9914166045440038,341860551.8320612,128953.09496170607,385169.5989927108,25443.969903177847,13
2024-01-06 08:00:00,36154.518466375055,36207.69735860403,35880.45959388846,36163.47321457347,1342.1410551892934,19500000,-5.621953741948508e-05,3605845824.6832285,36163.47321457347,36147.80040447763,0.9921600816731568,683.0364003149843,617.3086439663358,705187727684.1826,339077550588.1941,1.016351028656041,316337507.27771294,190580.52205485184,393228.16720297147,33865.224469247245,18
2024-01-06 09:00:00,35555.71920372372,35885.02994474609,35161.550786563246,35503.03065394653,4014.39941613311,19500000,-0.0001611595918188246,3940795457.652501,35503.03065394653,35511.7678001712,1.0266989699583386,2139.2272926086835,1767.6582226768992,692309097751.9574,397939486410.70953,0.9980193488459878,377794227.39007777,177807.76184519945,429960.81428058835,31704.53793651352,14
2024-01-06 10:00:00,35098.51487700856,35240.00727481403,35068.690000641014,35230.841124704006,4159.472911480183,19500000,0.00014663927331074305,3924514837.185531,35230.841124704006,35187.037688537246,0.9465467350489742,2498.439166383221,2319.377944597264,687001401931.7281,427444391655.1105,0.9670189479025393,309915240.6071983,100049.1766165511,410680.72061274794,9595.359876941826,17
2024-01-06 11:00:00,34203.7846001567,34564.09318711321,33917.801358187,34277.465109235156,3843.688235101251,19500000,0.0002497067802153232,3466389392.118184,34277.465109235156,34272.24867120675,0.9007728231254246,2576.1547689943395,1686.8999884902244,668410569630.0856,423080897373.7186,0.9543094200259505,618410878.9552385,190642.10226613522,552389.3929093413,17036.930247182507,15
2024-01-06 12:00:00,34780.00718942613,34806.69751530079,34395.21885089213,34719.14150657255,1929.10831629205,19500000,0.0005928544506559549,3747690339.1019826,34719.14150657255,34747.435936598624,0.8963520837040262,1090.1635200418182,818.5651101876684,677023259378.1648,474378250817.04144,1.063355378064417,453632625.175051,109962.08328514892,427902.94810868765,21568.560117532776,15
2024-01-06 13:00:00,34587.306630685045,34654.62328702266,34490.442563684875,34568.63297082132,3112.729880995661,19500000,0.00020612514351174845,3707762109.927231,34568.63297082132,34593.03609258034,1.0557308325422876,1876.6973372814705,1030.6713011698178,674088342931.0157,412826562929.7034,1.009754822591245,672212872.4438734,228319.7338794734,557986.4330711698,16242.944051396273,16
2024-01-06 14:00:00,33597.58493228852,33598.89327142631,33393.74649864099,33569.92522187745,1901.274786077077,19500000,0.0002931978035593705,3433358816.310069,33569.92522187745,33546.81709626935,0.8564896946997242,804.5375210092328,777.1414366516593,654613541826.6102,338509267321.31256,0.9752779249120034,406299633.59863746,171465.7776981177,461023.0172948434,7258.819797474424,24
2024-01-06 15:00:00,33020.582960580396,33167.60932041947,32592.985789802664,32898.234767121525,2524.2560625737615,19500000,0.0003157825710760965,3765987676.879091,32898.234767121525,32863.09075510635,1.2100249469355913,1732.4981806367334,1057.9522927214189,641515577958.8698,339040918299.81824,1.0138535037910863,412491259.8394465,144950.07297696185,434649.0485981146,17717.612027936335,21
2024-01-06 16:00:00,33139.50070112423,33250.305679406505,32790.55838314457,33108.47456562457,8749.34363666468,19500000,-0.00024590461457978905,4160908903.462636,33108.47456562457,33112.30732480234,1.1395633753020284,4327.098199420923,3098.9011128033258,645615254029.6792,310058130921.81354,1.0656755823341826,1026430469.1974953,208467.53168836588,456637.024537404,22002.620035092335,9
2024-01-06 17:00:00,33715.80509359033,33771.770940096474,33628.44102181744,33671.500940066806,3127.0573226264773,19500000,-0.00018899962114086327,3722778195.3606052,33671.500940066806,33693.75890651306,1.2459313072081772,1583.1901121129195,1489.5642509860138,656594268331.3027,440428521820.5814,1.0186138707893768,253475013.8207112,177792.92726547932,341695.0758283777,18815.092045632842,11
2024-01-06 18:00:00,35236.88050241159,35395.83060333221,34924.55911567846,35046.874187518,1646.2194770776287,19500000,-0.00022516888688169507,3751075779.515834,35046.874187518,35064.578997098986,0.7978897322654216,768.5422285765102,564.9045285722357,683414046656.601,329256903296.2079,0.916387963929144,811011261.0469064,226665.78576058222,473361.87476661353,16332.577690003287,18
2024-01-06 19:00:00,37137.82443247068,37303.2074161845,36878.54870135538,37153.711698292835,3262.234504315375,19500000,-0.00029964372670749365,3782959203.0570526,37153.711698292835,37138.39843026182,0.7118448423558464,1387.75789060508,1197.5889152886,724497378116.7103,457696719266.44135,1.0795687506396083,940394113.5170488,166062.40050288953,524309.7209803683,22302.172794561357,15
2024-01-06 20:00:00,37406.886775307,37754.291866091924,37324.008638300635,37466.67480337843,1516.411605548207,19500000,0.0003386379624611211,3189474068.721854,37466.67480337843,37481.57996239392,0.9991631991868896,965.9754786684464,710.1774013445697,730600158665.8794,459609029641.3374,0.9445226055912886,659061227.9230993,168502.32747740287,539377.0197201226,24414.35242707836,8
2024-01-06 21:00:00,36767.574555599094,37095.95690676205,36616.835172177496,36736.14337595565,1636.7941215172282,19500000,0.0001870150274991266,3719361958.0088143,36736.14337595565,36795.0077362877,1.7856100520760816,772.8074742128498,623.119451713028,716354795831.1353,491169430178.5248,0.9938196416386951,425090145.8382014,151552.50201485454,337582.4929299882,19137.802869494153,13
2024-01-06 22:00:00,35237.039038935756,35466.98441619623,35197.928809028854,35206.128689587276,1771.2458216628688,19500000,0.00012384881892743487,3304857636.102514,35206.128689587276,35216.87165271762,1.2881946674920146,858.711169684865,871.2766929683589,686519509446.9519,324304202696.59094,0.9659978709990145,858554594.089139,173814.12945037062,326506.11600721505,33240.461965175266,16
2024-01-06 23:00:00,35361.38555194183,35442.71523646091,35307.09815844193,35398.67560653477,2387.1256730418245,19500000,-0.0006778149546206805,3419667102.196459,35398.67560653477,35344.4042000979,0.8950378584109964,1085.0414369618036,1210.6401900628139,690274174327.4281,352642716478.4955,0.9777999367008036,426573590.8827954,248820.67118758807,397375.23714183905,22411.159926099837,14
2024-01-07 00:00:00,34759.35194847394,34934.159719179996,34563.8898603992,34831.271349931885,4762.2927326981435,19500000,0.0007166430575855856,4261791047.2418222,34831.271349931885,34841.832203181664,1.0886108423666316,3297.723818753782,1859.1377596685502,679209791323.6718,490979507783.7769,1.0085322905494791,365832364.41413856,143531.37874422112,583577.4594501191,16958.863544468863,12
2024-01-07 01:00:00,34706.170346105806,35023.14815000657,34320.95565920037,34546.575914747824,3980.6448151339955,19500000,-0.0001682816012460667,3513010050.6975245,34546.575914747824,34620.64228701177,1.1566378384950329,2524.964560922207,1298.5512409171483,673658230337.5825,418793818612.7226,0.9378692947360417,415375156.8806472,191374.7424807437,462404.38467133266,15719.209890398994,15
2024-01-07 02:00:00,34151.959974868696,34182.26454340465,33908.17853254843,34129.64986845643,3871.888548899735,19500000,0.0007155438267816873,3378798708.7541385,34129.64986845643,34089.12463574777,0.7605772092221337,2628.8957614757373,1730.0974498619698,665528172434.9004,390869396917.4524,0.9972926324353123,386221850.421426,130599.29586201307,378912.6384368219,20663.188421772098,18
2024-01-07 03:00:00,33987.235990282476,34175.56758163879,33722.69278022401,34037.08571086567,1720.788194063979,19500000,-0.0003347724441953948,3931184458.349642,34037.08571086567,34041.50116029916,1.315116393403817,1133.1682965980142,564.1940095815522,663723171361.8806,447550445732.23615,1.034420272682241,332234216.6640663,97082.55428022702,330847.26294674614,30761.715608146722,14
2024-01-07 04:00:00,34837.71191637779,35166.0589604249,34629.600772410624,34774.01077597477,2274.107217015145,19500000,-0.00014372034756696106,3323172845.201877,34774.01077597477,34769.61758626512,0.9670695860488331,1527.9477145871401,1033.742519649687,678093210131.508,488741875805.3243,0.9747027902623735,756341183.7870226,171418.75217659102,385849.29282384604,17203.934510577117,19
2024-01-07 05:00:00,34879.279706407804,35218.55262406228,34783.888114518995,34886.89517733108,3415.2314814513265,19500000,-0.0005608548147528888,3458865452.9245977,34886.89517733108,34893.72892559833,0.9820273016549038,1856.896244949296,1768.6300554845402,680294455957.9559,359809704545.168,0.9582914482017353,356063861.4953045,178545.96532351832,380670.6232480196,26337.88945777192,13
2024-01-07 06:00:00,34762.27248733417,34922.878752393466,34756.856281929955,34779.86285137536,2177.298152012011,19500000,0.00020863749278280926,3961641012.3767786,34779.86285137536,34790.096900905766,1.004768264048908,982.3151277245306,1058.3823181858163,678207325601.8195,488609509114.2266,0.9958208469353277,479445700.7275922,158337.98654773706,533451.5572012054,22660.238801907526,18
2024-01-07 07:00:00,34108.59497078972,34336.234672198996,33999.88201771896,34070.28138087181,2593.6379417096673,19500000,-0.00023037704624336968,3597199292.1430573,34070.28138087181,34112.52757534137,1.257226403891471,1291.7979479604078,1126.8845711993556,664370486927.0004,320630769605.8633,0.9898497552984588,272320773.6325894,111971.9594980463,541722.3337933479,40053.44197901052,21
2024-01-07 08:00:00,32866.19833616574,33101.84061227814,32763.528338229407,32951.336831700544,3717.026673167727,19500000,-0.00022190004622950625,3163903023.4246097,32951.336831700544,32957.42568801161,0.8598163735677666,1812.925696035898,2169.8424374239817,642551068218.1606,477611366707.4583,0.982143169889966,491181500.7260556,175619.5468564507,358620.3638257182,24762.246138413702,19
2024-01-07 09:00:00,32658.68029348244,32904.7505621945,32577.504857066728,32635.66384770125,2503.922194865936,19500000,-0.0003117542651523192,3744369826.5629425,32635.66384770125,32680.611627641458,0.7107788055001616,1540.2630777442002,827.606805013974,636395445030.1743,317851235443.06934,0.9643496177164715,305551708.94767296,173959.6071680224,514336.609461494,17863.80947524376,8
2024-01-07 10:00:00,32728.57769557993,32738.91381593309,32597.270485984605,32603.83835690921,3337.6751961225127,19500000,0.0003332065188213589,3472993466.348249,32603.83835690921,32603.26271466405,1.0667227080773902,1360.7762049407604,1882.4503194878696,635774847959.7296,336878597612.7206,1.0155755374355837,302564692.12339395,130327.37618402539,503909.2038510113,27471.677906208515,16
2024-01-07 11:00:00,33812.16137178232,33860.90401960457,33727.478937698455,33780.665788173115,6610.167203149091,19500000,0.0003134390954702641,4054884816.9629383,33780.665788173115,33772.21600141015,0.6644925467401528,2925.7437184136766,3569.745850612388,658722982869.3757,315513936794.5006,1.017857905343252,464413016.46621335,116032.67449797469,349431.8528834809,27750.429520438425,20
2024-01-07 12:00:00,33846.6965492385,34080.22534102888,33621.24385462665,33872.18279954,2735.5029734972845,19500000,0.0006436101673236356,3415210760.565049,33872.18279954,33852.90332949213,0.9415566911708626,1654.6114725031807,1165.1097324528403,660507564591.03,456478727750.7719,0.9680305979663054,740464985.8412212,152802.72939282432,435058.7072823553,19553.248128850704,15
2024-01-07 13:00:00,34512.93482213951,34628.31583652998,34295.64641770263,34547.97374196481,5375.833468381347,19500000,-0.00010571198632189196,3899437223.091397,34547.97374196481,34488.6518643701,1.2679163172426124,2349.4150484453944,1859.2865781906037,673685487968.3137,502077326682.9236,0.9721823906618872,578625183.8756025,191612.86966303893,473621.6132668329,15534.230521942729,11
2024-01-07 14:00:00,34180.04425717002,34435.96213140234,33860.22717511667,34208.11817376924,3942.9522891056313,19500000,0.0001656458113140401,4132117575.1934557,34208.11817376924,34220.972948715906,1.1227923820480885,1634.3046547043416,1367.2582766649355,667058304388.5001,359606430849.755,1.0040947598201717,594747887.0388547,180622.3529779326,457095.25506317156,25869.257080868454,14
2024-01-07 15:00:00,33393.32600077173,33527.640556697144,33126.79106119064,33410.29593723291,1431.3581149174888,19500000,-0.00028680055922058545,3348989656.0822353,33410.29593723291,33482.261724319644,1.2317934700906084,619.4410496084788,825.2376812803142,651500770776.0417,356816279801.9188,0.97105085025737,460596583.5847326,130586.45156884684,314233.5520153482,22450.19441467859,10
2024-01-07 16:00:00,32750.095566694385,33065.45752604306,32564.15489584314,32774.86067964441,1718.0264278949635,19500000,-5.117068205954026e-07,3529926754.84038,32774.86067964441,32793.15676963889,1.1320954239915817,1043.1895055555885,635.8611652342003,639109783253.0659,341089038138.2261,1.0053598594809037,424212002.4188189,168422.54866382116,454174.3757806641,13975.13520116868,12
2024-01-07 17:00:00,32365.343433906284,32630.49954765728,32261.69932123187,32306.138465320862,1964.9106616586573,19500000,-5.5653593984353244e-05,3698118530.2703066,32306.138465320862,32331.555234281634,1.619418117117474,868.092770956259,1104.7409807421743,629969700073.7568,312747468589.80634,1.0440413958584818,665770953.3059676,203166.59802347558,502450.7872439149,23774.201465452952,18
2024-01-07 18:00:00,33597.585760867565,33880.61173276268,33408.0712477513,33714.45415858232,1944.1546640138897,19500000,0.00023933498724862623,3347274735.110422,33714.45415858232,33703.90047832492,0.8890089948913817,862.9933574262748,876.7915239651771,657431856092.3552,451151609135.4727,0.9982053195631506,387307355.1240678,121398.47219981103,606778.3420664674,18195.00037385956,14
2024-01-07 19:00:00,33225.62562339067,33482.42485149039,33148.01310112036,33168.44322392843,2849.375501429886,19500000,0.0004051065419254573,3663275742.679469,33168.44322392843,33163.65591003465,1.0828823572656192,1336.6137221579124,1249.5092590447416,646784642866.6044,302834887300.53723,0.9635915089768228,677400788.1087068,165344.89466621957,387023.91267874837,13979.110504014165,11
2024-01-07 20:00:00,33707.118319702146,33824.19627092064,33561.87943751014,33732.73404885128,4053.4434119668954,19500000,0.00039732000724944995,3520984155.113818,33732.73404885128,33769.32197171557,0.9161051812183183,2534.509578857003,1969.379183458138,657788313952.6,486981895350.1566,1.0117631049196525,795418361.8903017,227501.0755473708,396689.59159803484,19818.38055611671,10
2024-01-07 21:00:00,33157.32875070669,33321.212089786706,33003.0485619754,33132.35041845645,5583.545279389883,19500000,-0.00015284368166528325,3515313664.6974425,33132.35041845645,33202.21639507171,1.2108956034780625,2569.0219789956545,2035.2677206688168,646080833159.9008,470472610925.0302,0.9946703581144115,346517987.35651594,118334.0647997322,424312.9904128107,32366.38361010042,16
2024-01-07 22:00:00,33682.725164144584,33825.484324703466,33538.62581452261,33758.81672075855,3477.5647536174633,19500000,0.0003995403713868998,3598975546.221745,33758.81672075855,33812.42396408522,0.9877605437744257,1427.9319712849867,1490.175453363243,658296926054.7917,319624042454.8645,0.9954952888752606,367495562.511901,217266.84396609198,468946.1322693648,31647.627049632232,18
2024-01-07 23:00:00,34113.54012355594,34407.218872072495,33927.926203033974,34023.13174390302,2385.4909280018614,19500000,8.677445886766089e-05,3605409441.5240784,34023.13174390302,34053.93100120071,1.410252795472047,1602.4750162214636,1387.2711128525818,663451069006.1089,403946930597.6969,1.0142596861863638,390025155.94629,243969.1015050353,451081.6090856786,29261.432488446244,15
2024-01-08 00:00:00,34004.60826350278,34284.489182260615,33687.469726414565,33920.10412839279,1052.453493819025,19500000,2.620931230895522e-06,3632222153.8629704,33920.10412839279,33924.68845011873,0.8992778819716557,697.6667137304992,390.9623493447905,661442030503.6594,494662999321.6549,1.0207311220833497,269806326.3339677,153960.07872124558,499249.6736480483,23879.362401075978,15
2024-01-08 01:00:00,33960.90370638602,34267.28188656188,33610.80614334654,33895.851430595954,3088.049027218828,19500000,-0.0001125534460456755,3417222393.400914,33895.851430595954,33906.349616899206,1.325017020668726,1406.4386516665033,1780.183271915493,660969102896.6211,466502590350.2583,1.0010650649641992,402111072.1685262,149379.87621405447,353261.0890483998,26337.239336262868,21
2024-01-08 02:00:00,33356.83732219068,33751.7872532241,33100.484359176044,33458.1992564169,3019.616443524259,19500000,-6.79807383084656e-05,3429177460.9134307,33458.1992564169,33436.33407830794,1.125950880887983,1448.2164315838745,1806.5245175149798,652434885500.1295,433569155658.9744,0.9981795904987215,816534640.3496665,210717.48987148498,478959.2203783209,22688.044130733695,13
2024-01-08 03:00:00,33817.39074042284,34141.90115789399,33549.46821926075,33761.40615396071,3266.467408621841,19500000,0.00062269415385887,3551063570.523622,33761.40615396071,33715.89012271043,0.9935288150701079,1491.3621119795976,1030.8061640230967,658347420002.2338,300692470645.55383,1.0619062447142018,319340913.05505043,155354.89226935044,381382.0562410799,15811.37271433716,12
2024-01-08 04:00:00,33486.01983161742,33562.48054742446,33278.803399616765,33458.92779732626,8545.158539436092,19500000,0.00019222322994820706,3572099619.9700937,33458.92779732626,33424.57222521155,1.1145920545115875,5262.624428782849,3925.763215957743,652449092047.862,306985932065.6564,1.036016619967219,824327486.0642751,90374.58114584704,429910.88396100374,16786.821622652616,12
2024-01-08 05:00:00,32547.183227309575,32956.27330248154,32537.066202287653,32652.013905476444,5543.039486680765,19500000,0.00015238355425036148,3461237609.975312,32652.013905476444,32656.905178286695,1.0536421512268082,2632.9585297968792,1948.632194837015,636714271156.7906,438190027456.8464,1.025006383541955,407936554.589238,158784.20392263235,622564.6301409081,18358.45889246728,16
2024-01-08 06:00:00,31829.68000600454,32013.051003735793,31599.572427566287,31831.22683707325,4413.972952451755,19500000,2.1325942438915987e-05,3679030750.3062425,31831.22683707325,31825.115487848816,1.0737862307981605,2999.007391671639,2147.460858719459,620708923322.9283,349417819535.91766,1.0039361783764058,1130147796.9072106,183065.81135205328,334486.37933575903,33537.10520749346,9
2024-01-08 07:00:00,31967.77440889747,32102.836684213107,31770.39268447879,31944.4846760998,1842.6525854023348,19500000,0.0008337935834314085,3100468481.5678916,31944.4846760998,31900.73856654857,0.9594700150529598,1194.5774961705597,1099.8107685864256,622917451183.9462,405226217451.8427,0.9698277029231508,369357206.803431,195833.6715501836,418363.7323919282,30424.61364999439,19
2024-01-08 08:00:00,33009.41751581586,33194.39367478554,32883.476096066755,32972.746857341066,2306.5371866240253,19500000,0.0004915031466539274,3381423796.416211,32972.746857341066,32974.81347769753,0.8690820828431857,1329.7655990668977,1312.567897163631,642968563718.1508,431917018393.2033,1.0338215915780198,458012585.0935517,130593.23679129893,342857.725466214,15931.231884227895,22
2024-01-08 09:00:00,33093.459333233885,33206.83830480664,32973.27528572882,33081.731107479594,2842.8936308172615,19500000,-0.00011631863443963777,3505523743.8571844,33081.731107479594,33074.505054219895,0.9351818992218458,1144.7805789597332,1641.641829536732,645093756595.852,371996703584.6304,1.0043288244015407,337112335.9682987,152138.97938448904,456166.70138806454,22382.111714366612,11
2024-01-08 10:00:00,33025.85456804606,33121.15166447671,32697.81716817438,33006.62943313572,2022.9182741240184,19500000,1.791548358861275e-05,3347604274.6019087,33006.62943313572,32971.2183085316,0.7141737523697239,1345.444606806987,736.3522530762036,643629273946.1466,317318580905.96704,0.982684929585306,368488363.31192243,207778.27738908876,545602.835799714,19520.448910644373,17
2024-01-08 11:00:00,33297.01802685531,33377.368505473074,32991.88956890436,33199.172668739244,3828.514938604067,19500000,3.5726636988726905e-05,4083971836.5712414,33199.172668739244,33190.202949114195,1.1833976512445283,2367.2798760895193,1771.438087334857,647383867040.4153,366424674998.19446,0.9927057863923692,828619537.9022498,160331.74351225822,457682.5148790763,21025.04947963401,17
2024-01-08 12:00:00,34164.73792142754,34192.89922799947,33918.97206550806,34081.168584679144,3563.342987331725,19500000,0.00014376159348477983,3590326375.6010156,34081.168584679144,34073.63824821244,0.7811150768836457,2267.6124837720477,1320.037932843196,664582787401.2433,472727394857.8423,0.9710145230128555,586577099.317868,111058.8479488513,432205.6645704484,18754.46533629915,12
2024-01-08 13:00:00,34038.15249913903,34404.45293050034,33826.80221047678,34234.45663611631,1729.9470904559319,19500000,-0.00011036779778943056,3635969315.912488,34234.45663611631,34216.76984435296,0.9574043954110754,729.2549772835881,985.77127392422,667571904404.2681,366714426190.7852,1.0317198712895759,732172801.4868368,221772.97498533654,577047.8470084575,33580.723865345484,16
2024-01-08 14:00:00,33936.08890186812,34259.110818631685,33795.68093863633,33957.64783517709,5423.021191536479,19500000,0.00023164495700850899,3448970243.748588,33957.64783517709,33992.51113907543,1.1383831979122705,3321.9695221867464,1937.8960040474806,662174132785.9534,310423811849.55444,1.0204911124936535,286647638.66881335,154271.95174377837,472645.29767623136,21901.886177840268,12
2024-01-08 15:00:00,34709.39897659649,34939.62662862362,34546.20153547322,34720.832618132,3137.4171192142403,19500000,0.0005356264396117943,3580390416.7467837,34720.832618132,34658.23437476759,1.1827938901722477,2012.266684232085,1086.135133998741,677056236053.574,499491078384.06586,1.0054489738458505,630441787.2946081,213801.7995027929,521212.5543109907,23502.146617366958,18
2024-01-08 16:00:00,34900.6218808658,35205.81372851619,34799.302144897105,35023.35060608387,1255.720043183719,19500000,-0.00029408843270124893,3252792590.186725,35023.35060608387,34957.303606859605,0.701222255436784,862.6678744968704,381.2978710814623,682955336818.6355,446791479858.2608,0.9987164327912419,328952089.4363544,114821.70650331465,510451.7910557413,23559.336184546442,8
2024-01-08 17:00:00,36126.20374103329,36281.038091900264,35960.52769655168,36119.40006991309,2905.406442408364,19500000,-0.0002384440211276201,3536539830.66409,36119.40006991309,36123.13069048314,0.9817980779449511,1668.1133723383207,1030.211678185935,704328301363.3053,431229950825.4055,0.9795799336825047,284166983.89147717,157905.7023233983,248886.41809992676,16182.229060159922,19
2024-01-08 18:00:00,36346.18365942256,36514.975927441155,36007.06883333126,36255.63464830108,3430.9869111133703,19500000,-4.494756658919207e-05,3326010337.2080774,36255.63464830108,36262.74536402428,1.0963088430013042,1895.320247797537,1224.618226466065,706984875641.871,493993100355.00085,0.9360978206872443,533786474.0032402,184874.77924204196,435681.2769661072,22755.590019800977,15
2024-01-08 19:00:00,35305.18816864483,35456.12490148663,35291.08659683487,35382.07822665805,4848.3619311018,19500000,-3.103866803234888e-05,3506231718.40486,35382.07822665805,35399.91840604374,1.0104575235056088,2558.088053089082,1567.2187219004745,689950525419.832,395581894204.4441,0.957612193100198,531607149.3032085,159247.32640450547,356605.39247912786,30293.699922726722,10
2024-01-08 20:00:00,34453.64573887994,34737.17715066619,34156.74908753184,34430.48084672717,2518.1047102670927,19500000,0.0006995397624237792,2921043273.0187306,34430.48084672717,34415.36677775815,1.3084130511622558,1537.0166279136438,1410.9503010192395,671394376511.1798,500547830723.34875,0.9777206398144213,495629046.381427,121085.04748048297,374795.7991985114,34262.51901682929,13
2024-01-08 21:00:00,35524.673220039964,35660.46550250699,35424.145662869414,35589.86128106982,4509.624338179532,19500000,0.0004005127660044516,3275576572.8753433,35589.86128106982,35560.751486308094,0.8484353589171014,3049.617185328389,2408.136432000683,694002294980.8615,490848336224.14905,0.9732110085395844,646460958.3165073,89616.89785281896,594167.9018588009,15609.820426319782,15
2024-01-08 22:00:00,36792.329591934795,37105.85553949252,36541.19994307308,36841.838540514465,3273.355856250889,19500000,0.0003832967056354792,4030330068.324285,36841.838540514465,36845.253184589026,0.6637775331785407,1898.3058528095573,1231.909306770008,718415851540.0321,383751470034.5745,1.008680818738482,688087471.7953041,238188.17282338307,410462.10564565565,13966.538335115889,13
2024-01-08 23:00:00,36821.95101941181,37101.79232809979,36477.503755174344,36713.470524130535,1544.526539560831,19500000,2.0690291945979863e-05,3831153692.3199944,36713.470524130535,36700.93000532675,1.1759369138518472,723.1243007196306,826.286654892134,715912675220.5454,401852090989.90826,1.0243448122591996,873389114.5882033,173166.62330955215,645973.4217788809,22440.897940558625,8
2024-01-09 00:00:00,36397.28852305873,36646.29073014276,36159.74960903036,36436.82669358405,1469.1166977126688,19500000,1.4105977963955777e-05,3983884346.9732466,36436.82669358405,36496.98649621422,0.898150864778391,595.3921342382629,626.797704778244,710518120524.889,378509266037.27246,0.9961468234329689,301374067.61110085,217880.11584686456,333855.09013618244,30722.675381789217,11
2024-01-09 01:00:00,37555.989370027964,37880.06990767716,37293.12584184618,37521.30373964312,5225.365022062439,19500000,-0.00033551162412961955,4005834264.7273154,37521.30373964312,37512.89044089197,0.7034854256785016,3060.6736186935186,2783.322516128845,731665422923.0408,473974509305.26556,1.042267508053643,884741878.9083906,205287.61500091868,356206.4807998083,24535.56401120129,15
2024-01-09 02:00:00,36565.98735466325,36810.172513059595,36215.282297836406,36703.34729140677,5420.7642454600245,19500000,0.00033452206841434517,3783211140.1754937,36703.34729140677,36705.065553041684,0.968794776854785,3574.3400936061885,2151.51377266144,715715272182.432,459345760599.7426,0.976513068412401,1030102960.5366946,188945.08693916516,515282.27288943983,27013.413632463056,12
2024-01-09 03:00:00,36190.300220538054,36509.360139701814,35872.71616333319,36056.00475882586,3503.2788218889236,19500000,0.00024731638144263564,3457357843.1993666,36056.00475882586,36148.86404752317,1.2790423005416331,1470.65046656292,1644.4260045701926,703092092797.1042,426602366190.7475,0.9959338861975516,419053013.36166835,150191.38521080156,413215.9828110082,14646.04033670707,11
2024-01-09 04:00:00,36570.59610320682,36837.34585632143,36259.079391492916,36526.57044913411,6297.155865910701,19500000,0.00048579920940348503,3299444389.082189,36526.57044913411,36523.10918303666,0.776739286474883,3269.9327075527253,2610.0650786012266,712268123758.1151,526901849125.19946,0.9984703846216721,248910344.3578026,183954.13356424106,470459.6466221894,18553.314934135924,20
2024-01-09 05:00:00,36229.82897988924,36532.54904536926,35974.24589364318,36243.05768453842,5055.86848854782,19500000,3.675108599314982e-05,3929348874.986364,36243.05768453842,36266.83881565394,1.5955191844923653,3448.173484817731,1801.4198213697732,706739624848.4991,418165529179.39984,1.0327655898650325,278965990.574295,232846.3881012291,432586.9539432365,11397.693715545453,16
2024-01-09 06:00:00,36284.688377235536,36525.82905385586,36157.33896258206,36242.96934819476,4195.695361417774,19500000,5.746625613988094e-05,3603478399.3244214,36242.96934819476,36270.01781811325,0.8457120710046476,2309.74329790103,1995.8497608956043,706737902289.7979,484197952286.0146,1.0031766124624653,403327501.0704595,166167.68898572176,429976.0345048007,21104.753642975746,11
2024-01-09 07:00:00,36026.43353859934,36434.07166734841,35924.36854873373,36128.302303644494,1890.022959064658,19500000,0.00015101365856819073,4376529192.112926,36128.302303644494,36158.3394335645,1.0175544707670863,881.1239197479649,992.733122818704,704501894921.0676,456114629841.2602,1.0040070674367438,1085880087.964593,261823.33491832847,416296.4002988199,11507.26861015647,15
2024-01-09 08:00:00,36462.71806149499,36824.828899879634,36222.44160099245,36376.68496498669,7084.852799257175,19500000,0.0003675692726521286,3481719653.2746778,36376.68496498669,36390.85322053843,0.7836235940357699,3585.622205371602,3726.1517757235656,709345356817.2405,429477034947.0303,0.9503547065497624,488491192.73418194,111875.79127298402,458583.95967955835,32853.005473582096,9
2024-01-09 09:00:00,37394.71948204694,37576.186427511646,37290.87511994277,37418.965832536065,3897.734305926268,19500000,-0.00034106468662924367,4197822050.709447,37418.965832536065,37429.96105118231,1.0083567944218113,2036.3395989995156,1585.9367383643096,729669833734.4532,337566084144.49646,0.9730027987236773,379030165.90616626,108909.53333413698,502991.05091673293,35117.20430022242,15
2024-01-09 10:00:00,37475.266654853105,37795.70963193994,37337.828700590835,37490.56801892213,2457.944259504687,19500000,0.00032081684012151237,3540226895.2600274,37490.56801892213,37498.078665241796,0.9736050364040437,1069.665030400129,1119.872661898595,731066076368.9816,473181426554.9358,1.0328785682109274,368827309.5485072,208359.202351674,611019.6696535076,22975.71454267814,19
2024-01-09 11:00:00,37942.97454452286,38263.114803619,37794.632458300934,37980.3210206989,2134.238094027674,19500000,9.385133134815084e-05,3989309071.35999,37980.3210206989,37962.24261948817,0.742376478946023,1276.7816313288604,1129.2970423593108,740616259903.6285,476052227341.3674,0.9377397320920845,285830938.53492254,132629.42841651436,424852.56971288996,13991.818818739635,23
2024-01-09 12:00:00,36415.79969600236,36623.24666753221,36195.89758705591,36458.1386346818,3389.3447437321556,19500000,-0.00021759118038610888,4106082874.022263,36458.1386346818,36473.65225818738,1.7597388085254937,1957.852614363441,1072.2167637820035,710933703376.2952,346553305948.65436,1.040289779572919,688365436.0080734,271260.32024716504,408918.9875161001,24654.477258291965,19
2024-01-09 13:00:00,36476.88326103039,36815.005365552104,36346.176984846454,36426.27473593008,1292.6768922773429,19500000,-0.0005253817257962198,3303221382.374454,36426.27473593008,36503.8133740196,0.9056816324068414,768.2596759558005,415.68158386790907,710312357350.6365,489245033527.5189,1.0149899346686269,467622779.47850585,227370.32225947172,398517.8976329647,38474.069256038485,14
2024-01-09 14:00:00,35839.026487954376,35980.38490132926,35532.59004671257,35820.69296654314,4229.489747418349,19500000,5.905788643649399e-05,3448482629.6082253,35820.69296654314,35867.64250078093,0.9058400702163237,2466.796902230067,1746.2159906627667,698503512847.5912,412185683111.0369,0.9775743601490874,1123743999.365057,242048.3737493732,593597.5069868544,25405.491994900774,8
2024-01-09 15:00:00,35007.14307437711,35205.09653672478,34808.601213668,34961.57079680242,1850.506367260903,19500000,0.000534313894982221,3300572126.1228604,34961.57079680242,34975.692405332535,1.2138621984669173,749.4580774612556,679.2125963600982,681750630537.6472,373083808653.9643,0.9750385307077813,623764691.693955,203030.0093457807,507912.7599457986,31429.279235253023,15
2024-01-09 16:00:00,34355.73093380749,34392.7331517375,34113.09560706173,34356.335240408094,3587.834350289591,19500000,0.0006024054000224185,3248971887.5187097,34356.335240408094,34389.174049384594,1.4374216339203796,1622.9168814728705,1479.600662529341,669948537187.9579,467079957309.5189,1.0568786589954493,676183148.0785853,129262.96464642105,302607.9386263018,19042.915211846677,16
2024-01-09 17:00:00,34165.96038773606,34243.09865110607,34103.131340734115,34130.928415706396,2296.6109869120646,19500000,0.00020661286320102892,3781419662.0601664,34130.928415706396,34104.67572782643,1.2526826523958603,1032.7207384029925,753.577602052356,665553104106.2747,368058379233.9416,1.0423421741943826,440384192.0773285,107491.23624950151,299951.4356719632,16960.408339032998,25
2024-01-09 18:00:00,34736.25545096784,35057.64952526819,34573.007071133645,34765.37832105154,2611.7888368023905,19500000,0.0006886016991526743,3528962411.905523,34765.37832105154,34759.79805528566,0.7864422194449706,1121.4641142593437,1247.396640785242,677924877260.505,431536631173.85803,0.9964167768536951,313587148.39911014,236528.42436860196,374740.25967537833,21563.156016212473,18
2024-01-09 19:00:00,34009.62970436281,34144.49581697947,33849.083587012006,33858.63833635214,2041.7142725033343,19500000,8.711767511297654e-05,3599962644.602054,33858.63833635214,33894.11710525717,1.0437101344336728,1267.1751239671376,1023.9649353031857,660243447558.8667,419501811044.87616,1.0040377518835715,342084249.36720026,111871.69894410839,463253.2171264298,12357.128642150345,18
2024-01-09 20:00:00,33776.52394327409,34016.30223996514,33548.22504305353,33882.77561222509,2750.080008973576,19500000,0.0003859910654928343,3748040963.8971925,33882.77561222509,33936.55324210012,0.6864138889855798,1199.1480891507515,1478.3114280084271,660714124438.3892,307788253559.5766,0.9806145591726918,280560858.13564354,241885.90376896752,439461.7546376442,43443.93644122497,12
2024-01-09 21:00:00,33644.24790735941,33727.00637092451,33444.266987963274,33559.61476571443,7667.069689128193,19500000,-3.536926667192817e-05,3089913868.8308687,33559.61476571443,33537.10075541956,1.1976257033361122,4603.755033753147,3796.4023169184447,654412487931.4314,377497902018.788,1.0040435193347832,698298966.5942581,192413.8288320607,490389.7246410099,22968.868026348293,20
2024-01-09 22:00:00,33434.9586924147,33599.328404614695,33027.22004537848,33343.73640149773,5958.236419626574,19500000,-5.437965178524457e-05,3973611756.148026,33343.73640149773,33330.94613402162,0.7210566108099211,2702.1620598167274,2495.991145024249,650202859829.2057,336046701017.6226,0.9797828893429211,415932657.91171926,159681.55608913163,427158.88181527564,28567.697096125088,17
2024-01-09 23:00:00,33964.617655554415,34296.762882493626,33854.53010533597,34022.602977011884,3559.0163429211634,19500000,-0.00010325273506419086,3486180171.2053905,34022.602977011884,34100.22131988838,0.8515983659863736,1549.9268945439512,2065.932352351857,663440758051.7317,338269334488.236,0.9976437092747746,710159546.2877907,181772.63395303045,585068.2313949208,19178.544159833225,14
2024-01-10 00:00:00,34547.529523245204,34856.786611114585,34200.265017618134,34394.181441158304,2943.494815762859,19500000,-0.0005181586841372936,3740900162.222335,34394.181441158304,34400.93168619273,0.9993599041425538,1320.9198329572782,1524.4348018391506,670686538102.5869,433591178647.91876,1.0543098813929423,512271727.9747104,182831.9554759851,516289.1603369804,13864.322447768684,18
2024-01-10 01:00:00,35400.44424165423,35425.265062075385,35239.16739898597,35330.102693799956,4546.44367003449,19500000,0.00048612767798407344,3767422912.740539,35330.102693799956,35398.05526981281,1.0930820906985361,2512.005771054077,2083.6550189758646,688937002529.0991,312379881523.40607,0.9971315786034872,431540817.17195475,154723.8823086478,449331.1044823561,33784.06258797483,8
2024-01-10 02:00:00,35293.03545970721,35495.907144213525,35006.18714205512,35224.61945579917,5244.7622821788045,19500000,-9.248973174140486e-05,4000414128.6155567,35224.61945579917,35235.42838802744,0.9491514304332676,3113.5256093239414,1898.8930505611806,686880079388.0839,508788349371.42664,0.9685593435617912,303884686.29520357,232447.99666413254,556302.7203378147,15721.2710076231,16
2024-01-10 03:00:00,34743.15051340201,34905.49600291789,34578.94733127534,34741.203464400045,1968.6253945154242,19500000,-0.00014043163392655887,3554966258.8578796,34741.203464400045,34753.230184023676,1.3550207059334094,1266.9629271905235,973.8642101428946,677453467555.8009,385211762817.61316,0.9590088385604508,547379603.4974254,230464.06179693312,318131.07269837655,24456.507846343327,19
2024-01-10 04:00:00,34574.439946388185,34801.94424117315,34446.29730068958,34589.46742063342,2867.742936805036,19500000,-0.0002539915044838026,3024794533.391485,34589.46742063342,34582.35960026947,1.1556326193833981,1257.702181720396,1369.393587954856,674494614702.3517,363984987853.1031,1.0038135327209343,444538308.8843206,169213.21491775618,434949.4330566446,25157.85476321021,25
2024-01-10 05:00:00,34746.54895237215,34916.58550030348,34675.77393298323,34761.10751787598,1198.7335281113715,19500000,3.8692169039115104e-05,3601334143.1566577,34761.10751787598,34797.347889243334,1.137627496972962,701.0865253453345,605.3592325806349,677841596598.5815,492107793294.39014,0.9771731453652163,696009293.6689466,140084.54375972706,454749.7111634591,22520.59248309661,20
2024-01-10 06:00:00,34914.82015095571,35054.00627319778,34848.66373541908,34887.5708232802,5226.781915384074,19500000,0.0006290476931679228,3642938775.091047,34887.5708232802,34938.429140811015,0.7820159201492475,3304.1200132368585,2792.8652137068393,680307631053.9639,405464465603.28345,1.007398094259476,364426604.46673894,225593.16724235314,499022.91722940205,17406.94823153072,13
2024-01-10 07:00:00,34238.17743325401,34399.740788848925,34101.56770541255,34142.49743564958,8370.861864491344,19500000,0.0007281336552468152,3300233733.581906,34142.49743564958,34110.574124404666,1.4047699876260404,4132.874906730106,4809.184747234049,665778699995.1669,422301815190.2467,0.9514149072061436,620752561.8692552,98160.57184064771,313943.02501643205,21059.56918428627,18
2024-01-10 08:00:00,34220.16964037589,34419.33072954184,33866.0156713232,34207.764932089,3102.741369098261,19500000,-0.0003982600627406249,3627462671.882205,34207.764932089,34199.12916294167,0.8516215603213365,1315.2975953987998,1814.2255550161688,667051416175.7355,439423605476.65027,1.0207075040372764,935263968.3403476,181856.49240415293,419961.62566672196,16563.963683831375,17
2024-01-10 09:00:00,34305.05361287499,34539.87847597267,34163.61019697498,34367.70205864145,1030.18629886071,19500000,-6.334398792884685e-06,3482856144.244383,34367.70205864145,34402.587974933274,1.415536323650619,460.2705378984123,503.8184306673468,670170190143.5083,476774743217.8626,0.9681950538462099,541050060.5337348,195808.76576545867,479304.8764817176,28078.32787534072,14
2024-01-10 10:00:00,36205.61461643107,36376.55741680047,36145.31759782294,36146.01511032242,4041.799361413302,19500000,-0.00021030733102810956,3219782617.264142,36146.01511032242,36144.94704481457,1.4984616443012702,1727.7382495378367,2383.7999549623464,704847294651.2872,344615769750.64734,1.0013889177783202,664215086.936229,132311.20512056502,486714.2261850813,26146.329026672018,16
2024-01-10 11:00:00,37601.51000179294,37909.02842766502,37174.70736839693,37532.36407143622,1896.8604750721768,19500000,0.00039650132236345587,3782756416.702386,37532.36407143622,37517.59938481082,1.107971988061709,1263.6193635196848,1087.7104799495448,731881099393.0062,347274620271.6941,0.9898509034768008,609869829.7277805,207616.18130374828,560859.6462640722,21885.492865502485,15
2024-01-10 12:00:00,36949.31831261887,37224.830162392995,36893.6303335428,36901.003126007425,2139.4953857686432,19500000,0.000185978064188178,3426831766.1515083,36901.003126007425,36941.946344495795,1.2292480236453653,1097.5835986878787,643.5266371618382,719569560957.1448,538319512271.3536,1.0515516688683662,1036625531.8627436,161684.71831053728,515195.16369041224,18573.56400193026,18
2024-01-10 13:00:00,36747.89539339744,36873.3448053347,36539.59334807567,36693.185933416884,4077.699233149626,19500000,-9.097079821395047e-05,3470240243.064165,36693.185933416884,36737.344465619564,0.5397852236019935,2271.2971550094867,2003.3134458911338,715517125701.6293,323889660227.17,1.0051446752028859,562906539.947132,141998.95387981727,437062.19653859484,41448.01912576873,15
2024-01-10 14:00:00,35619.03640002456,35923.65971483254,35363.477797515654,35638.34726159556,3385.568312734909,19500000,0.0001217719241773057,3454673165.7259893,35638.34726159556,35625.886595350916,0.9617502445265623,2134.961199830998,1196.9366074384843,694947771601.1134,460374006985.8096,1.0583641584434378,641925968.2124501,207068.68626550055,506355.7425627594,14903.938772594633,19
2024-01-10 15:00:00,35157.866161553095,35523.99433306615,34836.31258330229,35223.31030896812,2335.4166997789966,19500000,-4.322558642231253e-05,3957341458.1182303,35223.31030896812,35234.31289211357,1.2466165581882755,1194.4477656002841,907.4443663960394,686854551024.8783,434998455411.6782,1.0168222720018727,478176078.9326906,124067.23220146232,424950.20353507885,13857.973791143544,20
2024-01-10 16:00:00,35388.336627791934,35504.304173412835,35136.058027206556,35449.891353371786,2154.2484264917634,19500000,0.0005842738283124689,3573197560.4563184,35449.891353371786,35410.59604228903,1.2031005950599942,1281.1978823056536,838.5413290959423,691272881390.7499,425661857693.52704,1.0427621776693743,355929980.5869144,202257.78661718036,455592.8380231117,21491.186628361796,20
2024-01-10 17:00:00,36200.067118613544,36530.487099045975,36032.234284160564,36318.86345141464,3174.5400275225743,19500000,0.0002640878545048115,3607670050.848464,36318.86345141464,36289.97248884876,0.7835309876977994,1342.8429900129756,1412.4763221099386,708217837302.5854,485659240108.8925,0.9937360538073123,299231992.671875,99152.41062332089,518637.50544126274,20385.635752329476,20
2024-01-10 18:00:00,35813.65942502099,35915.84009070735,35447.87742121058,35796.69547044168,2429.0784451941295,19500000,0.00030094702627493137,3460742878.1886277,35796.69547044168,35804.719844991414,0.9429477482854134,1322.0786408819552,736.6419731818376,698035561673.6127,521950426187.7007,1.0103650914847098,805335586.5816789,174804.9590553114,438423.159857368,30615.899252730676,14
2024-01-10 19:00:00,35329.05607215373,35596.13958530898,35315.16490527469,35334.95338988524,1711.9381576795236,19500000,-0.0007000752434098692,3720148209.794368,35334.95338988524,35339.59664259949,0.6021353042481887,734.3456134098282,634.6821078062109,689031591102.7622,319755959651.47925,1.0365593076705686,324130331.78337973,164548.5576732258,475631.1490663744,26737.83644257495,9
2024-01-10 20:00:00,33823.184917468076,33933.81063987161,33489.38654286757,33852.97470272999,2524.2983180817873,19500000,7.996339635135676e-05,3993546195.2954288,33852.97470272999,33823.62836832623,1.086105723469591,1197.7422988503595,779.3424902269305,660133006703.2347,418761411562.26447,1.0271487984575214,653822064.5917596,142212.2669758494,536199.5973565287,22222.435732151418,16
2024-01-10 21:00:00,33546.91067218724,33972.968100766484,33261.9660470785,33746.393624689015,3532.6243358340416,19500000,0.0007249632877177102,3775614037.6459484,33746.393624689015,33725.60672616268,0.6861454275261338,1723.9286182108517,1749.2410070937333,658054675681.4358,437628272918.49426,1.015929798345537,573005946.3237373,179405.9182103719,510136.17157400405,25593.695608485476,5
2024-01-10 22:00:00,32957.78552627795,33124.50250454377,32651.630763544224,33040.20878551899,2726.9751400848245,19500000,0.0004978387210110053,3787414210.782127,33040.20878551899,33008.32351804837,1.2536954734211072,1677.840014272092,1545.6120778699224,644284071317.6202,349061378620.1012,0.9901619550163682,700366367.3069927,159549.1760782153,566195.3116095612,25454.548384920778,9
2024-01-10 23:00:00,32768.760958034945,32936.25643602521,32612.169101676245,32695.468138422544,1470.3352292398122,19500000,-0.0004541268757760909,3763060464.0425143,32695.468138422544,32713.616080289168,1.2668645279523636,885.4818316796631,881.2257141380043,637561628699.2396,457678980546.512,0.9952367051857984,394888968.507999,211858.50611174313,704814.3118045751,41401.277468093656,18
2024-01-11 00:00:00,32087.582826285405,32435.09496225951,32041.87147434846,32130.29208129911,4887.969742573674,19500000,5.97225019492179e-06,3210140647.45531,32130.29208129911,32070.284288406918,0.9094881021285729,3050.6993580217595,2124.1506772282382,626540695585.3326,367840696841.2257,1.0341298585481007,353611013.21286327,187219.63909169644,509194.60709441383,23765.946533658058,13
2024-01-11 01:00:00,32096.113114829874,32218.498013688226,31860.237619387015,32072.982613613665,757.9324620905564,19500000,-0.0002604558397756164,3342251415.899597,32072.982613613665,32043.745612979015,1.1098836456496735,317.2148313359562,286.5305562920324,625423160965.4664,312301014309.8773,1.0403773374619643,564442307.4840175,182257.09118431745,403423.2305453189,17955.950805912347,16
2024-01-11 02:00:00,30882.021889986478,31239.35587503512,30722.714065426044,30968.155816159953,2384.6733230793184,19500000,0.0006133304681088611,3526603306.449927,30968.155816159953,30913.5607676119,0.9575093961039393,1664.917541391266,1325.714013607805,603879038415.1191,426533258392.6139,0.9822141181216099,431623108.21014196,175074.2241334548,490099.9405343675,23377.99162555181,19
2024-01-11 03:00:00,30162.270405949163,30459.955299288744,29918.383585975214,30075.730170185554,2186.1576249972427,19500000,0.00017328348468277256,3382668989.156347,30075.730170185554,30091.340093819952,1.0495711781648605,910.1542782138262,730.0619942855194,586476738318.6183,429815714946.4896,0.9776872307693509,296509158.7167371,144633.52175379443,485902.70302261546,10040.640399466018,14
2024-01-11 04:00:00,31378.262788406,31661.896164385584,31088.133352789533,31387.304068326768,3210.2029516409043,19500000,-0.00013033866791943078,3292249932.3933725,31387.304068326768,31333.85985264386,0.7949692179408937,2079.326579873041,1901.3123412692864,612052429332.372,293696097462.288,0.9728759863518935,1053527839.8718901,150926.63133321214,500169.4093419177,21811.78584053877,14
2024-01-11 05:00:00,30610.25070137557,30661.022708902306,30402.80629731228,30592.504577061663,3947.4729903956786,19500000,0.0001102473830622367,3086260314.5940104,30592.504577061663,30596.53450317079,1.1325803495043083,2455.6466823213,2030.7823606256927,596553839252.7024,402974659821.8708,1.0248910184719047,353515091.3481525,173174.3137373075,596600.6552966658,30573.678600794276,18
2024-01-11 06:00:00,30070.96515527369,30317.444292862445,29838.62909666777,29931.735902278775,5236.362747464312,19500000,-0.000682209658720545,3218810321.7844086,29931.735902278775,29983.802875713798,0.720192280737898,3024.1489175169686,2362.54423690504,583668850094.4362,300300113158.7313,0.9721157493381244,326045309.28363,155851.68989503398,315898.9611370821,26387.75183042798,12
2024-01-11 07:00:00,31149.116428872778,31159.13068138383,30930.690153645406,31054.93054487425,2087.6567909131663,19500000,-0.00022548839103697296,3512092867.9667373,31054.93054487425,31110.00441398854,0.6935124878014453,1109.9176586820167,686.8289824510525,605571145625.0479,273728249847.76266,1.0245281021806525,440378742.3678219,214886.05880991873,598850.7005892121,24090.354546817485,13
2024-01-11 08:00:00,32895.8205119056,33045.46159856863,32851.90596160292,32916.002341321706,3996.967264525856,19500000,0.00011093311774789287,3565057039.8923984,32916.002341321706,32859.85068378054,0.9759092647519187,2506.6568750906463,1220.9087471715688,641862045655.7733,339021356990.1141,1.0163707102936304,800817330.8591971,166601.92235368906,640550.5843913539,26762.89645654201,19
2024-01-11 09:00:00,32118.765538780386,32436.91881938158,32056.996643086084,32156.917804229757,3287.587177288213,19500000,0.00035370261053599666,3364535318.4081097,32156.917804229757,32169.72942904182,0.958631381563764,2044.7389790282703,1523.3352742051227,627059897182.4802,443000855744.2599,0.9836472446690265,203933798.6562158,178794.3697186188,495644.45925527945,30668.058845340394,13
2024-01-11 10:00:00,31903.359543447725,32144.023291113157,31857.62605514299,31924.14503577457,1266.7759281706874,19500000,-0.00048239423617920215,3607619656.995917,31924.14503577457,31895.76538717628,1.0559706022417585,558.8426352477771,537.3095366570791,622520828197.6041,306501343859.98914,1.046915779415538,774674458.7387164,114614.4328607476,498035.6880771358,33778.17024869614,10
2024-01-11 11:00:00,32178.965991917383,32350.396352855638,31885.70568583224,32146.183426668453,7709.974257584102,19500000,-1.4346592310728786e-05,3462626730.745259,32146.183426668453,32111.04327515421,0.8781819292952535,4917.342491709701,4262.068745068658,626850576820.0348,306655718973.0201,0.9561322327569632,336938372.07668763,206036.28396521203,421540.4584068995,25190.866569550428,14
2024-01-11 12:00:00,33273.36458629528,33409.450958565925,33038.829467424854,33280.368382196415,1451.8769351404726,19500000,0.0004029057215556465,3911731246.5031385,33280.368382196415,33279.92009715222,1.458105999827034,614.9673018571036,715.3276339265133,648967183452.8301,435920545052.7705,1.0497859779927567,539314850.2267977,140745.22240389825,442973.3095827492,20033.608548970195,8
2024-01-11 13:00:00,32607.41585146033,32898.29060823166,32434.48404612046,32633.212023430166,3676.618181221992,19500000,-0.0003354359973119816,3538858090.9563775,32633.212023430166,32676.558430383215,1.0326424452886618,2022.7423864958864,1579.3608423454252,636347634456.8882,363932233927.4087,1.0095665759273649,370216014.1643223,125409.11656587651,508688.14794632106,11003.221833302767,20
2024-01-11 14:00:00,32572.06607690964,32803.18390909792,32355.184897480158,32476.767468283437,3622.718435742916,19500000,0.00016875485043525191,3790282799.396909,32476.767468283437,32499.49012684861,1.0476780722105068,2150.1723219974733,1332.4435136938703,633296965631.527,313194368286.599,0.9377960093002392,1076269510.3233895,245621.37476693082,502178.2817501178,29538.566518162923,16
2024-01-11 15:00:00,32981.38436769948,33143.44154430452,32760.90569633148,32988.91968959472,3421.4454643659788,19500000,0.00011979235093180104,3643669448.219457,32988.91968959472,32968.62685490721,1.0402351313974272,2211.9872700023525,1519.5551555059506,643283933947.0969,333864434374.0231,1.0477563890746484,509962644.3650385,193765.7783622415,511008.72632689023,25708.08348917914,15
2024-01-11 16:00:00,33433.40981465429,33731.7977606452,33009.809841006696,33280.347566103286,2327.876037458523,19500000,0.0006143140961069807,3204539761.5286117,33280.347566103286,33307.13937733962,1.222113789432697,1254.5693688037122,812.1919539862953,648966777539.014,446736125097.8178,1.0291663751265996,365495081.3933803,207788.06681997838,501487.37636905187,23058.686826466135,14
2024-01-11 17:00:00,33040.21337879669,33116.18869454428,32743.109656543016,33034.218159502,4508.078667137296,19500000,3.095914206650872e-05,3559006770.884927,33034.218159502,32963.402430796275,1.1221017428562852,2123.563920838093,2254.5072664629342,644167254110.2891,410322067868.9251,0.9871536494976089,430115128.393121,182339.21422349743,529494.4671800884,17918.420688834893,18
2024-01-11 18:00:00,33066.866074239806,33123.20920637516,32768.978829326545,32949.216390046924,1366.2380092110063,19500000,4.851982048747893e-05,3247495991.108815,32949.216390046924,32927.70233764338,1.0924289154724878,747.6025485509041,658.1424273893566,642509719605.915,435800613513.194,0.9710583830427582,502876328.4599434,159008.39857345453,517792.43380507355,29423.40135003695,21
2024-01-11 19:00:00,32081.641361406844,32287.86335973797,31795.886181659105,32058.730946937252,2884.438710697341,19500000,0.0003564879259494065,3554038263.50743,32058.730946937252,32035.523902670913,1.1585819738219911,1370.2884721215157,1566.3119770044348,625145253465.2764,299652106940.16376,0.9529279976848485,520901042.003913,151766.58552178243,360457.83522834873,20390.595573745486,17
2024-01-11 20:00:00,31971.029249029936,32281.785844634032,31746.418374639015,31909.573925830413,2248.5990610030753,19500000,-0.00029790460041480336,3377459155.541372,31909.573925830413,31915.264063125964,0.6942501564741022,1256.1070432824663,977.8230481381361,622236691553.693,365521299203.2565,1.0724633848543117,578243138.7185932,197753.69019463228,522538.32462800713,21800.17697113505,14
2024-01-11 21:00:00,31697.190994257766,31821.68106610141,31546.77828556266,31743.193932525723,2124.6259215965947,19500000,3.373503803474242e-05,3696148034.98257,31743.193932525723,31739.929844533577,0.699513958493501,1144.6474310722335,814.9949453645243,618992281684.2516,426567311832.68805,0.9722985437751447,484892685.266661,216020.75295783934,641598.0673425435,21659.586356313615,13
2024-01-11 22:00:00,31839.66240002233,31973.75237773415,31564.111818890004,31894.122201974864,3693.662874966703,19500000,-3.671750325215315e-05,3219885551.9638734,31894.122201974864,31892.799517847103,0.9849033651590731,2342.3412805988464,2034.9076086510756,621935382938.5099,329462697210.4208,0.9620923431399723,279673954.2018294,160003.99505828772,440063.64783738804,25208.9788963782,9
2024-01-11 23:00:00,31574.005804750395,31618.051179103535,31423.12128372757,31545.00295333317,5108.899364057545,19500000,5.8326456188469944e-05,3589131707.62831,31545.00295333317,31542.645925535297,0.9612365249323487,2411.53861398793,2591.7401742280713,615127557589.9968,308029239981.9939,1.0080375737305045,423427528.23498076,273248.17200088996,597133.5024662222,15605.994725395343,25
2024-01-12 00:00:00,31910.053487223304,32184.659778002675,31721.001741327444,31847.088402217123,2510.8386983501887,19500000,0.0003545219346888514,3752894502.797911,31847.088402217123,31850.986716441974,1.1229531640755943,1154.9746412086138,1285.5814247847352,621018223843.2339,350586627418.5472,0.9508631959971665,618410695.1342574,154920.96499094943,368258.69289897586,26075.867756625572,9
2024-01-12 01:00:00,32504.57302880983,32578.162582668265,32402.85404679106,32501.95619868037,4404.317306948272,19500000,0.0002662484455246519,3854887441.7458014,32501.95619868037,32522.761707329864,1.004011404668606,2388.26573210608,2019.05079729768,633788145874.2672,348592348290.68805,0.9705535480466633,371124030.0290427,114863.28669232309,439787.73809619376,17742.771862576163,14
2024-01-12 02:00:00,32522.51968715431,32770.47747018024,32353.824815452084,32606.40902164723,3056.025005626378,19500000,-0.00012460469255860286,3372319351.2204943,32606.40902164723,32614.53881106611,1.1234148129968984,1268.712783125509,1719.9112671343862,635824975922.121,321499706715.05023,1.029849075824814,634985366.6078273,105833.1752295356,389168.764195405,17930.50780865704,15
2024-01-12 03:00:00,32750.55042828721,33165.29335438683,32572.109043245204,32839.89190370732,1907.6623966266914,19500000,0.00014100976099816373,3590007317.612063,32839.89190370732,32833.83780997778,0.7794871668635509,894.3163065162212,702.6589285205625,640377892122.2927,471435623605.15137,1.0139263178445814,491359822.38633335,106729.8503776828,582942.7435554543,28726.405018644844,12
2024-01-12 04:00:00,32784.26733561294,32882.10213089097,32567.73998808651,32878.11043207837,2620.2472260192553,19500000,0.0005471324842301573,3638115838.6403346,32878.11043207837,32894.606967430904,0.9978533931811273,1326.1371864766056,1101.8338923492904,641123153425.5282,381423090804.51526,0.9884089012078185,444697101.37145627,146758.99812979234,614211.9302708914,16341.962441660511,10
2024-01-12 05:00:00,32765.209936759093,33064.43462417086,32624.154951069093,32881.45390682168,2566.3939354294425,19500000,-0.00014940970963919157,4057245379.619142,32881.45390682168,32911.90619543433,0.764746136767737,1401.9925552872337,1382.9521135624304,641188351183.0228,405502200882.61127,1.0005492001879415,782228579.5524224,153582.85843256803,433722.7464956489,28710.917218419534,18
2024-01-12 06:00:00,32420.682693204868,32586.770298212297,32342.976191268033,32413.585067180768,2104.156690482169,19500000,0.00014355003411910378,3184284949.58314,32413.585067180768,32398.803633178995,1.0804434804254743,1011.7437937687762,715.1781785796339,632064908810.025,307393437135.0343,0.9867258840939999,242072402.25492644,193039.4612494812,559171.9482290695,22706.57972991282,10
2024-01-12 07:00:00,32696.0760599755,32960.07966831084,32339.885137523393,32622.672181879312,3693.1737578000525,19500000,4.2051796918411436e-05,3332910543.8881397,32622.672181879312,32623.99657328806,0.6868378722168451,2098.4279000966494,2003.2987592509921,636142107546.6466,402684650388.40643,0.9981400657189288,370317624.7776739,161594.92036441277,615460.0559456896,13433.635802643268,16
2024-01-12 08:00:00,32561.641303505316,32678.20361166554,32448.977742208255,32562.515007031456,3352.0356394928226,19500000,8.109849524896692e-05,4486581990.264753,32562.515007031456,32603.60585842813,1.0721457558759,2224.1574362503534,1360.1842157092312,634969042637.1134,391519884845.07355,0.9771456585232104,794299763.511627,200956.30164588758,439510.21071458934,33168.06370976554,22
2024-01-12 09:00:00,33804.50464713232,34097.366893495295,33492.50819588205,33958.023080133025,1345.7074661228285,19500000,-0.0003891972866748202,3507439837.570257,33958.023080133025,33923.97130991053,0.7454256539471301,757.7924177346124,454.37961928020763,662181450062.594,483113546614.3488,0.9825928204141772,1008792255.1154499,164591.71110588912,454044.4239558066,24175.04346324543,17
2024-01-12 10:00:00,35033.70684941,35105.935398015834,34961.06329057503,35047.07804289169,1305.3637315041744,19500000,0.0005232288562936613,3081617613.365499,35047.07804289169,35113.83228941234,0.9261625140094449,634.4744651326922,422.604779786723,683418021836.388,392073529593.94366,0.981679655873637,1210618222.6292682,163305.89157397317,512329.40891231486,24791.0445421538,9
2024-01-12 11:00:00,35310.61138767339,35583.783783809784,35112.851668692,35322.11219652247,3686.16619949008,19500000,-0.00013230557026645498,3421674843.717094,35322.11219652247,35278.34262547584,1.1960034477876158,1543.0081289979744,2038.1130503278573,688781187832.1881,471552433281.84814,0.9782241744443274,495036577.6945429,140874.0181266215,373806.0667082284,29797.288939648628,20
2024-01-12 12:00:00,34936.46992174823,35210.619513780024,34603.93593804371,34790.6276974016,1982.9814730820115,19500000,0.0004078215910460598,2872619425.5085697,34790.6276974016,34782.09130856306,1.046525885304832,874.4946143259564,1058.0885024133865,678417240099.3312,367196244014.39514,1.0313173298924945,582685968.5973097,232267.99041557283,452263.1678056283,34536.29998559476,14
2024-01-12 13:00:00,33929.378836809316,34075.05195281764,33648.223769263095,34028.54740991445,3466.9155167057875,19500000,-8.641298241425333e-05,3654677375.870416,34028.54740991445,33999.61667929832,0.7195479979420436,1970.4741676606288,1339.6591579468538,663556674493.3318,413848424794.4732,1.0231035217603917,672808386.0139636,110982.62381746914,679122.9201058351,23395.712752739135,22
2024-01-12 14:00:00,34825.19086942899,34989.55231526378,34776.83560896816,34852.42299154721,4404.868956213649,19500000,-8.765139556872805e-05,3824841176.28232,34852.42299154721,34932.162791015886,0.8741714382668545,2665.441933301925,1475.2287453788622,679622248335.1705,494826923405.40106,0.9720291019482715,807965654.5713565,175488.28590467497,400311.10886714136,26507.584981825803,16
2024-01-12 15:00:00,35159.10242845191,35473.039810360235,34720.71981984107,35039.557781319185,1578.9629997921659,19500000,0.00046393697513964,3332761277.8732486,35039.557781319185,35025.4245746773,0.7406140014769713,655.1123534611594,590.8011032341727,683271376735.7241,435600120049.14624,0.9641681862237229,549894375.8670452,155528.98385181048,524796.1855204321,24621.018783058003,18
2024-01-12 16:00:00,35413.03829066725,35413.997018530696,35193.171099052815,35381.19674621382,1471.7852117508205,19500000,0.00039816538104337726,3452422813.2242165,35381.19674621382,35367.014506390704,0.712516862878829,670.6409333248838,535.5771792751631,689933336551.1694,457665626500.53577,0.9952817007060816,702713318.5510972,197884.46897920663,491275.7652947572,19873.444811629623,17
2024-01-12 17:00:00,34209.89008041248,34312.09523007774,33971.10996369556,34171.391697046085,6885.794781660185,19500000,0.00016259976968919485,3859842947.539652,34171.391697046085,34162.13983580212,1.0238117125288593,3413.456357229143,3580.0396688246497,666342138092.3987,474965582579.384,1.0646586279486865,583123478.4025655,161909.47305346752,428157.6801401237,13697.506790111118,12
2024-01-12 18:00:00,34822.603652485515,35015.88382751306,34637.01274099163,34814.62522402254,3553.844987733239,19500000,0.00032834516494189593,3116519785.4720116,34814.62522402254,34821.435062472134,1.1185796028580095,1762.4652131553503,1295.9768323846163,678885191868.4395,493975405274.1846,0.9691688438891035,597873395.7831247,163106.87281914477,462467.2481340725,23493.44247866375,16
2024-01-12 19:00:00,35159.176103502956,35276.64075197178,35123.33260976587,35135.990317543765,2417.235163689499,19500000,1.3434165923080025e-05,3225243547.7471356,35135.990317543765,35127.96378941205,1.0921204616916547,1661.902606215088,881.878832798257,685151811192.1034,351128287427.8037,0.9951632683088788,336010277.4941764,152259.27365489875,628143.5391809,33312.27908173212,18
2024-01-12 20:00:00,34421.155733007945,34514.79683123895,34196.86776161904,34367.70642091451,1868.7588514261104,19500000,9.748971168433304e-05,3520084336.3605824,34367.70642091451,34366.576176868126,1.1280893523060405,861.7429731400322,578.718062895701,670170275207.8329,340950072109.45215,1.00266161241153,425303892.37432045,230570.99562239475,494211.7901609246,26238.941131073876,11
2024-01-12 21:00:00,33993.40638269998,34205.166022316924,33903.81687484596,34048.53002116106,2309.48440094071,19500000,-9.848731773914571e-05,3375513213.611178,34048.53002116106,33931.77046312667,0.9976206649385233,967.1106919352933,1106.3767621925629,663946335412.6406,408421833093.65784,0.9967407347786456,393618341.2531164,162852.71319491052,509896.847608577,15990.867271215115,11
2024-01-12 22:00:00,34292.12656296983,34354.37469694385,34114.70208477346,34232.011140858805,1643.7143902141136,19500000,0.00037121948479007787,3501616822.9914246,34232.011140858805,34237.39103811571,0.946789923822021,831.5624225555367,832.8599964737689,667524217246.7467,499745284716.1024,0.9862537037734154,301548619.1174542,266309.062636493,609364.8469928321,30615.339454309953,16
2024-01-12 23:00:00,34177.26843060177,34452.88770840884,33955.42323466025,34271.377840938636,4636.458442332695,19500000,-0.00010802399935020569,3240197022.9279184,34271.377840938636,34275.415236175766,0.8068529338590332,2041.5837604083995,2299.901953221297,668291867898.3033,399000784064.25275,1.0346523991659566,250597321.0726007,174217.8436983278,417532.60356713453,20073.564801789733,18
2024-01-13 00:00:00,34097.485317183055,34338.45085518996,33905.51614033097,34075.106969583816,2021.559299785271,19500000,0.0005455469034813559,3646906383.07907,34075.106969583816,34113.90382314787,0.9157462847851651,885.3916045557132,951.3048635287946,664464585906.8844,364971452443.0135,1.0136337586883035,409541582.45679325,163642.5835942425,358834.6649354396,11759.212303936329,12
2024-01-13 01:00:00,34020.21033042976,34215.92688333432,33976.351366869494,34008.053066100714,5150.078797922136,19500000,5.249749504052711e-06,3542368305.2510967,34008.053066100714,34055.97248560317,0.7677664627295581,2689.5524224744586,3037.6322727453103,663157034788.9639,405307243852.50336,1.0253741597123522,436564666.2328393,156947.7552804717,630122.4712713084,29892.7466966768,17
2024-01-13 02:00:00,33798.77156021409,33871.991518764844,33774.08450661269,33840.482871603796,2439.8346268641108,19500000,0.0001061525692049003,3745928072.135041,33840.482871603796,33837.514788454566,0.84448094602232,1200.1969640175548,1077.9715254977975,659889415996.274,309698464130.47485,1.01768139848999,505983607.46418977,187411.446017204,454659.6320303297,16587.18706535986,13
2024-01-13 03:00:00,33945.750695192204,34233.9447511299,33882.72779669149,33947.29090247357,1769.2745949317664,19500000,0.0003276184061963003,3642849201.375094,33947.29090247357,33978.39439764246,1.0179444756808185,756.3967943907078,987.3276800771964,661972172598.2346,333079262891.5566,1.0268184496541797,605942185.6933053,140491.41416927215,528987.5470577511,37579.670761856556,13
2024-01-13 04:00:00,34921.163084456806,35025.87741058833,34854.50377111831,34964.69693999867,2408.7162446511898,19500000,0.00010715932635687461,3644682911.1592283,34964.69693999867,34929.67739112586,0.9767141808302887,1400.1651440085723,1189.4312429948236,681811590329.9741,337275915623.5766,1.047532174989222,523082052.276892,168794.21677741237,379850.9290932535,31080.379666201632,25
2024-01-13 05:00:00,33147.258777879746,33472.51807495527,32945.623751818646,33218.4593117211,802.6482805841695,19500000,1.0627505714406947e-05,3193219241.967199,33218.4593117211,33247.271088041285,1.8458605796510235,441.865848603382,261.06021527036637,647759956578.5614,296916752139.2801,1.03993131900365,437783707.9853747,163086.21291085574,478162.18880684266,20571.46536136788,20
2024-01-13 06:00:00,33041.39732894458,33184.00178425887,32982.64494537096,33064.78171743162,2806.281879664967,19500000,9.099296565745856e-05,3729005168.354686,33064.78171743162,33049.15940826647,0.7640216752278309,1187.4217730378516,1523.8855345883542,644763243489.9166,429840243670.40247,1.0697441187878773,336446422.2402213,176541.61821579217,355262.93029381766,25280.988605498806,16
2024-01-13 07:00:00,33111.76142953408,33444.792842085066,32819.80859762148,33185.033228631764,2737.8833598144456,19500000,0.0003681455060672751,3491267500.3952694,33185.033228631764,33149.03750710886,0.9752906555372828,1803.781465678336,1301.3613071319687,647108147958.3195,354383835755.30963,1.0365202384422159,689052235.0854876,177638.80487041603,448089.3654456915,45577.77879928212,18
2024-01-13 08:00:00,33406.95909199703,33475.868596455526,33315.37619601203,33385.40564343818,4502.424791876121,19500000,-9.885566664101163e-05,3537450600.828049,33385.40564343818,33382.54823069785,0.7522049725888547,2185.5396563102713,2233.462476765044,651015410047.0444,325872855252.49567,0.9799165967041747,465801955.278661,179961.59032989986,388642.57231109665,29732.681628955048,19
2024-01-13 09:00:00,33065.079835793695,33203.17278416156,33034.94715060795,33141.31051675874,1160.7800743870334,19500000,6.212889781802057e-05,3898513447.4987063,33141.31051675874,33191.03814005317,0.9253741144395762,799.0975274743888,410.99534715512175,646255555076.7954,390127114461.2582,1.0254193612541749,407880208.23785913,166662.51635286014,371189.9232161486,23658.08053976901,14
2024-01-13 10:00:00,32045.893960892845,32205.170336529933,31720.085377211708,32000.32696583709,5329.076195306096,19500000,0.0001030860182012426,3384409071.774615,32000.32696583709,32009.319234891685,0.93293603730968,3620.9025836516107,2298.1482725047067,624006375833.8232,341352280591.52606,1.0213130553695378,450297163.9127613,240923.77426534373,416389.1114505354,52404.41897104272,18
2024-01-13 11:00:00,32138.03680309277,32224.767568319683,32043.12431800355,32214.157508667675,4493.106658025948,19500000,0.00035937555865829686,3994142485.84225,32214.157508667675,32265.58702931771,1.1840917265941475,2382.3753956574033,2534.8972909734016,628176071419.0197,356744539915.89825,1.0576088471569656,361908603.3787507,180889.60445730312,279657.7663117893,22817.30009438323,17
2024-01-13 12:00:00,33312.07029702951,33424.978295426234,33170.353211519825,33349.84198893704,5574.856086137182,19500000,7.004638783856904e-05,4024063395.4243116,33349.84198893704,33328.20685543823,0.9139921393453463,2612.2107741525947,2032.756195217466,650321918784.2723,354204040465.66003,0.9709852444997114,392375728.8408364,312230.3738626675,350816.82931955915,26226.99350093222,14
2024-01-13 13:00:00,32305.122809415105,32579.714658266934,31995.308158285192,32345.529064803904,2903.4045553528226,19500000,0.0006424897283481166,3807439507.8935766,32345.529064803904,32382.65691606813,0.9624588952063712,1888.5363727238018,871.1301628685712,630737816763.6761,284585783488.57526,1.0167385324417881,387418737.3434124,164795.87274839883,517354.09961092635,16632.86844166853,13
2024-01-13 14:00:00,32999.72256091526,33276.05678552699,32601.679321225813,32912.494791291676,4949.0376229333915,19500000,5.303842668547148e-05,3314426138.824148,32912.494791291676,32894.321826942156,0.917535880969439,2516.0202160201497,1867.0373782307697,641793648430.1876,421336669758.1534,0.9795678896569913,432487954.3782539,206845.68747568867,474270.5782071934,13327.493224628797,7
2024-01-13 15:00:00,32721.82295299902,32748.257396758687,32466.44243522008,32700.221844010004,1428.496801414547,19500000,2.8694908478416037e-05,3009670798.1779923,32700.221844010004,32710.86016373992,0.7556247799632698,641.4882138279419,637.4848891850597,637654325958.1951,308119125463.33484,1.015376353123004,630675473.2434931,135738.79567236087,356882.7625492992,20204.47336157696,18
2024-01-13 16:00:00,32649.574317587994,32951.52283732982,32627.066043308307,32663.40621199063,4257.867736434021,19500000,4.869036351468049e-05,3908059488.082884,32663.40621199063,32673.750151863493,0.8777262919196175,2407.748903479669,2326.42830589528,636936421133.8173,328495321741.40985,0.9935576000620084,570968630.0052377,231005.6189871585,493646.38198004774,22281.731919992093,11
2024-01-13 17:00:00,32017.87519678908,32273.22325985575,31796.185544176904,31985.971145485582,2027.2158312433442,19500000,-0.000294992428597403,3617000054.2192383,31985.971145485582,32010.32819811441,0.9264572802922274,1108.5236464052884,999.3915986941288,623726437336.9689,316288628265.608,1.0143840641257267,900710958.1254791,136479.4067337676,371148.44600708503,24313.306579646447,23
2024-01-13 18:00:00,31641.988585228257,32052.254521688912,31329.024657923175,31775.904470688485,1305.4447728384073,19500000,-0.00021101805402760546,3377441146.0069537,31775.904470688485,31787.049571120777,1.014874720382494,855.0733281504238,751.5694122885859,619630137178.4254,340431110560.1838,0.9576898544175573,787750234.9410734,182402.21578433653,511136.91774193436,14386.832909355178,14
2024-01-13 19:00:00,32613.388769706235,32844.003349014914,32304.567298806884,32616.202477492854,1699.2287334943835,19500000,-5.920006692172797e-05,3937788024.4928503,32616.202477492854,32595.354705186775,1.1182773908785986,1051.4562560253808,742.0010717023612,636015948311.1106,316773660452.63403,1.023796794446677,1061096568.8856546,152343.51234311436,432298.7526658207,26854.86557215084,26
2024-01-13 20:00:00,33133.64885304782,33357.02036309705,32966.82296685383,33001.80570347611,2989.213443235336,19500000,0.00044074895465503886,3346146725.379611,33001.80570347611,33034.15760303883,0.9541643936969989,1981.3757569546542,1247.233068455858,643535211217.784,356573617604.529,1.006181785455583,606771836.8991102,182225.81692175558,414560.9842186762,17169.405737617697,10
2024-01-13 21:00:00,34177.69260882225,34357.15736002459,34033.35173073511,34168.64840633209,1974.065490308545,19500000,9.006218219139697e-05,3465308779.052403,34168.64840633209,34231.23363650474,0.9508154893235629,1224.7316956153472,729.2700616556672,666288643923.4757,348455171090.5141,1.0045657864531572,602888053.9501401,153476.22388918488,434428.77024499216,26439.65664849483,10
2024-01-13 22:00:00,34991.05877421498,35219.475935607305,34875.912058570735,34986.30671228226,3597.6522749158926,19500000,-4.539325688471194e-05,3738653022.7073054,34986.30671228226,34969.380217362756,0.7088136431093454,2132.157572386928,1314.6495805475438,682232980889.5042,319533732140.80756,1.05850684899542,399224186.880882,133610.8536285669,738152.4775093438,29157.806047120324,17
2024-01-13 23:00:00,35337.12595496319,35661.91289479533,35252.63782792574,35298.4298126889,1206.985517777238,19500000,0.00046796042368197856,3279352310.2978687,35298.4298126889,35237.178845029775,1.1139885948664254,663.9061808473197,628.6378508875383,688319381347.4335,489511332567.2001,0.9885254980519653,675123340.6263914,152070.86792923528,380119.02110493835,19562.060351479962,9
2024-01-14 00:00:00,36620.44827483571,36657.25988236935,36300.987309506665,36554.97062810824,1029.111644692591,19500000,0.0005653531398676782,3553651584.883302,36554.97062810824,36576.87873732626,0.8700717691761201,716.5354348696167,333.543046192741,712821927248.1107,386117341369.4643,1.0102679627431594,373173205.5920236,239281.27721582164,462921.01902287203,16495.688460524772,18
2024-01-14 01:00:00,36733.68204165649,36997.47641466752,36633.08745421612,36881.01925678701,5920.603806817283,19500000,0.0004766147382723281,3911281766.3851075,36881.01925678701,36872.49308822218,1.1611659709260316,4071.8919952291076,2207.284434343759,719179875507.3467,344188444629.01746,1.0030081209711776,269429627.090851,182922.72358096374,517245.9376848086,34999.700917301685,16
2024-01-14 02:00:00,37374.41849096352,37527.766025186014,37245.526902471254,37500.59497899569,4683.964120618305,19500000,-0.00015592699917054727,3645972094.66849,37500.59497899569,37499.42860339182,1.3012013974294088,3066.3847210053186,2650.039719279034,731261602090.4159,443479385562.17004,1.005941174807222,893386054.1498636,117923.04061902502,364950.6544663101,28620.359903894987,16
2024-01-14 03:00:00,37298.23005996585,37650.62566661599,37248.861575869596,37282.54966895611,1764.0217775547253,19500000,-4.857458605809669e-05,3961125769.1324415,37282.54966895611,37307.01364872582,0.9631144707600984,1115.9127043241738,834.5167993821603,727009718544.6442,354041123318.9145,1.0666541171392834,294363913.873156,214024.47899943305,321627.2137315135,23053.96152275083,18
2024-01-14 04:00:00,37282.5548930289,37502.18009394827,37096.89986457777,37335.93606424657,2976.490432565957,19500000,0.0006441208210944156,3925219807.9589314,37335.93606424657,37322.62981927282,0.8149225049988723,1706.3263155758375,934.5474015701911,728050753252.8081,496478165260.3483,1.0019142127724125,578263795.3374223,130238.34253486611,392299.30924266065,34218.72641202948,18
2024-01-14 05:00:00,36919.07789086401,37168.4088420246,36764.21262267086,36822.45391136673,4962.939722315168,19500000,0.0001723419076000066,3587132833.5789566,36822.45391136673,36816.23636743408,0.996665848053097,2371.9179702141764,2537.4345228936145,718037851271.6511,336381621287.14166,0.9829816060153521,341161814.10656774,195994.09731405287,514984.7874212756,22583.583267149625,15
2024-01-14 06:00:00,37538.57049418195,37878.19141427451,37376.36992592795,37562.247811255205,3676.072861503989,19500000,1.9711880531176444e-05,2973663971.5786567,37562.247811255205,37562.243321930415,1.0722297938416623,2435.8824394154526,1661.6022489011411,732463832319.4766,431707433102.63007,1.0561270838634167,761398208.5832815,186892.9527796637,413163.76123313414,18285.210394968723,16
2024-01-14 07:00:00,36549.11089987243,37054.67951239737,36496.720592149555,36691.07090867053,3210.2739273034576,19500000,0.00031550438839925116,3281407280.902174,36691.07090867053,36748.66686171831,0.9388458284114041,1294.5263976602178,1786.0568248213938,715475882719.0753,524549640225.5115,0.9907693370368311,804056416.3799561,189866.71719988526,422429.9079729279,16309.277239557126,14
2024-01-14 08:00:00,37178.89210912402,37333.720388598704,36824.26128765646,37273.418535987985,5154.250745333575,19500000,0.0004021897202074337,3810654244.237076,37273.418535987985,37278.26667478092,0.8933224456937497,2413.385083643312,2601.505812456077,726831661451.7657,361737370070.2825,0.9518446555837283,599538723.2777555,258667.12736399812,530807.0856000065,21325.53072260467,8
2024-01-14 09:00:00,36931.058194706995,37432.179392474805,36877.514610999795,37135.27816239791,2068.6339945257555,19500000,-7.14348712784793e-05,3166776043.614773,37135.27816239791,37093.10460807266,1.119303304431885,1078.0059959887233,623.3497072728776,724137924166.7593,369607674581.00793,0.9777746888071345,798739872.0216125,132301.64300043453,376521.8594259716,27764.573247421315,15
2024-01-14 10:00:00,38001.43768385625,38356.63167748367,37803.11306230565,38019.240233949975,3027.7929214797796,19500000,0.00016583198758597943,3492433446.9172845,38019.240233949975,37977.57576670826,1.104635763609912,1743.5459142396458,1095.2184819899146,741375184562.0245,467169768405.5054,0.9626023751787143,486591164.4065439,189605.0861201936,434629.37602672435,33420.60030823004,20
2024-01-14 11:00:00,38583.81523297791,38617.22296176653,38507.812901130594,38598.35786889985,2954.4733211865805,19500000,0.0003779680207651175,3683312975.065026,38598.35786889985,38607.59175102902,0.933085979976184,1678.920224997612,1114.9860577020822,752667978443.5471,559952025270.7991,0.9460010360105665,1185783853.1814709,222993.33299414595,326841.8820279239,22182.3690371437,14
2024-01-14 12:00:00,39999.756656242054,40335.632989442915,39969.21212067469,40033.74231773585,2600.9160169277507,19500000,-0.00024808614378795594,4032150347.79909,40033.74231773585,39992.53046242153,0.7183393185548884,1177.551066433563,1328.2089676236378,780657975195.8491,441657815042.57416,0.9891095498689559,653900719.8564506,138574.66746277205,471721.38871801214,31695.7372235747,15
2024-01-14 13:00:00,40714.878214591445,40859.30419711294,40545.02215772634,40627.2145142842,2453.074081795004,19500000,0.00010370363722784195,3423736804.009893,40627.2145142842,40567.80519683594,1.0955709436151795,1058.3529570524063,1110.7378471584746,792230683028.5419,510666770831.0434,0.9978935210417971,338413600.72300196,135071.77798085383,463194.0755583104,20655.133653123557,17
2024-01-14 14:00:00,39468.0512900116,39724.03980433452,39352.104461601295,39373.671038459455,3091.5693428618197,19500000,-0.0002343168959152146,3405034754.0775676,39373.671038459455,39402.63179060344,0.8577304079745668,1442.8313261109267,1620.7065330802977,767786585249.9594,380588062615.00604,1.0354158374538671,498863307.5868301,151479.12646146363,518713.641623155,17422.549498970766,16
2024-01-14 15:00:00,39311.51375330681,39527.06378874898,39256.71453186945,39324.91477376064,3032.6853131687712,19500000,-0.00019507414907804325,3569903275.524713,39324.91477376064,39355.7651065936,1.0438003286372313,1530.331332065279,1376.4150403576161,766835838088.3325,492630019610.0052,1.018882048361862,456454321.022,176518.90479777302,351845.9700285401,14884.951719241242,13
2024-01-14 16:00:00,38253.67410412675,38517.48110475365,38064.89828266052,38417.69412084441,1764.788582193015,19500000,-6.893002324409121e-05,3686978178.136193,38417.69412084441,38407.392933502655,1.0306930564811343,713.3559692709276,702.7659615408244,749145035356.4661,393899425385.5711,1.01751502924386,438921165.1313938,114391.37154318337,425756.33747240534,18922.898173593585,20
2024-01-14 17:00:00,38072.27560079921,38123.75745041252,37777.47591912864,38025.33092805119,4451.061806723002,19500000,0.0002431358613638411,3540947748.4410043,38025.33092805119,38040.29995287014,0.6853747668693163,2705.0738193969505,1473.7385256444766,741493953096.9982,470096994632.89325,0.9732036998440684,250043211.98757017,186810.59054096392,342595.5678248736,15054.056545498815,14
2024-01-14 18:00:00,39239.63032353085,39285.51998546866,39161.86062324233,39196.0944196238,1829.5172187086248,19500000,3.3932114085596167e-06,3898826580.0954146,39196.0944196238,39207.38766279402,1.0163485352978887,867.7733702519324,660.0653511341867,764323841182.6641,364275491070.1068,1.0265479978589234,566363025.1613111,114451.14326768788,421164.4537055351,40249.52531484069,15
2024-01-14 19:00:00,39727.608637643745,39768.6563381874,39527.94325985945,39703.0410652134,2672.8037063312076,19500000,-9.45254374905218e-05,3362896500.7383156,39703.0410652134,39730.92925093953,1.1083877755994094,1350.892006660791,1123.2030571508594,774209300771.6614,470324955113.62744,1.041736985091962,278714580.8426874,224882.36144836977,595024.3541818967,25129.278712886768,6
2024-01-14 20:00:00,39232.685484131915,39482.907644627034,38928.23212475635,39155.824187117665,2571.795992633712,19500000,0.00011546636899748778,3619540332.2149553,39155.824187117665,39183.41925045222,1.1359059007964374,1287.1080447844633,1197.0071917608618,763538571648.7944,397972718402.48615,1.0118371267463848,176677587.11510962,185061.1716591916,414923.5016323022,21403.624273618596,15
2024-01-14 21:00:00,38284.3982169405,38508.64565149087,38194.72632633353,38373.795968364124,3565.472299243394,19500000,-0.00024408881847992885,3714897845.2335196,38373.795968364124,38277.639348366494,1.0237508128927535,1973.663412785247,2073.6473878059933,748289021383.1005,489764601167.2079,1.0126755260889377,422793544.56567025,262573.1445315892,336655.70329574664,36923.39089171523,14
2024-01-14 22:00:00,38557.08745105352,38640.614995270786,38259.915230948485,38402.80377320544,1033.2330305574494,19500000,0.00022864096535017301,3471947022.763776,38402.80377320544,38397.4082192725,0.6733855647922169,679.80525398266,384.27595067809165,748854673577.5061,504953407411.5198,0.9620592310090006,358572897.85970604,192373.85902940255,386166.59438344766,14903.029438815514,17
2024-01-14 23:00:00,37411.515945258405,37742.783595163,37384.64143151376,37483.441252901,4653.872312757644,19500000,0.000439416028587493,3834008869.413076,37483.441252901,37506.6024282385,1.2909988388400355,2070.1214556301347,2326.123971118025,730927104431.5695,514896306196.3196,1.0316330742281599,343736246.1504103,150815.10377802412,320555.1557359772,21138.62361532981,18
2024-01-15 00:00:00,37042.79210066704,37297.22035735824,36905.94783772713,36987.368531625594,2124.95270830147,19500000,7.623878770359653e-05,3627888673.2631974,36987.368531625594,36975.88555927976,1.085677844620676,1067.1897839363467,734.7316668208433,721253686366.6991,539294804314.853,1.0534249164628426,140225390.73682234,133296.4289446713,341412.063546652,40130.9099327679,22
2024-01-15 01:00:00,37097.005431890204,37423.31300442356,36923.85407360855,37222.620437440484,5486.147991733999,19500000,3.920530200993752e-05,3818439457.243994,37222.620437440484,37227.690256584225,0.7861058189761158,3333.430932821539,2820.5709744486257,725841098530.0895,426654067702.10504,1.009688571971405,345209780.49864644,172771.08074030984,505952.15552420885,21094.926661760157,14
2024-01-15 02:00:00,38025.638559893676,38452.7046265107,37649.016596790796,38096.518251167676,2347.057131113278,19500000,0.0002120321059646708,3641015010.068728,38096.518251167676,38128.92695854594,0.854231872968957,969.9669486330316,712.10244530614,742882105897.7697,483748725511.47577,0.9821692816489754,452610845.67838323,161528.57692256328,331287.99531007773,45891.910262977624,15
2024-01-15 03:00:00,38684.0074615754,38833.10113162417,38182.81376701086,38567.04374969755,2909.039413254338,19500000,-0.0005085408256494633,3694504808.490941,38567.04374969755,38574.02150108381,1.0473308099894538,1887.9479338555202,1445.1409198618203,752057353119.1022,342582516287.3524,0.9951401543203647,376466048.2930658,218936.00658412522,470930.4596632228,27880.462448224353,9
2024-01-15 04:00:00,36824.02174088954,37151.20558907871,36463.285640053866,36843.24653388848,7761.2060509217745,19500000,0.0002610452369793602,3408058664.2443542,36843.24653388848,36902.48750538429,1.1456324454958515,5343.959350475904,2708.391574749544,718443307410.8253,518375604845.82117,0.9873873785496223,566471580.5799657,129035.81699259835,444697.0466137924,32590.55405941496,18
2024-01-15 05:00:00,37134.189799389365,37162.092209745046,36915.06849668444,37071.9147210099,2594.9717146623984,19500000,0.0010305657411234588,3408500391.3557744,37071.9147210099,37117.401450718324,0.9070183738270005,1511.0290919080148,918.8725657448373,722902337059.6931,458842699356.19086,0.9891865104051911,846875505.8876089,269743.15302126325,397795.90458229673,32875.02227467405,13
2024-01-15 06:00:00,37146.67025149053,37421.492868411005,37099.11850527006,37129.074382984116,5538.200693035443,19500000,6.319713366558389e-05,3953834555.0510945,37129.074382984116,37128.385113167584,1.179517057592597,3804.4808742151395,2590.06300056031,724016950468.1903,417325899807.2332,1.0194394919108218,596474456.3887327,223841.6666135145,462994.2879779289,22037.057301225228,10
2024-01-15 07:00:00,37433.581632245136,37811.53015875574,37312.456505472146,37441.44120149813,3039.7256474618844,19500000,6.426248988510079e-05,3771885460.5986524,37441.44120149813,37437.7702115619,0.698686338874257,1592.5686500581169,1254.2621255741735,730108103429.2135,423677222416.7816,1.0083839233501102,731463381.4533387,154680.82703200678,366761.73696726427,19025.519729983596,20
2024-01-15 08:00:00,38780.84058664671,39109.15849131468,38583.40896397748,38675.34582071777,3669.1283834599835,19500000,0.000323082100029905,3303217355.606902,38675.34582071777,38568.97608483005,0.8118076896971168,1924.492764278978,1619.5222465850811,754169243503.9965,510873260535.2811,1.0301180981791411,756074652.4225671,255111.30635384962,523435.3888393796,21276.701016891508,18
2024-01-15 09:00:00,37098.0401805417,37330.753735628656,37092.79949810551,37115.607652708364,3087.074923027486,19500000,0.0005935998004593887,3637160289.835865,37115.607652708364,37107.200886036095,0.6617464503206534,1333.229472365767,1212.1914139106675,723754349227.8131,506657719155.5232,1.0111270763433466,322771659.0211197,133815.5952398415,384743.41643917805,16381.701832790708,16
2024-01-15 10:00:00,36552.43009019417,36912.993064514834,36517.61989137114,36683.075992840364,4554.749497630539,19500000,0.00039249035333024045,2964866715.3377986,36683.075992840364,36637.1022348096,0.8357038052857186,1870.3353718670387,2669.265918743085,715319981860.3871,495266884763.11816,0.9740773607806545,578324609.4706004,171338.67759626196,409514.103424236,21594.87150227736,9
2024-01-15 11:00:00,37063.247996713755,37254.03644989522,36895.280345925414,37122.885176118514,2115.8971661584737,19500000,-0.0005466820635750651,3424032499.660192,37122.885176118514,37134.810143521376,1.3520411815846167,1001.5626646197005,819.2686753945247,723896260934.311,436636413789.7948,0.9849792392845182,722380770.8919765,118288.54759317229,399884.0059537093,21997.37012069366,20
2024-01-15 12:00:00,36010.246351602946,36254.93065262042,35848.41436265556,35970.59296496538,1822.5205480881764,19500000,0.00026901965129882407,3871400690.8663898,35970.59296496538,35979.68887438784,1.5091709297814155,990.4280098942648,843.1239353120712,701426562816.8248,393741586354.681,0.9831147678163643,407526210.4830778,258239.3931397166,507826.28675888065,36562.21096074288,15
2024-01-15 13:00:00,37081.249184848115,37366.92141659415,36985.115871660455,37051.940425155015,2166.161323732098,19500000,0.0008715790435725024,3549201029.1888285,37051.940425155015,37081.42842521433,1.0480361647430838,1196.3811174409486,1205.0499854580983,722512838290.5228,530080075550.2594,0.9944058977014465,353625619.6936572,107812.97551044523,493307.89063336625,26317.324123176495,19
2024-01-15 14:00:00,37212.652247879145,37702.28288810184,36946.17245605074,37329.64771273239,3133.3411935356453,19500000,0.00028673231402783953,3618889376.262597,37329.64771273239,37385.517894192264,0.8801298360265557,1457.8578493071611,1564.3338877645322,727928130398.2816,466063160988.864,1.0538414107424376,599833445.4249952,113537.62694907373,261884.7411865819,44747.249912085514,11
2024-01-15 15:00:00,37915.87159775182,38157.871943225466,37780.46810695611,37970.87944271118,2669.350883985126,19500000,-0.00024638057398152484,2816299145.5899644,37970.87944271118,37973.67905730835,0.9566401470158286,1558.4783644046254,1059.2867438222406,740432149132.868,453956005711.2889,1.058646987749429,268228141.68360072,138873.9162643868,465491.25406165526,11523.420063558533,10
2024-01-15 16:00:00,37499.83534761409,37566.53077727774,37180.386304329884,37543.51507610182,4251.968955299312,19500000,0.0001845488873255842,3474163996.763625,37543.51507610182,37632.88427179591,1.099293804982577,1931.9321084189285,1980.2737748230634,732098543983.9856,460852870485.58344,1.0250980360133977,313966913.33421874,226518.2781014677,312100.7819288332,15288.969352166163,10
2024-01-15 17:00:00,38135.46654599767,38390.76106719027,38043.56878166203,38163.36164257676,5723.67207705138,19500000,-0.00028420617540232006,3683251570.3703218,38163.36164257676,38176.049107309285,0.7315452726149203,2849.606509254954,1859.6058206738066,744185552030.2468,475504764943.6029,1.0035629139050086,371588441.9566386,206635.4113514485,413220.0990882543,19799.19187984352,16
2024-01-15 18:00:00,38884.2679819035,39037.97541303031,38674.917614421094,38991.5660329948,1830.0175416351356,19500000,0.00046984110678065786,3720869409.0373716,38991.5660329948,38944.37780056499,0.8918120853920971,839.4525704124674,848.5899692465961,760335537643.3986,504803388354.4349,0.9591504334148682,580967680.122351,167797.41322219206,432944.66122892883,34466.679998924126,16
2024-01-15 19:00:00,39128.27670501872,39273.40559532563,39056.22620261013,39177.51273920532,2065.289324284183,19500000,-0.0001867647764083776,3871812021.0773206,39177.51273920532,39159.40991243176,1.3323957197420424,1257.7592984167784,886.8697809220316,763961498414.5037,470566216843.6124,1.0066002491719026,529564224.62863666,209972.43785826623,412333.742115491,21314.15830252397,11
2024-01-15 20:00:00,39308.18086382551,39494.97116621895,39113.48720171692,39365.54516175113,1453.7188712000855,19500000,0.0001222730904076069,3525116702.864184,39365.54516175113,39354.80833920244,0.8112800144511065,806.7729095438149,766.6624212874166,767628130654.147,547016877114.4539,0.9762997811068884,733214134.6859444,158125.85867773634,489022.5316648771,14180.90966509526,16
2024-01-15 21:00:00,39644.00296903317,39933.81247364865,39522.57318224406,39582.923884442236,8227.0805280029,19500000,-0.0001573340005975543,3537717333.251218,39582.923884442236,39610.32030078469,0.8608758481903955,5107.621116847715,4560.853649516967,771867015746.6237,546415670575.9026,1.0489156568969775,335540082.5254367,180883.2717626374,510944.0199658925,20464.821550660577,11
2024-01-15 22:00:00,38972.17147879533,39043.80549602522,38846.33798040444,38909.20694173476,3471.4746351182357,19500000,-6.393441726439728e-05,3222523565.808435,38909.20694173476,38876.241120035374,1.002642215711677,1448.210524640602,1249.331498030355,758729535363.8278,442094494847.173,0.9518168293062853,328422291.2186373,245961.8001501028,379005.82048852154,15378.420241599726,13
2024-01-15 23:00:00,38787.1368770515,38862.760893357896,38549.6729578049,38798.45131697082,3789.165768614318,19500000,0.0005458451937581485,3526734739.599763,38798.45131697082,38790.77015931971,1.058262541905195,1999.1965375537998,1229.4356491497642,756569800680.931,378709210133.9259,1.0115345299999035,598277222.637805,153023.27021206674,376261.8537380334,14500.120947127109,11
2024-01-16 00:00:00,38653.81565821171,38701.54114219785,38551.852287737,38684.14710848339,1525.2228469061454,19500000,0.0001310371494681092,3240760932.8951654,38684.14710848339,38681.78581728153,0.882496188433184,1052.537333764767,636.2727833158391,754340868615.4261,469951882482.38403,0.9737728186704889,352490150.63216263,134377.30682776743,439242.1301249538,40120.72630777262,13
2024-01-16 01:00:00,38996.721068690116,39337.25601093045,38918.61218206283,38985.810943139106,2979.2146529744705,19500000,-6.7760742117716e-05,3092267230.671621,38985.810943139106,38972.23917114647,1.0155119571889717,1239.6090743593618,1371.1690127933505,760223313391.2125,483670687906.2792,0.9997145444354958,381109934.6283351,183064.33521289553,324893.78219788696,19821.397995757598,19
2024-01-16 02:00:00,39712.25211708339,40053.071421849774,39343.020205485154,39777.21428313847,3845.3657163672565,19500000,-0.00024356839126601682,3286817638.231736,39777.21428313847,39813.4678480765,1.1292886336531534,2020.792007491555,1588.2921030834693,775655678521.2002,470833756902.30646,1.0199820457093316,230853545.2788646,195842.99609423807,402159.6407088109,23200.888604540596,9
2024-01-16 03:00:00,38858.51474741386,38963.40631944227,38841.80432288317,38947.84803071988,2627.061380696198,19500000,-0.0004615104459198309,4044787259.496912,38947.84803071988,38976.72090349974,1.480367495543978,1082.6631324598332,1283.49904752913,759483036599.0376,544680989055.47974,1.030659060663463,545022916.6079597,167311.38470254277,579323.0621561278,21420.701556069173,12
2024-01-16 04:00:00,38781.414649158505,38865.471085941615,38562.24221619202,38854.47825819871,5104.3725412265085,19500000,-0.000275384190056806,3508151522.2907243,38854.47825819871,38903.690063412156,0.9750672111113752,2266.320971883512,2305.62151465818,757662326034.8749,362091430007.3266,0.9981792939720525,898750648.6523192,209158.0213817867,327335.16257182934,20425.7433382892,15
2024-01-16 05:00:00,39976.10971735329,40250.54912395674,39756.93516240145,40026.92896018785,9470.297141454648,19500000,0.0001335877724333134,3648530019.5141973,40026.92896018785,40017.6817316755,0.9917745525822154,5102.197736235688,5502.127200046635,780525114723.6631,418537510063.70795,1.022836496505446,321428098.7271977,154768.42027606076,413319.6436393804,17116.5599210494,18
2024-01-16 06:00:00,39348.231375925345,39551.43778908365,39249.62121617663,39440.006203688616,1856.537711162838,19500000,0.00039407013061679906,3440629548.608467,39440.006203688616,39491.37789903713,1.3572905489821472,830.3439533092851,784.9763310662934,769080120971.928,545844582361.18756,0.9801258970416369,730092243.2118359,168028.099343418,392990.15412243025,20066.551807797427,23
2024-01-16 07:00:00,38813.17509466554,39044.78353789469,38624.92092914649,38800.59907870939,1788.184926807927,19500000,-6.810544772666031e-05,3106479469.1342483,38800.59907870939,38751.55523453974,0.895983598285561,993.5631602092262,580.7099290272205,756611682034.8331,553706582983.1687,1.0073661515431966,473773808.07213444,178732.17237920823,660698.9549449271,24371.523097972866,10
2024-01-16 08:00:00,39018.6672063712,39188.24396334516,38927.62090254455,38961.805126611616,1922.0007259500585,19500000,0.0005711630802157044,3863692038.712814,38961.805126611616,38911.60734854826,0.7673052278215274,1300.847579622381,750.6960167321171,759755199968.9265,438969477076.746,1.0300662224331358,239444961.99700728,174877.36914238165,397292.37861292204,33711.37490357108,15
2024-01-16 09:00:00,39503.539254768046,39995.23312834052,39218.61201954008,39629.330541095136,6654.839278227257,19500000,-0.00011525012666846803,3013066442.5558324,39629.330541095136,39585.1913259198,1.0513234458621816,3062.039738274658,3206.0896655756987,772771945551.3551,392408334891.90424,1.0099629843441997,339202983.5711156,243608.54868405187,401931.84881900926,29267.43346370389,12
2024-01-16 10:00:00,39644.344073973465,39758.444070140664,39554.46578817257,39642.35175155528,5019.962078205153,19500000,2.859648313603622e-05,3429281448.197495,39642.35175155528,39646.68115988998,1.2401533049727895,2169.406495497182,1891.559509284438,773025859155.328,445339307670.27325,0.9841196891088009,330928555.91226673,178508.06522243915,359995.5734698645,15279.692386792914,16
2024-01-16 11:00:00,40696.30405586089,40990.72177396588,40617.603361826354,40714.21308152635,2785.6488099594444,19500000,-0.00022387301610117554,3569283846.9955688,40714.21308152635,40767.238381677416,1.0748804295201413,1803.9387258163472,1060.4868511873924,793927155089.7639,465916098269.29205,0.9916287289730971,427467528.1634403,150847.46901203124,443238.9795134062,29630.5062300113,15
2024-01-16 12:00:00,41450.332825774545,41472.73851784714,41291.611760419786,41422.04085232708,3035.950494431032,19500000,0.00039722852037035673,3651628872.655091,41422.04085232708,41401.24110254915,0.9807838976429409,1633.5871390206582,1220.0627235581585,807729796620.378,489379908925.194,1.0304696818764383,573808178.9272565,185719.99688712775,466976.124933499,25403.224746157357,11
2024-01-16 13:00:00,42128.46541642721,42532.2554209819,41748.31081664091,42129.5556255283,1981.73536519567,19500000,0.0007292531842133704,3382505119.852186,42129.5556255283,42113.68569977008,0.7485040422817866,1317.4246345663596,1038.1172753674466,821526334697.8019,437303334726.7364,0.9672446614921553,1016436921.8948642,209444.2158442318,370584.2267260551,18262.109985776777,17
2024-01-16 14:00:00,42479.44983069527,43021.14120699685,42141.11518041944,42603.306100837035,4651.818878990062,19500000,-0.00042854508828085925,3094719414.6731567,42603.306100837035,42598.363352373795,0.9883940259446191,2287.936588022951,2707.54452211341,830764468966.3221,451759933592.16254,0.9716705459797764,273699591.645843,197512.8373358262,539147.5500185619,23263.226450493592,11
2024-01-16 15:00:00,44525.272488042356,44967.88142510857,44103.66611524678,44637.97348815058,2465.251446444654,19500000,-3.848620590409473e-06,3362372075.242688,44637.97348815058,44668.00717208444,1.2797067949714727,1450.2078336211976,998.7053849514907,870440483018.9363,562893221705.5612,1.018047662794352,399645731.439359,194794.7838323516,467059.86399312125,26152.136165735494,16
2024-01-16 16:00:00,44462.250772362626,44669.09470809353,44169.7743737383,44459.63444953321,2617.465416582505,19500000,0.0004794339541150105,3376479248.1327767,44459.63444953321,44442.84536658717,0.7812786424185367,1772.0085557469454,938.7445800033295,866962871765.8976,551855025133.2393,0.986825692163746,339032882.38810956,111914.16405937533,524593.9709842259,22339.593677601973,18
2024-01-16 17:00:00,42805.5038356619,42899.67313577133,42434.42548826425,42717.60971204412,4041.595770906149,19500000,-0.0003340836564276804,3369912175.8335867,42717.60971204412,42699.09517559326,0.9522292781825381,1824.8158134417617,1722.4920893614692,832993389384.8604,540305130679.03613,0.9564082541095094,292158848.9016268,87279.5832636921,414311.2966096585,25439.872362573064,11
2024-01-16 18:00:00,43919.4870896274,44473.28446842128,43708.659936808195,44114.844151217716,2713.5215383694317,19500000,0.0002700051720913259,3874198684.290365,44114.844151217716,44059.90373326803,0.9254298502556028,1737.2468729665936,1100.4738369968807,860239460948.7455,484474386597.9185,1.0405245600112574,504046495.44306076,223868.95440265877,464462.8549289541,17002.48340340991,14
2024-01-16 19:00:00,43747.45997834269,44069.59619229097,43321.50915941123,43717.23156045111,2650.535577431708,19500000,0.00046644166006227117,3253222165.7276063,43717.23156045111,43696.60921940183,0.8697574371096979,1562.3715149352483,1582.3895504576872,852486015428.7966,469666131827.92145,0.9670119913636028,485452496.5273728,181627.7172536399,423954.19640210044,40048.62473774969,21
2024-01-16 20:00:00,43920.28851322553,44017.77136776746,43592.19333042861,43816.039463764246,2996.7618541994802,19500000,0.00012346864430705116,3672279201.0374713,43816.039463764246,43872.01277834432,1.0508344900019544,1929.567079817992,1316.0593670100432,854412769543.4028,474593485647.45764,0.9940170996004108,234855047.15207338,161879.19818709654,592162.4647398165,12347.570243790722,12
2024-01-16 21:00:00,44969.51713586707,45186.25580766766,44809.848336488285,44983.284348871304,4436.751337599859,19500000,0.0002650789212820398,3630600007.8305774,44983.284348871304,44991.87282780029,1.0927102175102794,2001.8977130019728,2235.168798539164,877174044802.9905,645032517690.8854,0.981414380689387,488700414.8760797,193605.57636442222,452821.29188247025,26195.8260764398,17
2024-01-16 22:00:00,43616.938430290196,43818.79715805378,43289.98993546055,43568.99489081362,6790.273759233057,19500000,0.0006282707158382822,3871223354.0690928,43568.99489081362,43541.117072925765,1.0904226582660037,3600.3792943234766,3898.5434669015735,849595400370.8656,483057456662.04706,0.9910694954337934,299564886.90895706,263504.9635838446,443188.64325532725,24588.37474551964,15
2024-01-16 23:00:00,42436.36666756247,42847.31452280928,42204.60490962647,42496.1220865567,3994.777316607528,19500000,0.000684527966230344,3546934159.5056934,42496.1220865567,42552.903023947,0.8225368847041243,1752.313737999305,1952.3214709830365,828674380687.8557,523589387754.588,0.9734614162704598,487465992.8214564,231742.6555031451,403669.43838419963,26712.396313177913,20
2024-01-17 00:00:00,41151.0114786068,41442.31410620115,41099.97607017288,41160.83790416615,4454.442143777044,19500000,8.14098360896551e-05,3819137609.3975587,41160.83790416615,41140.86610985894,0.719501448921909,3064.765918499711,1669.5852396632665,802636339131.2399,487082235115.176,1.021428377130804,806164680.0513268,207016.78236753977,399036.1422722165,17809.5283657754,20
2024-01-17 01:00:00,40384.96042941458,40776.89502813956,40226.358426409795,40516.307289810546,2697.4791533073103,19500000,-5.9713354789769926e-05,3535860002.7390904,40516.307289810546,40577.89027713572,1.0538790469356616,1129.7245460538882,1300.786566893172,790067992151.3057,563213039720.6693,1.0033247057292074,583892345.8081905,130394.34901900457,463955.728975078,31280.779314643954,14
2024-01-17 02:00:00,40686.54960668712,41143.85259435046,40559.06830787181,40878.21474508261,2092.4712619111783,19500000,-0.00017599403332210892,3711683566.4399557,40878.21474508261,40939.679514017414,0.9037668977638864,878.0951432951363,880.0157837908777,797125187529.1108,446976024100.54614,1.0295096078563268,520867806.7950598,134699.5873955495,521214.7854245749,21324.369282715932,15
2024-01-17 03:00:00,41391.05469840332,41503.00511690334,40963.30366378505,41313.15743446362,4133.96848199089,19500000,0.00039308924512861375,3178784452.495191,41313.15743446362,41319.602767345634,1.4443544523097522,2767.472209911589,1763.9848591871657,805606569972.0405,467447841494.4758,0.9817249536537483,392675330.3753953,89625.82919248083,385805.4016098087,15431.027254376866,15
2024-01-17 04:00:00,41464.3732208154,41700.65082398378,41307.28852907279,41546.218850483114,3247.433958717603,19500000,-0.00031153266733729046,2902788761.9141536,41546.218850483114,41488.11440574569,1.457761353122,1591.9851474947832,1928.317758260027,810151267584.4208,569405328823.9348,1.0639906530984764,498317040.6994618,190685.04529793936,453756.4391547788,15860.02201890331,16
2024-01-17 05:00:00,40355.98561663651,40411.22996297752,40024.438905120034,40392.78569387815,1463.6457272081482,19500000,2.4227788602639296e-05,3694842437.247965,40392.78569387815,40489.304280149205,1.4890494433299362,847.606036923579,561.4212821684523,787659321030.6239,392480623958.23224,0.9428605364348817,607766724.135668,214734.3151294824,459013.03999018995,22866.11777276501,23
2024-01-17 06:00:00,38465.90991463004,38876.41378847662,38295.740731968406,38572.86802274313,2529.976234722675,19500000,0.0001308069312863398,3710730706.428526,38572.86802274313,38591.66365775207,0.8285963285908203,1230.1823707490153,1114.9113032816992,752170926443.4911,472580241096.275,0.9524459527623312,584148936.8455914,219157.1894872847,475286.3308884448,13643.84172264568,21
2024-01-17 07:00:00,38509.78162234546,38785.90218340677,38219.61020083941,38618.68397108987,2859.927312437331,19500000,-5.0900753815626325e-05,3723910588.916752,38618.68397108987,38610.03774883696,1.1206107143312367,1700.5914642638286,995.1406328373422,753064337436.2524,429225934673.6938,1.0525925454314928,466287285.42950696,192693.78811053067,314424.95809108054,37803.30437188789,21
2024-01-17 08:00:00,38246.53406688915,38427.505347726874,38194.79341801478,38259.83607070621,2309.464749481597,19500000,0.00018394607950573716,3437483152.443092,38259.83607070621,38300.24335159521,1.1902822971075568,1057.1362668978643,816.5418847710515,746066803378.7711,556369968669.983,1.0142212500233916,529238918.46586686,156605.2027932437,367711.32267528237,30172.204059636682,15
2024-01-17 09:00:00,38560.48991142719,38711.586670781595,38203.9402567598,38616.83783982233,6253.319972344019,19500000,0.0008693539954878275,4038655918.712817,38616.83783982233,38647.82023644717,1.163777112315641,3362.1652529571866,3008.1303523435477,753028337876.5354,501829556777.9119,1.0102415824916822,286536152.23882306,141340.99224952154,336660.77364642627,38103.190442427505,13
2024-01-17 10:00:00,39196.33014893993,39278.417957602716,38978.502820356305,39166.72237864865,3789.2353323696398,19500000,6.352042289603728e-05,3455419740.88127,39166.72237864865,39221.98420929204,0.9315740572884962,2122.152352414033,1990.5031766599534,763751086383.6487,346106696028.54144,1.0129382592195404,361678151.5082569,132410.04669353482,445332.6835567272,36916.985904678215,12
2024-01-17 11:00:00,39314.63979955653,39545.73987382939,39177.042821045914,39279.089205700315,5922.935455450447,19500000,-3.062168822821688e-05,3707673105.723556,39279.089205700315,39257.00069674413,1.2915369981812068,2962.0177734823606,2907.7938620601512,765942239511.1561,537570563575.8006,1.0171362181045134,643880624.3811008,156239.25351177118,369462.79568089056,19819.628431512218,18
2024-01-17 12:00:00,39910.38042905831,40003.193222125345,39788.468776192196,39884.78638984448,3400.6185850190673,19500000,0.00040459954731455577,3759571774.119088,39884.78638984448,39901.477112522814,1.0000950017856884,1617.0287669701843,1356.1163604111869,777753334601.9673,514059097296.6693,1.0089930316130185,679462892.834805,127458.16046691257,400613.24970388814,16969.97968652634,13
2024-01-17 13:00:00,40091.17650973418,40116.91859375016,39965.832147763234,40072.05406214747,3104.7668972889346,19500000,0.00017187509324365657,4113331877.313897,40072.05406214747,40028.54101157662,1.0259522697829668,1372.4994650850092,986.9602277837002,781405054211.8757,483133582790.8237,0.9710228652512468,503673821.18504643,252455.05611041738,348413.0203893521,9864.208630803065,14
2024-01-17 14:00:00,40630.98884245735,40942.83469500959,40354.64463422604,40503.179584563004,1866.277513097582,19500000,0.0005318007313634129,3495134272.736485,40503.179584563004,40534.21856421554,0.7352338329071102,1141.869393994839,823.1761152744322,789812001898.9786,411364532127.60455,1.0245457271521838,876621869.5117161,117525.08883027875,408134.7598357616,19499.22036620107,14
2024-01-17 15:00:00,39855.066791193785,40090.710120367046,39569.09890220606,39940.346922209064,2998.7918401844695,19500000,0.00014940628594591553,3402392057.4398074,39940.346922209064,39943.42451087812,1.1376366470634782,1350.9101867442348,1353.2974683405905,778836764983.0768,385364533330.8749,1.019820346346147,594486024.9492303,154931.23941201277,353337.6095179667,37410.09462529518,18
2024-01-17 16:00:00,39796.736442221714,39952.447360106074,39418.82542199117,39801.10937945869,3000.478223674683,19500000,2.5473037608690025e-05,3180004246.9191628,39801.10937945869,39816.273970510905,0.9492506997453471,1463.146952066083,1593.8404774193991,776121632899.4445,495569083256.4418,1.0428529344021948,441968421.47136986,100302.44962594629,514824.6768614596,17182.46734907266,15
2024-01-17 17:00:00,40052.581374320434,40225.33548000687,39694.691068192275,39962.05215495445,1504.8418039187295,19500000,-0.0004351174664283665,4058946769.5264063,39962.05215495445,39960.19992487297,1.0974131982648487,754.035039497957,740.5128911605466,779260017021.6118,453515367004.12915,1.0529272323070349,297849504.5998524,175279.77933228866,486915.3628080953,20682.09649821702,15
2024-01-17 18:00:00,40730.07504173996,41062.04340993789,40405.0262805232,40627.32530135897,2276.139909720963,19500000,-0.000385920408143522,3707830874.2417192,40627.32530135897,40621.19102942806,1.0481458436041824,1220.716683965638,1277.7739331076848,792232843376.4999,561285952480.3696,1.009914282389298,862627308.4794805,162657.8302666976,455907.79144013085,18650.512885841395,11
2024-01-17 19:00:00,40198.04955646123,40442.01771226543,40017.7219872853,40312.67976184736,2536.0390171285467,19500000,-0.0004507096071281308,3717231056.681825,40312.67976184736,40281.710304546235,1.0368500462134858,1548.9380971330886,1356.514244172878,786097255356.0234,415619107952.182,0.9631735294710345,660248596.1253316,148866.0833888612,416487.4524912835,24649.17095091487,15
2024-01-17 20:00:00,40713.693796368534,41047.96144653905,40376.50523702038,40739.14398299151,3665.572362684814,19500000,0.0002138017498852719,4600065315.24018,40739.14398299151,40775.419347714334,0.9908989530393417,1936.8281025735419,1502.0171565427768,794413307668.3345,509422295457.36707,1.053175687936064,996066488.828003,128901.5461087276,294331.70150130865,32397.13931917342,14
2024-01-17 21:00:00,40637.252001205714,41019.05720581762,40182.82836890247,40527.17039107785,3754.367304997436,19500000,-0.00030867484396023784,3679356020.1700115,40527.17039107785,40591.59659744625,1.1703700102984365,2482.868545571732,1838.38762409925,790279822626.0181,414622609443.4906,0.9694555019499118,1154275812.6084588,162854.9911346369,403672.2942365825,13880.452227272604,19
2024-01-17 22:00:00,40477.142090492714,40744.64264918807,40317.55979522474,40436.05266358253,2229.072277904499,19500000,0.0004766732097758148,3230214199.4196625,40436.05266358253,40417.58679777185,0.9610022704947551,1346.2163131013308,1168.4483893093156,788503026939.8594,505347745010.51306,1.0101389258101714,289951399.0121748,142042.95310471285,379917.2296484758,14700.947191851465,10
2024-01-17 23:00:00,41132.666466598064,41310.22840591801,40724.59527983419,41116.60935902284,3768.509338307157,19500000,0.00010907396945678612,3529167039.8551903,41116.60935902284,41143.480728666036,0.7474861637735133,2455.3572412577882,2212.356583553234,801773882500.9454,372426688571.6489,0.9922979822073743,290253867.26070136,157280.01451338056,464842.9304146548,34405.99191546217,16
2024-01-18 00:00:00,39496.63541516507,39809.31895457332,39340.57814069014,39513.838530819085,2721.5600300162732,19500000,2.6743924269499354e-05,3315974576.5663557,39513.838530819085,39534.86714863266,1.120518048056713,1673.5041045571425,1161.3050383199732,770519851350.9722,437279437592.5649,0.9870812394944563,154347951.1809484,265496.64962761954,500789.6510713494,27444.472549261845,18
2024-01-18 01:00:00,38476.72872862066,38682.60549703249,38168.88486032066,38506.286225218275,709.9467644472754,19500000,-0.0001531565225613014,3473159475.920383,38506.286225218275,38510.448670482394,0.8506103698811533,315.6349053954074,351.05774020139995,750872581391.7563,376792129872.59296,1.0229290036459455,700527972.2734108,169913.42200373625,472090.7591881577,20377.483731157612,11
2024-01-18 02:00:00,37406.85852551476,37561.882748509335,37023.85961726224,37385.30820850437,2339.398172479265,19500000,0.00028667762448106185,3471292471.67821,37385.30820850437,37331.9744873236,0.7673192220741689,1622.0876718312354,977.3985693407458,729013510065.8352,460576300366.154,1.007333787978039,630859084.7198901,185946.96953065685,569553.3076696687,36758.50213801865,9
2024-01-18 03:00:00,35666.09795637369,35871.55206717143,35415.13056884457,35684.10944816935,5112.758288593451,19500000,-0.00014134934586272337,3420450309.215851,35684.10944816935,35641.23151677969,0.8150965823362329,3251.5909504376746,2665.5286277003293,695840134239.3024,379245687719.84985,1.015397244738044,504516750.83459854,144912.2703285374,394879.9813868881,14625.053556599009,15
2024-01-18 04:00:00,35203.835034923984,35318.69312403998,35146.96298368638,35206.83315173787,1285.7495333128657,19500000,-0.0001956134012209642,3206793610.26014,35206.83315173787,35182.857933804335,1.058302782013848,735.2128373469365,737.5032983129805,686533246458.8884,467844798735.2627,0.9755294112950988,297090304.93839633,133771.86427072808,391619.0455756621,29125.345322298264,19
2024-01-18 05:00:00,35747.70425540387,35784.971314405266,35532.58811923448,35742.08569202538,3153.7440086770207,19500000,0.00045650497618160456,4072000059.040539,35742.08569202538,35669.207410469025,0.9808813638547893,1417.8264302910884,1815.824264511804,696970670994.4949,337597474431.85114,0.9947777510387602,468190828.6740676,161823.34748780692,544474.0957158208,21580.136570080944,18
2024-01-18 06:00:00,35494.37100285838,35690.020886842045,35452.211810120316,35542.571814852556,6585.533359945899,19500000,0.00020638634823250677,3671653136.6824107,35542.571814852556,35596.17110536923,0.6527659700298083,2975.371595528539,2286.011533839728,693080150389.6249,427536138496.0501,0.976913950604779,522367644.63083214,304364.56875869224,457367.85429689626,26422.287350471586,15
2024-01-18 07:00:00,35724.99838198388,35769.2462507633,35405.39689764282,35687.01816072476,2037.9374541530178,19500000,2.9521171525518348e-05,3520828743.0934844,35687.01816072476,35703.709094358324,0.9261387767997317,1190.7655348115998,736.1620664129413,695896854134.1328,437095151517.4115,0.994027852360676,663533743.1605375,151470.03207459959,421089.32008839515,10762.835984948766,11
2024-01-18 08:00:00,36689.2172870963,36839.805051165415,36373.99948501082,36476.613734360944,2984.162867852863,19500000,0.000292429895420115,3808918114.6872997,36476.613734360944,36479.16851814485,1.263450215478393,1566.2651561445718,1571.0985908245007,711293967820.0385,324799039357.50995,0.9964371332539778,541143345.563027,178146.13058967917,640051.6972194434,20369.398743730628,11
2024-01-18 09:00:00,37328.78536530074,37670.56212992104,37069.27011617291,37461.92404231402,1553.0746207052903,19500000,0.00010267956193320958,3722589562.4377837,37461.92404231402,37383.619786822084,0.9136943851396852,936.1279195059041,759.9240179929724,730507518825.1234,336614733175.2724,1.0553291251961439,632708594.5788414,132309.66104747323,496602.95846374985,27475.198797155666,10
2024-01-18 10:00:00,37438.14538610843,37786.58639125297,37073.400198806165,37413.90024159429,6725.190766488405,19500000,0.00021490394513550508,3664857384.190219,37413.90024159429,37349.40350939517,0.9674463472201339,3441.470555599291,3843.662980418015,729571054711.0886,395771906908.8939,0.9922183445659378,461663880.1089887,81730.45604563197,425870.74563643284,21611.933856955482,7
2024-01-18 11:00:00,38385.987350429554,38458.36298257035,38316.504932048265,38444.437511146556,2859.304483071399,19500000,-0.00014505437071263652,3786847992.701446,38444.437511146556,38448.19194154583,1.2319500093545126,1583.635942588768,1126.9667488195655,749666531467.3578,474330980780.07654,0.9362320502640806,778276764.6988286,133591.5336264419,385698.4159619795,32099.294537133075,18
2024-01-18 12:00:00,38563.671845766105,38803.32902630744,38367.86403089689,38519.18968694771,3051.2707476241626,19500000,0.0007211195826731867,3623530919.410607,38519.18968694771,38598.94328267311,1.172452667485216,1392.561557955746,1691.6435526153805,751124198895.4803,554922294687.658,1.0418527461196236,624643741.1228484,295131.8196651581,576829.8036590576,31778.381233226242,17
2024-01-18 13:00:00,37886.75946935898,38060.18049853172,37638.08246259979,37883.23197423456,5867.302298080437,19500000,-7.388599030286749e-05,3782374093.7628746,37883.23197423456,37860.55339729227,1.2267276997799132,2620.1045284061397,2963.7665865401273,738723023497.5739,352544521268.6724,1.0134777812207807,301785413.58035547,188876.2983512617,461113.4578532139,16521.715944840325,14
2024-01-18 14:00:00,37496.332526646926,37503.929706652,37282.1687487147,37439.28592920312,4149.483706124936,19500000,0.0005668048980849932,3807539374.8428106,37439.28592920312,37475.369838642706,0.5743532108437183,1753.959496776142,1488.1579441137142,730066075619.4608,482536319936.67035,0.9960696869633984,845710911.5539984,245298.4840548009,444588.04193043424,28203.39938983849,16
2024-01-18 15:00:00,36436.02935778728,36526.954804434135,36287.021013208054,36350.56869267114,1924.0461814142157,19500000,4.333934520865707e-05,3631884508.2938156,36350.56869267114,36336.759024104445,1.4143988611074463,1242.7256349838046,650.2281567152028,708836089507.0873,466282896421.3962,0.9868835389941671,792124083.8906178,149203.9500499566,506487.6834981544,16353.565122006628,16
2024-01-18 16:00:00,35727.901562447514,35770.23385677486,35703.77456433424,35714.157246332536,2156.757117285997,19500000,0.0003421291346964887,3522259205.8444123,35714.157246332536,35719.70148564959,1.135735077965117,1222.0528221955665,1101.708374220874,696426066303.4845,453263524004.95624,0.9715922303182934,584454735.7024711,90290.9239205652,527559.8361562296,22386.304225506246,18
2024-01-18 17:00:00,35543.1831249841,35620.23866520567,35318.699971931244,35462.89143018944,3817.937568482643,19500000,0.00032026704970784087,4051819288.0044317,35462.89143018944,35509.51392078775,1.636067150383385,2612.012635066467,1326.8801193213649,691526382888.6941,418265723538.12604,1.0581414429125948,542819321.890684,123355.1348191422,493843.52594643336,26818.26528369958,12
2024-01-18 18:00:00,35872.06707007296,36140.00697643445,35639.182372632524,36041.04898050282,2181.8741154881923,19500000,0.00044405552654501365,3450440968.6373816,36041.04898050282,36032.18462575315,0.855161271534136,1363.3350613587024,1174.5000259453077,702800455119.8049,520105920237.0464,1.001555346659801,941932927.2880553,179738.12155582526,527970.1965284334,17144.198588132644,21
2024-01-18 19:00:00,37425.40647000728,37575.59699721396,37092.60251721418,37306.73729788095,1034.1947090231843,19500000,-0.00015218711214924342,3698913955.7411375,37306.73729788095,37284.72240909806,0.7027949409401081,652.1931214558643,483.1018355837743,727481377308.6786,436876240443.005,0.9478674656955558,252437652.01873216,172715.92386394402,484210.4337965834,27891.51656131376,10
2024-01-18 20:00:00,36320.421096801096,36512.57043228423,36236.491747449516,36293.196687903466,2902.6506062394014,19500000,0.0004226906203836586,3705606102.9660325,36293.196687903466,36348.29232111043,1.0014447339690673,1604.3458742857347,1286.048722257786,707717335414.1176,496456013489.24316,1.0098322009985572,797099290.7612276,162331.21286133205,494339.6530467793,18927.918419289355,12
2024-01-18 21:00:00,36661.978892237654,36662.341843601986,36418.239442156955,36583.11715272662,1422.1053159035605,19500000,0.0006539319552734321,3414289896.7553196,36583.11715272662,36588.44211154892,0.9464146696605742,916.7405397637078,544.1809867719583,713370784478.1691,377199211539.49036,1.0361851510610451,401018179.86715704,142548.52497864835,382189.72593056905,18504.898166451694,22
2024-01-18 22:00:00,35745.81654915665,35891.243789357955,35613.74610678644,35833.24075166068,6688.47300557763,19500000,2.2392106227442883e-05,3360562505.2118306,35833.24075166068,35875.92549045626,1.139663218876961,4565.678979287928,3980.6693126667055,698748194657.3833,483458670064.09314,1.004693040050605,751867732.3143369,205855.33045240774,635438.6179299863,27227.841002396835,14
2024-01-18 23:00:00,36118.56486499662,36212.52825629879,36019.5268924629,36178.67717570441,3256.4529142653664,19500000,0.00011041182014263673,3484853483.822721,36178.67717570441,36157.50364492321,1.2398441285299648,2007.6751101242537,1682.446832152965,705484204926.2361,528382074650.9685,0.9729521958341406,509097617.41505706,143582.2515486556,345678.5818839097,17140.650042424786,13
2024-01-19 00:00:00,36098.09226067653,36296.513871474795,35824.38295556258,36087.559147033,1895.8308631344757,19500000,-5.7033992744046224e-05,3446491698.9629965,36087.559147033,36141.93134166418,0.9826926932967855,818.3859771355679,1011.2723816737868,703707403367.1434,508798605704.3429,0.9702677714192602,295101401.9418457,175773.97531793313,470652.600783377,16881.090331986637,17
2024-01-19 01:00:00,34792.29628317133,34907.97850362428,34684.561231437416,34793.48189815982,2102.082486687834,19500000,-3.930875655529963e-06,3190200342.519885,34793.48189815982,34806.48169197301,0.9529988241563419,1251.3822280619656,1115.3928795176098,678472897014.1166,367204129632.86066,0.972480432168423,397773010.82270443,170899.68762148428,338624.3257904681,30101.99754056788,19
2024-01-19 02:00:00,35469.10316965872,35663.61492843295,35257.55904841009,35449.034153570385,1158.9865124747698,19500000,0.0006134268396797471,3402854221.7784643,35449.034153570385,35467.99185839698,1.1102042017034015,505.468745582339,550.755806849284,691256165994.6226,486538746472.37573,1.0456497399114086,730099678.9313469,148430.83767310044,433815.3458847835,22755.613599731798,13
2024-01-19 03:00:00,35102.160258601165,35180.02502962144,34702.81739053167,35026.18739607992,1720.3259481803334,19500000,-0.0002012703578390612,3662082599.4363217,35026.18739607992,35034.30048774847,0.9500261835474224,727.9847003925864,1001.0742748431604,683010654223.5585,326873283376.3913,0.9978500783428953,446038954.220577,130571.46589646961,394644.75012035214,14239.344497236647,13
2024-01-19 04:00:00,34535.27622530086,34666.03026139927,34349.035775212884,34657.632940795665,4955.0453607861555,19500000,-0.0001826356465552316,3966998049.241249,34657.632940795665,34643.58013770296,0.9342638180681286,3012.024025671435,2354.3722177949057,675823842345.5155,441524007132.77075,0.9496382675596411,378378597.91180414,146263.85246517466,454589.99157666514,28472.45516632445,17
2024-01-19 05:00:00,33993.478044573596,34313.48139547578,33718.05991746031,33927.399746719326,9098.756845117114,19500000,0.0005832702809243131,3747486954.498763,33927.399746719326,33930.73539330964,1.2305078713935023,5918.155636923713,4149.157551706929,661584295061.0269,365620505084.94696,1.011524017775334,377367917.0738542,259991.81940465982,473710.4439494132,19497.07299231323,18
2024-01-19 06:00:00,33490.232802694365,33526.50544462479,33465.1482407193,33489.67808569751,4286.381816311648,19500000,0.0002873645277665087,2911799873.4149733,33489.67808569751,33478.20484891194,1.2865388768691144,1918.809309786117,1637.8827838942927,653048722671.1014,422915023403.6152,1.0042311035672065,627277113.8954842,214939.52013009135,365394.64198726293,14459.342119942003,18
2024-01-19 07:00:00,33767.11623692796,33823.73810641194,33706.965473553035,33780.88409979254,2846.879413346229,19500000,0.0007361110747127573,3773633989.897564,33780.88409979254,33816.67650253314,1.2420872725206513,1202.0794090025354,1094.6842810630956,658727239945.9546,377895153255.66364,0.9865331359935001,977250927.8198136,210049.22412356694,439818.3628719883,10381.757897327218,13
2024-01-19 08:00:00,33557.6088535354,33705.95715849371,33523.732044941986,33656.63442882814,2401.911871115293,19500000,-3.5131591347755946e-05,3428360025.5667605,33656.63442882814,33653.165871430836,0.9669137870746612,1599.569707518724,1251.5526217582105,656304371362.1487,297115515828.2254,0.9693877973173357,206053551.50766248,133704.05253733043,584630.2321032585,28883.457030345915,21
2024-01-19 09:00:00,33916.07287428611,34248.883335261926,33622.85049703063,33881.98430011782,1847.8019807967885,19500000,0.00013788434117127082,3717236697.597161,33881.98430011782,33834.66786415071,0.6518389234174209,812.4097947501828,739.9157656826055,660698693852.2976,343155647386.9764,0.9680831530068137,1487367742.66548,113615.77973701016,340287.79025868897,17017.96075240233,14
2024-01-19 10:00:00,33966.74522749494,34342.35661309015,33682.81004363699,34131.539663232514,8348.88227555403,19500000,-9.820308313154129e-05,3580861243.5952168,34131.539663232514,34077.63149937667,0.9707937751058259,3427.431810074266,4329.840749914469,665565023433.034,307967498764.5403,1.03259901446399,526361339.24273676,214083.96009224615,372946.12312444695,15166.533994396306,10
2024-01-19 11:00:00,35094.030846535534,35308.206190439785,34983.230334341686,35048.58026743988,2712.499053931967,19500000,0.0001429903505943088,3530075126.3350873,35048.58026743988,34991.56610570578,0.8593353799375323,1671.7574095065704,1589.014570767531,683447315215.0776,395156236329.6985,1.0074253856741529,611906257.1297209,204064.58484774944,525523.8899222192,26684.03829920957,15
2024-01-19 12:00:00,34708.71160739606,35156.095069808696,34632.60520773167,34812.599773937414,8585.370379481055,19500000,-0.00043222900918529105,3555711930.027439,34812.599773937414,34837.59420256953,0.9743886758076463,5617.533754299079,3707.0962304061472,678845695591.7795,476564196112.00323,1.0143593099398536,407477103.4203363,168436.18688071668,449329.14595395455,28049.8195813481,22
2024-01-19 13:00:00,33806.36632266281,33836.26425697505,33693.49931411112,33802.75227350828,5983.492788639047,19500000,0.0003054863669965024,3578487475.9714828,33802.75227350828,33767.2085337564,0.8743992686314107,3316.9013740350883,1969.752021287713,659153669333.4115,442555132690.4116,1.0073427642874035,484483508.26995826,148355.25203680625,455992.20131227456,17393.800009667175,10
2024-01-19 14:00:00,34527.2307440064,34872.010229605585,34323.14801132458,34535.46184567587,1248.379743538852,19500000,0.00019704222504770142,3991976855.9344764,34535.46184567587,34549.27899272234,0.9958606198565325,701.5614187411272,624.1448606872852,673441505990.6794,462434540935.38666,1.0098306611473546,524001552.38747454,112872.46550182109,542780.6021920735,28963.514549270178,11
2024-01-19 15:00:00,34390.94342499184,34461.10547080279,34097.34555506709,34310.688107787915,2136.712692829296,19500000,8.273360126022434e-05,3579278873.312304,34310.688107787915,34318.80514227181,0.812324713042925,1070.6173171089908,647.1182026581768,669058418101.8644,463095404182.3407,0.9859481600971528,318891540.04119164,202167.1503300697,377447.3091959331,40801.24506941791,10
2024-01-19 16:00:00,35075.096841792045,35306.25506499181,34834.21722576879,35087.634016162956,2133.4111101824183,19500000,-1.7109297379899407e-05,3910155150.7474127,35087.634016162956,35088.87230806868,0.7740308971863938,1005.9864554222254,1143.7239498652264,684208863315.1776,384239338371.5043,0.9938251193655767,351502515.16092014,218935.79203179487,398767.1549525995,32991.293796465754,17
2024-01-19 17:00:00,35312.148743027654,35509.78670094676,34992.50573054245,35361.23994345701,2864.2929731617633,19500000,-0.00016842619621042985,3864864535.213386,35361.23994345701,35380.27861904062,1.277031567145402,1794.678962777808,1310.9752507849028,689544178897.4117,414973009347.18207,1.0349473541627512,779237952.6892483,137341.64955979216,389053.29824820935,31486.593421746456,17
2024-01-19 18:00:00,35236.40685643503,35407.572823264636,35132.44531213988,35272.14478371527,2892.402855211874,19500000,0.00031831387360982833,3781413217.6367636,35272.14478371527,35281.25570347367,0.8237143080909559,1893.9029361656183,1292.6717041127133,687806823282.4478,414427925704.3065,1.0424377050345734,260747030.0773224,134504.1186939587,412651.78905292845,24203.16615987968,14
2024-01-19 19:00:00,35613.030681745375,35944.67465403848,35288.590164093366,35522.59847474558,13334.628106477101,19500000,-0.00025132699571102195,3107456846.5729403,35522.59847474558,35429.89409296517,1.0000663272508254,6618.955056977262,6278.378263778813,692690670257.5388,335236346658.4854,0.9633372403672075,578769954.4637468,221962.88923047623,578332.6013341441,19281.175540844568,10
2024-01-19 20:00:00,36979.41257994514,37034.59611732875,36733.030733398504,36939.79118383701,1739.5575230338864,19500000,0.0002535687736147729,3919894638.6530285,36939.79118383701,36931.53051413663,1.210342006076263,838.7202761139883,791.3639671783491,720325928084.8218,453403851412.772,0.9937522350067666,418335054.9418089,138625.8538805015,314828.7064631703,21660.252634529283,15
2024-01-19 21:00:00,38480.72147424021,38894.398515660316,38363.033097592546,38510.423021676805,3342.535627416379,19500000,0.0007223354184428372,3455966161.0213633,38510.423021676805,38530.644965499596,1.200647296659999,1605.5452599584792,1327.4318081226784,750953248922.6976,500175365469.8337,1.0251785607698098,330367800.9828758,253917.59188590306,348417.32073849003,25140.17595433415,12
2024-01-19 22:00:00,38549.51621956535,38713.97465790419,38199.71205503062,38567.754634584184,4057.222362260945,19500000,0.0005456564465932894,3796168792.1026335,38567.754634584184,38634.873435024165,1.1723023561933958,1684.4720033328513,1559.8099817361785,752071215374.3916,476279440001.0292,1.056462391966472,1067700108.5202104,158377.5566540282,336671.6447887881,15104.476146276591,15
2024-01-19 23:00:00,38574.1009140806,38946.431911916596,38537.26904639524,38695.38595885275,2978.6158679786595,19500000,-0.00035153838280119594,3316571393.110112,38695.38595885275,38764.51362582554,1.0624454750507069,1442.6107059160802,1264.6882422372707,754560026197.6285,508414834360.0196,1.0534587874399226,331188737.74212664,147762.2102712245,585568.6996427911,17486.517383023893,13
2024-01-20 00:00:00,39572.00077087119,39955.02083011511,39259.74492297542,39541.27923716658,3149.7875619374518,19500000,-6.1021418102990825e-05,3260655470.013939,39541.27923716658,39491.332649990334,1.155809150280398,1284.1535065413595,1790.568506153244,771054945124.7483,374476235372.0837,0.976127265551605,308724298.92894137,164600.56508564888,391257.03952079086,14352.435917140989,15
2024-01-20 01:00:00,38745.170263199085,38904.41709685337,38463.15435378741,38882.02064455354,1767.984635526401,19500000,0.0002264352221666013,4198995214.3941464,38882.02064455354,38872.31082031019,1.3160273646859313,1125.3616231273552,602.1952585606356,758199402568.794,514379673622.2897,1.0382513835461749,450203796.17213094,147759.62343942063,414432.4491449378,23636.702808516533,14
2024-01-20 02:00:00,39204.6679738468,39566.47388318058,38787.496642001286,39145.808612712186,3143.9746712590804,19500000,7.891542339569495e-05,3320699713.1877956,39145.808612712186,39088.41636281051,1.0887219864031878,1498.9781089543294,1249.5079012090107,763343267947.8876,391169174585.4406,1.0017590890632104,356760963.8230044,215680.42917792682,320319.1637438521,22582.175439747043,18
2024-01-20 03:00:00,39139.543950472806,39361.782737199355,38926.560279264166,39129.47815888451,3849.5036545980133,19500000,-0.0003198217154847263,3929148336.7000356,39129.47815888451,39192.86341655093,0.6925045508187342,2336.8279389335626,1376.929456431002,763024824098.2479,544073360522.7396,1.0313324991662722,486405046.0280991,203099.75370593194,419795.42689085106,18109.417763477886,11
2024-01-20 04:00:00,39567.84561204671,39846.560281616585,39253.195610005605,39379.85000437691,3511.506027623054,19500000,0.00021559478544204734,3619036350.094962,39379.85000437691,39423.67411493024,0.8996885408901171,1976.8251980373711,1503.4200288171176,767907075085.3497,401983530087.642,1.0236483604246387,516279951.8462028,213635.50051851448,526130.3865455802,28173.85675793502,5
2024-01-20 05:00:00,38647.58127604741,38790.587162941476,38327.67952790835,38732.803945479114,3964.362946605255,19500000,9.69949314651102e-05,3466427616.7150254,38732.803945479114,38750.2564777612,1.1494390196347997,2581.7481137854443,1348.0797398422599,755289676936.8428,451359385181.46124,0.9620810787230571,532910060.70711786,170438.52187567926,465371.5555301788,16100.729978456358,16
2024-01-20 06:00:00,37516.851036811866,37724.70699929471,37227.66729160038,37524.55573552623,6040.873805911692,19500000,0.0006742976225811346,3572079261.033676,37524.55573552623,37534.540826978526,0.8821270491075338,4156.807532080881,3191.0232304758574,731728836842.7615,436242016724.81433,1.0164992186988153,461708206.1557541,145206.38807658872,432971.50207103346,17908.837372334605,14
2024-01-20 07:00:00,36133.70162142084,36377.067057479006,35824.07508290407,36004.20976621277,4762.286890142751,19500000,2.403138921476601e-05,3230531269.178443,36004.20976621277,36057.51871893613,1.382676658118343,2429.6591677051083,1576.5084892216573,702082090441.149,372563439185.49634,1.0301708977350787,366363042.3628099,162386.40629773904,323522.16115168453,27838.018726250484,11
2024-01-20 08:00:00,35295.94667492747,35456.983481248826,34941.66586762584,35212.044145710104,3089.1378151955,19500000,0.00045040101559797724,3580970355.4178014,35212.044145710104,35258.218586357376,0.9874435329809084,1317.524216282136,1543.267231681422,686634860841.347,383494410427.4851,0.999395342349165,627567138.6251564,146323.58767030848,414326.4971854253,29104.402606564006,13
2024-01-20 09:00:00,34845.40532965075,34948.07308248172,34752.062990327686,34893.992565955064,1659.2497544846556,19500000,-0.00028012652093899263,3287459039.4452,34893.992565955064,34937.890768247824,1.0171959309091427,1036.8547669462034,631.034413588977,680432855036.1238,344080622523.93414,0.9926105071808013,463966492.61833775,234837.51496388935,455605.6687152595,17348.861076027555,11
2024-01-20 10:00:00,34708.98837681079,34793.71963820782,34488.927900132185,34693.44797216332,2208.3421676960347,19500000,-0.00020840278936895247,3473277454.2798853,34693.44797216332,34712.761115915826,1.2522586487254945,897.4497146431157,975.3297746763209,676522235457.1847,420140745439.8405,0.9528500826468074,397916632.4804157,209100.11407096585,362810.16992365354,23614.41905672129,23
2024-01-20 11:00:00,36067.76289674334,36375.92326280575,35755.56760340167,36067.6186726938,2670.936460153366,19500000,0.000316498587942847,3860351062.4838324,36067.6186726938,36058.62960142449,0.9640906249925129,1247.030853868352,961.5274796089509,703318564117.5292,509138221785.87,1.020508525496528,876982398.1749787,159073.11738789722,504326.03441855015,17437.142346637687,9
2024-01-20 12:00:00,36898.802329376,36911.52171288233,36760.74004288981,36878.00638881774,3381.832210332029,19500000,0.00042511923418221237,3658559230.9954085,36878.00638881774,36909.98422391278,1.0358842472544811,1406.7583318920633,1755.397851099056,719121124581.9459,391908264108.23663,1.0062624510344174,462184729.1822386,129104.9941974401,528085.6203675848,20760.307305225844,16
2024-01-20 13:00:00,36128.25261290706,36435.26530938643,35953.554453744815,36178.80746285017,2346.860177883212,19500000,-0.00018721781782231767,3184070861.221172,36178.80746285017,36211.9487665683,1.1970075054816423,1571.092665308844,1371.6994004219553,705486745525.5784,424998466613.7796,0.9723344825586975,750908707.1328517,239236.98820087037,398025.06444223307,22997.739747753054,12
2024-01-20 14:00:00,36428.41239563463,36799.048131173186,36081.961854089066,36434.92115929526,1867.08449648102,19500000,0.00010722322194517352,3837623186.8530197,36434.92115929526,36431.6187902366,0.7449381209596525,749.8008283288877,684.3305054220633,710480962606.2577,503421363212.9743,0.990224800093708,792525610.1527716,168412.4036380954,511532.51932932454,26058.77544242433,16
2024-01-20 15:00:00,36027.58515424623,36145.80688212924,35740.00870316858,36143.10229519163,1645.666347158997,19500000,-0.00031447375205872336,3582877262.059003,36143.10229519163,36134.02137981665,0.944537742561396,901.5332985011485,964.2715514335945,704790494756.2368,412830830792.3341,1.0046350974738332,812047289.0449752,157543.6961985534,432809.1209184527,24228.083246269227,16
2024-01-20 16:00:00,35951.43702161249,36009.335258847525,35622.90676660547,35941.723882018436,1305.5910387349322,19500000,4.5634052108356194e-05,3432741941.1520905,35941.723882018436,35986.051287012924,1.1803731993094804,688.3072537490322,519.079679541213,700863615699.3595,490168662881.8482,0.9832409263284199,639670093.9718366,239764.6700761828,556502.8641003015,23907.528830989093,14
2024-01-20 17:00:00,36111.26965030879,36354.7117166365,35939.804735071695,36078.797241047454,2650.5558404869203,19500000,0.00035107683568723775,3805579454.4977484,36078.797241047454,36142.444428445415,1.0132064748987302,1579.2631910841922,1238.748272164626,703536546200.4253,410807089839.10754,1.0000803138252967,485042270.7307191,143273.8046954088,664526.563836161,15937.825079978738,14
2024-01-20 18:00:00,36515.390848398936,36553.92287946315,36151.51305801852,36532.00702355894,1429.62475390933,19500000,-3.0487549740843432e-05,3537278393.6250296,36532.00702355894,36508.28329232949,1.341068604788326,696.1174979589811,729.7905345225915,712374136959.3993,414653565814.54034,0.9475020205838965,472894711.1753176,150281.91983621396,355495.1564834002,24747.580157239925,13
2024-01-20 19:00:00,36171.38300897499,36502.62539830048,36116.197919764854,36288.59887684323,1807.567247279177,19500000,2.5289588216859167e-05,3265723255.1734557,36288.59887684323,36282.670166202064,0.7296541154061541,1196.8058559077879,650.3276013267812,707627678098.443,351812659946.6758,1.0404826509055587,440029334.7790755,153631.2090392667,516017.97581584967,25986.166178823947,19
2024-01-20 20:00:00,37145.987378027574,37400.06597016206,36880.37008078791,37072.69230286145,2448.05488464216,19500000,-0.0002389386194888155,4156024382.212107,37072.69230286145,37089.40960605403,0.7131950357201565,1518.5375577652137,1061.058424256035,722917499905.7982,352417688746.30524,1.0004772785489886,203920696.1764452,117108.68416568104,574349.2347704537,27083.5106621002,11
2024-01-20 21:00:00,36265.63729675439,36478.932318135536,36065.532171301,36239.21709277924,1528.498783273817,19500000,-9.450752408747769e-05,3579958354.852957,36239.21709277924,36260.474981205065,1.1664177539705043,809.6279645530811,489.6519014824038,706664733309.1952,447636085107.0294,0.9670193948052906,646783853.8950561,176122.28631429464,364347.7078198602,17750.055934867436,15
2024-01-20 22:00:00,36194.80402742972,36379.80649255642,35905.81306067769,36247.43639958783,3604.275628317389,19500000,0.0006274332748643015,3561647955.82769,36247.43639958783,36232.1267018439,1.1890580546726914,1828.8378369517354,1834.9948694645366,706825009791.9626,493505262411.05994,0.9262087345483695,535004773.127449,134512.68876444793,394342.80220419593,28989.114747608,8
2024-01-20 23:00:00,38162.783045962584,38450.463810450565,37816.02921672062,38184.21205989492,4316.11742021074,19500000,0.00012187746751513987,3470593959.914874,38184.21205989492,38259.95123226915,0.9620873794941078,2782.887811475157,1834.2844536282494,744592135167.9509,365313242373.3909,1.0308740482310017,674990858.9733826,141113.46568587227,393456.02234564064,14836.261158291989,15
2024-01-21 00:00:00,38243.66311370156,38586.75499781037,37964.04863350522,38358.790841187714,2264.901366369706,19500000,-0.00020069232999517944,3939805758.4555964,38358.790841187714,38378.81778427793,1.0833725207389882,1420.3606179212597,1285.3164859983578,747996421403.1604,540822494080.0344,1.0167427465817092,462982298.62639374,136474.23621974856,430819.1831017264,19355.938561706444,7
2024-01-21 01:00:00,39397.21357034209,39560.14758245823,39150.26543910026,39478.1762137737,2395.833212960687,19500000,5.568415024602533e-06,3437498004.220864,39478.1762137737,39503.10207923176,1.1607210368727867,1245.1145624804512,915.6816239058104,769824436168.5872,429303328612.61633,1.0063205714040715,632967771.4184557,140537.89534884575,411978.6879660116,20279.06344268887,17
2024-01-21 02:00:00,39511.91295675083,39777.20384566983,39343.02750691102,39554.45863005134,3899.933907072065,19500000,-0.0003792282863499686,3168111833.6299295,39554.45863005134,39627.98578355156,0.8497843724330838,1959.3718734029003,2250.575408525883,771311943286.0011,445492163186.0859,1.025909440037938,279635401.4271838,131962.27747157263,425211.9724990389,15082.30198216337,26
2024-01-21 03:00:00,40118.9099225024,40472.72148454641,39816.35026086064,40020.58568176017,2085.9975298060344,19500000,-0.00020424790764206368,3395462393.4505553,40020.58568176017,40006.61603107885,0.8681683122391975,858.7350870349695,714.0618892256027,780401420794.3232,560590451088.2247,1.0258269518889014,303925680.1512479,173130.95360818418,523136.48032891186,20186.850307735043,13
2024-01-21 04:00:00,39928.025646199305,40245.75360332348,39724.67208651872,39979.159262025096,2015.521085554042,19500000,0.000508101921713936,3986350421.8697276,39979.159262025096,39979.62174587917,1.038674349192388,855.6132370297627,971.6624388087732,779593605609.4894,560441216944.5858,1.005833142101606,180188730.09895346,156545.46013524328,302802.98413212225,23539.715014460235,15
2024-01-21 05:00:00,39898.14200555195,40086.37805114208,39839.00441339796,39847.12066368433,5422.158373698201,19500000,5.725527268401849e-05,3831685313.2232985,39847.12066368433,39801.164093660394,1.1981968383270793,2256.569671063361,2127.3429221054816,777018852941.8444,472006056572.0823,0.9923735734822655,459780758.4043824,164719.9494063188,364113.64727289416,12737.024491494423,15
2024-01-21 06:00:00,39192.41714628935,39360.83087539874,38995.26133602438,39234.65845100518,4638.256727551836,19500000,0.0006672190528303619,3512517127.6272955,39234.65845100518,39231.81980493754,0.7920019815042012,1889.2762791637902,1644.4219522503392,765075839794.6011,407807979598.5743,0.9874857520415423,356195311.0385423,293152.1449052581,505845.01922709646,19566.877356202065,13
2024-01-21 07:00:00,39597.35407400014,39631.36274045187,39238.95387967545,39577.727671919514,4026.9921083784097,19500000,7.139564845118324e-05,4001201033.3337893,39577.727671919514,39522.757076621165,0.961183898816844,1795.481606292344,1321.582907272463,771765689602.4305,387103655952.7789,1.012628260717156,338030690.60505277,156546.70903589667,494130.64744875656,13036.126193830047,17
2024-01-21 08:00:00,38902.28357884419,39008.48036707965,38626.35979167859,38913.28790661143,4735.4039367676505,19500000,8.920639114255122e-05,3805964880.241391,38913.28790661143,38946.28051263259,0.9523265137735906,3111.835396050892,2352.040887287233,758809114178.923,403287325946.3482,1.0419109412463805,554657270.9751292,189328.12608013663,358001.1799020979,40638.112439492215,15
2024-01-21 09:00:00,39507.56130252643,39511.98091585999,39124.87976184308,39438.696873317815,1109.162646738018,19500000,0.000292268247562637,3509266404.134572,39438.696873317815,39459.204867518936,1.0871850371365295,709.2516067861775,410.3351426178829,769054589029.6974,526178089803.13763,0.9969129048605209,409233772.78386885,194791.9607004323,494815.5718782455,23476.316068952317,14
2024-01-21 10:00:00,40265.01723993027,40705.8222062101,40107.78839148063,40308.13173167528,5865.93854727971,19500000,-0.0007017762746658202,3537645435.543892,40308.13173167528,40300.99439872154,0.9982618383539202,3834.400687475999,2767.8098062453896,786008568767.668,430243201510.38055,1.0442943221775016,273486712.995944,160217.22727907484,576870.6775637558,22873.831003123698,17
2024-01-21 11:00:00,40481.045171522135,40699.10931078728,40266.91127654214,40608.76202247808,3626.5282269305467,19500000,0.00016148179709607246,3680613983.510291,40608.76202247808,40608.744816228136,0.8965719642048376,2129.280176375904,2153.525361383084,791870859438.3225,521342781071.5288,1.0111945742035724,1342644091.2137723,174285.45551207833,438096.59304312745,23614.637303956377,11
2024-01-21 12:00:00,40269.37108693198,40710.03489075821,40255.88746427938,40380.979999323135,4941.334384383615,19500000,8.53040535817145e-05,3354099090.9646754,40380.979999323135,40415.76685740497,1.2836571547149886,2901.645091809124,1950.78221732499,787429109986.8011,400455142420.95496,1.0114207290554997,478035593.8500079,163599.1565484391,361641.1842774369,26406.254902074263,8
2024-01-21 13:00:00,40710.0044743652,40822.08450930645,40554.08599497134,40753.356060147256,3617.653497589079,19500000,0.0005458116680545442,3586205100.3625736,40753.356060147256,40711.143893412525,0.8977609073263707,1581.5640339495847,1123.2209358275181,794690443172.8715,471689378604.20337,1.0721532840197192,314575534.58399254,171208.87801814944,527018.4578338669,29538.401895701732,19
2024-01-21 14:00:00,40405.401924847865,40621.469411994774,40213.712215113024,40506.59225070573,3054.778644963247,19500000,0.00038940381824908516,3674493250.8163757,40506.59225070573,40518.913054488396,0.9432543837960914,1862.4667887480828,1047.3210352317758,789878548888.7618,438881691098.5195,1.049580346486553,371131058.50867707,140557.34060212548,624439.1002597719,13779.452625009795,17
2024-01-21 15:00:00,41309.63487314645,41482.423706476875,41170.43179693066,41275.77123850949,2597.6056446697344,19500000,-0.0002401075056640402,3132329146.133442,41275.77123850949,41308.77162238383,0.7273848842361075,1257.2617135280177,872.267150954858,804877539150.935,483798766861.9425,1.0503582773316464,452701177.0170623,143838.60805261298,370560.47631271044,32632.150049807,13
2024-01-21 16:00:00,39758.17907529943,39924.34784063304,39745.758230927444,39795.249796234755,3581.6260795738976,19500000,0.0004726415855882741,3531026201.183249,39795.249796234755,39728.3032790986,0.8669923069978355,1990.5818121899124,1572.2803328547461,776007371026.5778,481887841012.7433,0.9760715902489943,452320526.1333053,163444.79439137375,445900.18913942215,32008.206057543997,19
2024-01-21 17:00:00,39720.73633386832,40037.84715522396,39260.04682068311,39532.98576001266,2550.707486984417,19500000,2.1305642325701458e-05,3499043579.752292,39532.98576001266,39564.016703014575,1.1087299990246555,1750.8484228461978,1335.0279810614968,770893222320.247,576073464443.1653,1.0657654750646888,816768051.0057318,99411.60029826639,550196.6985374425,21592.385680717907,18
2024-01-21 18:00:00,37861.610513252956,38357.51749728336,37696.879283635695,37993.65477008611,4600.581787542546,19500000,-0.00017133596788881353,3892219671.950463,37993.65477008611,37933.8503842704,1.0662207547066784,3041.833913133677,1789.31952893694,740876268016.6792,533407585857.9745,0.9975334961764013,469992839.2655561,236574.440752714,452739.3003975004,21255.721662056563,20
2024-01-21 19:00:00,36893.12181121385,37216.04527127399,36724.80837015446,36878.10260069912,1348.5317375153115,19500000,0.00015913097526136069,3093101791.827944,36878.10260069912,36877.45374951844,1.127387938404048,633.7533486773898,463.5616028056221,719123000713.6329,473729427145.10144,0.9931752646073948,1018995595.4434669,279348.2539597053,311932.07457639516,8683.428872228495,14
2024-01-21 20:00:00,37816.16813460353,37959.87932028849,37721.632723385876,37901.6707428241,2273.809889705087,19500000,3.916919330085455e-05,3477152394.8656936,37901.6707428241,37861.36644332583,1.1164973928539108,1412.024992453035,1119.2375099934447,739082579485.07,366675897001.86414,0.9352225475976028,408103273.799136,169835.83363881396,483440.50892805605,15165.867936239705,16
2024-01-21 21:00:00,38552.1397300959,38889.9465373678,38344.79460316325,38590.22066329777,8286.737500084546,19500000,0.0005615395942085571,3449377538.9230356,38590.22066329777,38649.31180668249,1.518226393617956,3573.4668163634938,3234.7616493116575,752509302934.3065,546102447812.70215,1.0097887247366146,575399083.4013242,192214.5152603685,363755.8838011683,25736.224263453867,14
2024-01-21 22:00:00,38053.462846910414,38109.76177059797,37876.06566192379,38042.70288889641,2179.737570895776,19500000,0.00020218660854736298,3871104396.7491727,38042.70288889641,38002.4871467157,0.8610766402157722,889.3825086329342,1030.037397287069,741832706333.48,532469579990.7307,0.9674993812569208,730173020.0066446,213259.37300382293,343126.8490902575,31577.03010645003,14
2024-01-21 23:00:00,36748.50809541419,37257.436779276584,36574.32587297209,36920.214515390806,2645.613166656638,19500000,0.00016169767626580175,3572445722.285604,36920.214515390806,36862.98117203985,0.7233336027235371,1080.6067363598227,1534.8153551321623,719944183050.1207,515487975344.3157,1.0122476148564097,782544166.7249222,116871.76243371863,313154.0126826114,27409.667993951014,12
2024-01-22 00:00:00,34814.78605684991,34995.084375003185,34596.17038624962,34798.30376254812,1917.3696145933561,19500000,0.00037019412485663194,4138865575.4892178,34798.30376254812,34806.42402125503,0.810494600946881,864.8754765866317,742.7968239821332,678566923369.6884,402868615482.2343,0.9651530460028692,819945872.5606713,205267.5412105864,561339.6615697884,21531.784693687012,20
2024-01-22 01:00:00,34556.55731036054,34672.799033836076,34423.36278218289,34425.540076153084,3526.0122475297217,19500000,0.0004278614854278136,3779951706.9325013,34425.540076153084,34414.74068164237,0.8687235165050372,2145.5238721670657,1599.9191870893753,671298031484.9851,336462637897.2124,1.053930995133844,435147365.80488586,146296.410483302,374391.6556945232,39252.16222273379,13
2024-01-22 02:00:00,36103.85856792812,36193.373755016626,35776.14532268773,36136.63003198908,2062.899001824695,19500000,0.0003350815282891897,3469173300.065004,36136.63003198908,36085.87233249986,0.8229454294872054,1049.9986102213509,1118.181147934441,704664285623.7871,476579229295.2132,1.0165472188863018,484101084.859686,288566.5624705879,472913.2448932636,29778.819564212394,19
2024-01-22 03:00:00,36474.89440516627,36479.20175760978,36430.035733180805,36455.95132000576,2716.757989032181,19500000,0.000525839041844486,3654308413.6203775,36455.95132000576,36478.766008441475,1.018908717267692,1099.6967201410978,1378.7966091955118,710891050740.1124,402758532121.922,1.0683961472724872,179957446.64436805,155272.2190609609,496724.5301453574,19571.937799647025,14
2024-01-22 04:00:00,36127.74097358174,36217.31862048077,35891.26058574974,36053.836255783855,4557.061413980227,19500000,0.0002826047238741365,3484793046.2541637,36053.836255783855,35985.64045830833,1.2847073909722744,3173.568508468076,2394.478082314423,703049806987.7852,389047014013.1745,0.9693092790552246,448579277.18156815,204238.87747503535,456965.7848165151,42388.5346555634,22
2024-01-22 05:00:00,36382.46458321405,36727.05066602558,36307.01722032489,36394.39856126505,2101.94480043007,19500000,0.00015029543941801055,3840051777.7309203,36394.39856126505,36360.32463415947,1.360608212150799,1177.1175085725824,1117.752894264108,709690771944.6685,402561163821.6862,1.0464753773412392,750688746.0619676,155654.91730090627,469448.62935263896,15853.567448391672,13
2024-01-22 06:00:00,35238.28431413413,35560.54435327964,35053.712393628266,35279.27602383425,4421.815156371118,19500000,0.00047175161862640874,3222502868.538986,35279.27602383425,35262.51066730051,1.1061236546917104,2291.225714040629,2042.7671994755299,687945882464.768,424958733513.912,0.9459186274890152,694522135.3065113,281862.0903765294,477447.56314990384,14163.845905115346,14
2024-01-22 07:00:00,34913.98204053435,35413.76040899955,34816.14255067675,35073.6186621337,4496.77007880746,19500000,7.273115797535839e-05,3356297678.0610094,35073.6186621337,35105.26286626458,1.5345764936826907,2498.652636557377,2072.195437801446,683935563911.607,376202620634.267,1.0062422642942288,468667983.5886648,143187.815949928,454802.9546044082,19412.42072739101,18
2024-01-22 08:00:00,35192.041126233315,35227.50116218576,34844.717005306156,35146.983345954344,5051.689634302497,19500000,0.00010997395490339847,3718012891.2159452,35146.983345954344,35196.02984940956,0.9312061372723167,2808.695350362381,2604.9890028185973,685366175246.1097,450269253975.72125,0.9810513064017414,957327185.0785856,217786.868656881,380015.7951932706,17542.95890845891,10
2024-01-22 09:00:00,35082.078526672274,35297.81633397003,34943.02725847339,35090.02069035004,3197.966753973069,19500000,0.0006164730751890743,3954264745.7816896,35090.02069035004,35132.226344294744,0.7214416275047365,1730.326983602874,1628.7068183289132,684255403461.8257,440877483714.3431,0.9865613039424893,416084068.79672337,190359.46230570387,373298.09717044357,19742.333458543675,14
2024-01-22 10:00:00,35580.77557752597,35744.667806308775,35353.501396739026,35652.98598384519,15072.535693603793,19500000,0.0005865772383865693,3005898952.0976233,35652.98598384519,35651.08661414053,1.2344624517407068,8800.6225497126,7551.6011254392,695233226684.9812,418988411093.3104,0.9845051074627351,364320331.57227707,180065.77691327743,433221.182722473,27985.09172364288,17
2024-01-22 11:00:00,35912.268122973685,36107.250804102114,35813.82194361642,35903.17767460944,5050.622834713323,19500000,9.754725792300315e-05,4001590312.9048567,35903.17767460944,35819.619913192975,0.6923117781643294,3362.138942686382,2094.1923110355615,700111964654.884,326386575676.92944,0.9725585144394602,402310729.0775162,172344.70519912706,431389.7230756372,21803.071394706436,18
2024-01-22 12:00:00,36347.45849550323,36506.552016643895,36340.40485300685,36389.938680289364,3506.7284356705936,19500000,-3.6065473191685015e-05,3544947508.847818,36389.938680289364,36407.800791632544,0.8598471788470685,1720.0997692996018,1923.6607473536874,709603804265.6426,518693986999.85913,0.9622093508004792,309668828.75311625,137757.04520563284,482079.3212902594,21971.709427748494,20
2024-01-22 13:00:00,35858.02781183622,35997.717236576085,35713.10596605321,35895.96454316863,1923.761749927759,19500000,0.0005389520500625495,3083373118.587387,35895.96454316863,35952.34180242427,1.109625361824596,1050.5481829849214,713.4479501165681,699971308591.7883,401439764677.7512,0.9867271957920559,622315659.2202628,85262.15131362354,551462.9932518402,22418.559521739928,18
2024-01-22 14:00:00,36594.3199889065,36804.31477497069,36353.91429276901,36550.00010526731,2839.7475519985387,19500000,0.0003401255073745642,2819602551.132544,36550.00010526731,36598.750144813304,0.979731919755142,1139.0034295831952,984.5961066649716,712725002052.7125,416827209569.7228,1.003480851918606,544507745.189785,212904.29556351708,473913.96327028685,11007.172140745533,19
2024-01-22 15:00:00,37663.052505711494,37833.36674649828,37489.97302084328,37764.138222462985,6082.453857066925,19500000,0.0001946743762592089,3172066530.2774835,37764.138222462985,37785.39750667914,0.9625295109390795,4001.9157503563083,2454.5661384123005,736400695338.0282,432127110635.8972,1.0349108306987806,619232755.4995452,144031.9202525671,376180.08462236734,13980.542879618599,14
2024-01-22 16:00:00,37119.75759269382,37293.898787284146,36685.81695907069,37042.16793527797,7007.717409477663,19500000,3.4381869430166393e-06,3579266082.779145,37042.16793527797,37001.810390915394,0.7896558932605423,3446.193366180075,2635.948503579835,722322274737.9204,404145371173.3891,1.0088605118986316,411060736.62855715,218032.63576717424,286006.21978167095,19621.99912972188,13
2024-01-22 17:00:00,36292.23250681412,36630.823597799324,36035.70479039268,36393.96719555455,6242.678088993428,19500000,0.00019950897361437818,3566063477.461519,36393.96719555455,36378.48858641645,0.9978418542658584,3005.156996439287,3114.8139080783067,709682360313.3137,462980004334.8559,1.0349962060388316,474025088.8226975,177712.87089258793,379349.24815101473,17104.91895984886,11
2024-01-22 18:00:00,37333.55161004543,37431.01770679289,36961.83271116331,37383.09927512205,4414.262934574413,19500000,9.348746203368923e-05,3771188477.608531,37383.09927512205,37459.12956069753,1.2222977606830319,3086.7225794023316,1630.210941639214,728970435864.8799,331080372776.4798,0.955654693841287,202982943.36357966,219710.0925648564,338101.6698795902,20546.867061137666,19
2024-01-22 19:00:00,37387.27281211963,37735.196630946324,37134.143969561876,37244.0362565771,1591.0825249466586,19500000,-9.930145387189873e-05,3430737281.139283,37244.0362565771,37194.99593404796,1.0040015682870418,915.3782277405709,790.683610365535,726258707003.2534,517134327091.98773,0.9870109178287377,563957933.4078866,198883.22651266167,382286.48205110687,33564.979106115396,19
2024-01-22 20:00:00,38394.738456164676,38588.910131828314,38006.090818268945,38308.364222530676,3803.1346323273824,19500000,0.00013871269857617055,3280811890.4352984,38308.364222530676,38268.223139115304,0.8470079689538718,1661.6388621327878,1726.4970052458707,747013102339.3481,359112884272.8766,1.0213301475740928,504731206.92580086,87888.67228405607,464378.57724248373,21539.961229578483,22
2024-01-22 21:00:00,37982.01408218491,38293.287311873464,37763.63002468352,37974.601136816156,1602.465742407506,19500000,0.00017962721369188224,3468378702.4240346,37974.601136816156,38014.19161613623,0.7791842872275903,768.634697365472,554.0285261777404,740504722167.915,555314934144.8492,1.0102957226737408,312398112.9450053,189799.57084447108,449943.8614215573,14814.31963193981,19
2024-01-22 22:00:00,39026.294027779564,39355.51919369418,38787.54663310711,39099.84319567335,1416.953471611955,19500000,-1.261852007606928e-05,3594565012.7448344,39099.84319567335,39086.89492112865,0.8505101640078493,716.933080797661,534.9266865329394,762446942315.6302,486765028083.2395,0.9741647465602247,465273976.66182494,149354.97417743155,641545.5868340946,17362.5360577482,22
2024-01-22 23:00:00,39165.21841958091,39485.0885668038,38779.10686033124,39206.72048235658,3359.6072031149197,19500000,0.00037114770658285527,3651711590.734804,39206.72048235658,39164.308411649945,1.0816273909759213,2337.675213104995,1533.7212797154032,764531049405.9532,359233218142.6885,1.028022066764977,437619460.5484134,217782.64362938798,487290.7811434954,36797.04318508983,11
2024-01-23 00:00:00,39419.44763553933,39701.74249682589,39155.911170372514,39413.6715371776,3872.283732118256,19500000,0.00048664971769329663,3365582276.1832557,39413.6715371776,39477.835858487786,1.0711367336653728,2049.1602882734537,2013.3226423294805,768566594974.9633,475536068434.159,0.9840618045414256,982611885.9003716,188678.89365655443,648121.499289955,34882.766561619086,15
2024-01-23 01:00:00,40673.71877484957,41029.65444597935,40305.11176361325,40670.666585106206,4682.973494561284,19500000,0.00039096930809662375,3852991652.239475,40670.666585106206,40693.48510572893,0.8520573688240599,2196.502808036384,1964.3926165190226,793077998409.571,435710975556.144,0.9766790931581883,317360596.1862422,189234.49882515377,510439.7462858983,26337.873273029352,15
2024-01-23 02:00:00,40374.15861033687,40629.280682935736,40081.14305945643,40381.49761879348,3822.1490432973737,19500000,1.7125484435801582e-05,3411057707.373947,40381.49761879348,40370.11806574521,0.6426520192284848,2182.138618929085,1413.6210311539708,787439203566.4729,579486720579.7965,1.0146084328149043,553941958.7072968,152046.13919046428,549707.363177611,13783.880087766423,17
2024-01-23 03:00:00,39630.046933010264,39742.755258935664,39579.56375318461,39632.49087167625,3888.5553521663583,19500000,0.00032674645125651153,3343963479.857579,39632.49087167625,39591.044210038635,1.0876316702400974,2027.6012412701273,1510.7949904337024,772833571997.6869,522931113948.8388,1.000185080960027,313620012.2347855,129553.40280275991,411769.72232391353,24150.043988070272,14
2024-01-23 04:00:00,39265.61235283749,39321.544544309654,38990.9793500385,39282.45471391505,1821.9701735282154,19500000,0.00012338841923801205,3432685303.832676,39282.45471391505,39366.810115012246,0.835653287497148,758.8289257872927,598.5812566122547,766007866921.3435,461216707563.37067,0.9843126299491417,388129894.9546433,146060.8011534592,356859.75603228854,24713.603740904484,19
2024-01-23 05:00:00,39529.07705900854,39883.745358952285,39337.63157674827,39643.40695869406,2828.527840707415,19500000,-0.00027072379356978546,3906810753.554522,39643.40695869406,39646.40194598847,1.1477603202194138,1861.9516640143954,869.8991714163122,773046435694.5342,447542262111.9361,0.9832939442425869,541973454.6136241,103779.8320524982,404419.51508053194,22195.882163330934,16
2024-01-23 06:00:00,38385.35153608767,38450.54152855186,38032.66769657488,38425.045433556574,1403.103162286219,19500000,0.0003018188135493237,3547029337.453572,38425.045433556574,38482.5803323859,0.8596568951863696,567.8446306563841,830.5511931787253,749288385954.3531,561037666200.3491,0.967906096005799,445832912.2833729,140422.92860086565,441364.38975223765,18564.318987138067,20
2024-01-23 07:00:00,38993.16861013202,39087.25657259453,38607.93480204501,38921.97066892728,1094.7873640373443,19500000,0.00014383949228708446,3391163516.82467,38921.97066892728,38960.64484460623,0.820714406376228,733.0095049774816,360.1007225846455,758978428044.0819,493499329731.3838,0.988127552618234,484003965.3477409,112866.41442147,390181.8623756239,19755.963751300922,15
2024-01-23 08:00:00,38403.28655886628,38532.04956287442,38363.295416377296,38508.67203225605,4317.023136445274,19500000,0.0008780644006207922,3860600661.2352653,38508.67203225605,38492.4636720601,1.0311084425887254,2752.350957851472,1456.8494084211527,750919104628.993,453689495682.6388,1.033000283064623,554229181.0052044,113614.31606869047,362134.6978497306,18180.14835144888,8
2024-01-23 09:00:00,39391.91270069552,39623.15159412038,39339.16076725493,39406.85227277695,2045.5823652193174,19500000,0.000537181258983568,4255252261.851259,39406.85227277695,39390.57956326119,1.6024598357519553,864.7637325502174,1148.1633415192834,768433619319.1505,437533220224.4305,1.0073365138896448,398223582.86932033,167563.8433251662,480877.355538082,15622.661704476652,16
2024-01-23 10:00:00,37506.477722138625,37628.30680993129,37480.36908725687,37568.070869521885,4611.226953770846,19500000,0.0003133450470803572,3645555570.7265825,37568.070869521885,37626.162937194065,1.1616088666833633,2845.5112533259567,2301.24005420627,732577381955.6768,400994439859.5044,1.0287578224233203,691005688.4696279,186001.91249543356,361826.67100388167,33183.11199514043,21
2024-01-23 11:00:00,36993.63501408508,37219.44686993556,36802.96975242625,36985.398334113146,5188.364436096603,19500000,0.0001747511503864539,3956823511.920733,36985.398334113146,37043.18866006405,1.0276183670627383,3275.3236962134806,2235.2602946305437,721215267515.2063,477174647916.0973,1.0154820561302411,429360780.09291774,161466.28366225064,325559.85510477365,28701.197870043743,14
2024-01-23 12:00:00,35734.48766554881,36045.11592431545,35705.62429121761,35762.284486313074,2187.1209816505825,19500000,0.00014911667651740544,3894714583.9886727,35762.284486313074,35698.73791166677,1.0744085318972472,1270.043923967963,1081.984106968772,697364547483.105,436805201189.6914,0.9816326137908454,466597619.33232296,143674.03627291988,353480.2091147793,20221.89419015144,11
2024-01-23 13:00:00,35283.64962853278,35573.63914241439,34925.11321778521,35179.70109347039,4004.426075665807,19500000,-0.00020110682108993226,3415360267.004179,35179.70109347039,35202.560168828175,0.704530840406476,2295.742434855096,2324.551105008832,686004171322.6725,483259377616.5421,0.9505257617564727,560603539.1575574,128431.11370267635,422155.455162959,24481.022205383404,28
2024-01-23 14:00:00,35393.748702005025,35503.30775339863,35162.62270910933,35357.92524341416,2141.8423218001444,19500000,-0.00042169616815997314,3592559486.977917,35357.92524341416,35357.17513193469,0.7989410831655335,888.6634614187495,706.4078559779558,689479542246.5762,424766432243.62756,0.9721943690588861,531280177.0592901,150347.07774944362,362875.8988860931,24758.156446925284,18
2024-01-23 15:00:00,35142.49121628003,35428.357577971714,34848.74039740822,35234.933811720366,1184.4816866910082,19500000,-0.00016176773272446953,3235328902.1020355,35234.933811720366,35202.04823184928,0.6052063691937241,494.9343835309968,441.9458805674531,687081209328.5471,429219230926.36774,0.9798629256670744,627774240.2904755,132514.08752406243,422684.7969301128,44483.11986981702,15
2024-01-23 16:00:00,35107.40344719837,35305.06190619303,34962.23914231914,35060.33648730461,3170.5320827090877,19500000,8.568489454887089e-05,3526616038.142095,35060.33648730461,35073.01942710836,1.4133669687201542,1959.9804323919107,1769.4426338041933,683676561502.4398,405561686777.6707,0.9775425138912502,550746814.9928559,160218.2639777295,498864.03420188255,28617.411471387833,22
2024-01-23 17:00:00,34898.23568056492,35117.67290490303,34717.06470619443,34952.38754434896,2355.6289954277586,19500000,-0.0005316617834626951,3409749859.172839,34952.38754434896,34908.71115303623,1.3572725468619056,1016.8533170817743,1258.3577016572367,681571557114.8047,462641424457.25256,1.0294305978057916,585286637.9648309,111259.1069029855,496276.5492857729,28294.731086780812,21
2024-01-23 18:00:00,35057.861605192375,35328.29912741137,35016.67573949164,35098.36486352745,2392.1683540133786,19500000,-6.329653768182471e-05,3471210174.024126,35098.36486352745,35085.50287978389,1.0817322649840773,1130.4268828998095,1431.1793457262743,684418114838.7853,393196600528.91125,1.0291176540054912,425957866.46647394,193944.903387445,387640.9556631145,22278.877336402864,19
2024-01-23 19:00:00,34422.52906239879,34494.846363653305,34096.6235891402,34400.93772526338,8003.798807734661,19500000,2.5716090062672227e-05,3376172125.728487,34400.93772526338,34376.909573879624,1.0273914536762598,4399.295843563209,3154.8785422640626,670818285642.6359,473317228073.98206,1.0663563892082994,316391699.9585651,141243.72446863557,340854.7398253211,19335.01176410494,15
2024-01-23 20:00:00,34859.88835759208,35235.90578916866,34798.8818231176,34894.206629739485,1390.0173507956988,19500000,3.537203395436262e-05,3503513837.344042,34894.206629739485,34880.25623075926,0.7332137568065722,624.4640467258763,811.0277512047336,680437029279.9199,372956672892.4838,0.9770883648642285,274083795.036286,178807.34585370222,394303.14932785777,33350.000815564745,13
2024-01-23 21:00:00,35426.43365244766,35461.179837318465,35327.08636831248,35363.28502301349,3609.900785418694,19500000,-9.85170794564434e-05,3740849699.3239613,35363.28502301349,35364.29363717141,0.9570879480143962,2299.3330491627657,1455.1750102350486,689584057948.7632,453599783113.04443,1.0479234491819325,248689562.8195561,203171.45326317014,504402.057393189,26787.25879272138,10
2024-01-23 22:00:00,35585.01681732024,35935.760516045775,35512.04952735175,35640.22424186007,1812.742881663629,19500000,-2.4541443144201016e-06,3550806675.532862,35640.22424186007,35607.59324072139,1.4311500841472589,1164.167782290609,932.7068921133781,694984372716.2714,498923213771.71906,1.047738016169924,981989022.0604209,176657.43141471286,528521.7543091789,17173.75136609498,10
2024-01-23 23:00:00,35998.1267856096,36256.87234451127,35707.89855211359,36042.74384971303,4694.424019827516,19500000,0.0006171681484371586,3088187370.302401,36042.74384971303,36103.04981286542,1.0266316490208895,3063.7828036543488,2651.5181149426903,702833505069.404,478434341064.87604,0.9930320872588341,200212655.20151904,198745.75969071875,474766.3105690599,25239.360165195336,12
2024-01-24 00:00:00,36213.07781235614,36349.46471375297,36174.75911510891,36260.678720541066,3460.663518736578,19500000,0.0002986435844471809,3377191739.542709,36260.678720541066,36282.191573257456,0.8932138141359408,1435.7269836718363,1215.5048656351757,707083235050.5508,390863197902.1995,1.014206661908207,782097053.0676125,97084.80795226699,562579.2039660488,28316.94949761535,23
2024-01-24 01:00:00,37728.03573366645,38052.41210187898,37496.224308856436,37770.764950088014,3603.5407205937845,19500000,-6.80902330694449e-05,3174601824.420678,37770.764950088014,37842.32404491616,0.7035515476338093,1903.9737961638805,1303.37039632238,736529916526.7163,487510404501.8914,1.0372219974742363,349373600.26938015,143887.32889638326,625208.4692631527,11745.796526152975,21
2024-01-24 02:00:00,37791.69903079007,37823.625796622866,37427.42462125839,37708.80064032271,1858.5561302639182,19500000,7.9495663491411e-05,3655595403.8763027,37708.80064032271,37706.53509674627,1.3179284470183268,1215.6356618411912,881.4901160982822,735321612486.2928,376554847910.5865,0.9982322613201322,779822111.0240207,214436.54942135533,401657.2589945232,16702.003515962177,4
2024-01-24 03:00:00,37528.80021934775,37819.42994130103,37200.14584348867,37481.66355710164,2032.8744249144343,19500000,9.150599930431993e-05,3732206270.327777,37481.66355710164,37464.842162727015,0.986081017203845,1034.6635927220243,1124.4792657086805,730892439363.4819,341655322755.458,0.9959082466835607,201033875.93925825,184851.37163169798,595592.8951331382,24558.896434724185,19
2024-01-24 04:00:00,37051.00005304163,37269.59547804782,36854.54219065007,36924.721643984216,4739.207723004068,19500000,-0.00013038663012204528,3659249313.597961,36924.721643984216,36993.3431232482,0.7037396752579166,2884.974282433251,1534.0097910168843,720032072057.6923,494960502561.4925,0.9811798773664765,441620926.2945089,258361.6990433296,419949.6473630428,12365.450451501936,11
2024-01-24 05:00:00,36337.892652555216,36378.136984366465,36151.542120274426,36173.83388307966,7225.6961469913485,19500000,-0.00013073906532315633,3366056265.9238305,36173.83388307966,36156.54062946326,0.8312263517707825,4167.592016657395,4012.1707006780375,705389760720.0533,488413799259.88995,0.9291988444401091,867919703.8064133,249220.94716113756,542514.3086561743,12966.970210757456,24
2024-01-24 06:00:00,35215.384228324285,35316.18440338502,35057.33533583765,35288.128378213165,3790.1235959452592,19500000,0.00040315720609801383,3656412507.0540814,35288.128378213165,35285.36559929022,0.7745232474725959,1910.8385096473212,1527.1778433682086,688118503375.1567,314387087529.097,1.0021141484946543,645337391.3682963,175412.92301709758,509769.78138438816,20309.854241894114,18
2024-01-24 07:00:00,34674.74051690819,34935.09106723395,34599.65629365583,34669.85767466417,1903.1955857716391,19500000,-2.593531325504479e-05,3452591203.448506,34669.85767466417,34698.28860167259,0.9739953931829748,919.0939694919133,802.8972852921192,676062224655.9513,496458522773.6039,0.9787039201763972,423936321.05396706,152818.3660690989,297922.3962036233,25526.266957047847,21
2024-01-24 08:00:00,34542.89465337097,34725.77212329069,34301.34627447151,34624.34498443951,3531.4691785517352,19500000,-0.0002284089161092614,3272898969.137305,34624.34498443951,34584.95197355532,1.0423395916412908,2104.130304799178,1419.5034488883484,675174727196.5704,394146715434.7654,0.9677395412914952,223028267.03340477,128077.43510362733,364672.35540845274,25882.830481001096,12
2024-01-24 09:00:00,34805.88657845924,35170.11294859422,34681.736487177644,34860.10142147373,10034.014219438373,19500000,8.70578967791672e-05,3804134709.4321446,34860.10142147373,34888.38323646833,0.9042554212610537,4415.841634999524,5753.944962901273,679771977718.7377,490510981384.18494,1.0126657495043294,285857671.02070445,144501.88892813216,346536.14846255677,35408.949071635216,11
2024-01-24 10:00:00,34855.286928173824,35165.22365103959,34698.663322703665,34899.26576212879,3137.5935676673485,19500000,0.00013540292593873708,3827364259.360902,34899.26576212879,34923.11407299864,1.1681360038707307,2064.6518920556155,1064.391901632314,680535682361.5114,467155323651.5952,0.9564606327753671,845686125.4507744,146963.3144245871,309771.61950276763,22576.82386461583,17
2024-01-24 11:00:00,34299.766173426375,34612.42518278568,34260.84110673042,34372.44015872602,6191.424260101619,19500000,-0.0004918112672581505,3867645026.5248675,34372.44015872602,34419.507211278105,1.0158852989962637,3547.271475745705,2924.1003644442303,670262583095.1575,482720470399.67096,1.0241823967384185,422079194.6743598,140320.96741130902,527478.2950594791,19696.655799826283,16
2024-01-24 12:00:00,34926.74212526831,35097.88818659517,34728.5153002544,35000.37502333575,2058.7109573886414,19500000,8.77760926548421e-05,3414620211.7464633,35000.37502333575,35035.0269522309,1.2367197073283724,892.3504292923983,709.0868057552277,682507312955.0471,477763780042.0538,1.0145079794578156,471424895.37070376,129367.90010296911,669143.8718181916,14880.279981237196,9
2024-01-24 13:00:00,35515.11638212433,35777.22304192312,35449.227250259566,35525.36789338073,2918.885003378789,19500000,0.0003603939803044781,3939615572.3068395,35525.36789338073,35575.10263940947,0.9310532417711201,1783.6088892567063,1688.8037830142084,692744673920.9243,514154134675.8903,0.9879942036490824,543431402.322104,179942.7721606914,420191.35727542086,19626.023910477335,10
2024-01-24 14:00:00,35329.477114736525,35751.451633323726,35089.59503105124,35415.65888366261,4063.4295105466585,19500000,0.0002353688156565499,3446115252.851467,35415.65888366261,35415.289785189285,1.8387116173562181,2150.9104414864355,2191.7301472069657,690605348231.4209,441110561521.7795,0.9981006924146663,288113320.5279481,248739.1210359365,524830.8677866268,27235.016411305096,10
2024-01-24 15:00:00,35018.57300204508,35050.63594948469,34934.81160264049,34959.69200380597,3636.0898060696995,19500000,0.0007689385345584913,3777318131.397194,34959.69200380597,34933.029284363525,0.8932419941789795,1677.0534286309758,1345.883305701906,681713994074.2164,353248958227.2562,0.9642933671753727,571009309.840209,205523.19797235183,595362.0956457042,27606.779650347315,14
2024-01-24 16:00:00,35283.91186514869,35464.08939127053,34939.5780773114,35348.79482814264,2032.0606586373308,19500000,0.0004753328446936537,3441340756.035791,35348.79482814264,35426.915149118264,0.8347141080302096,1398.7095935680372,791.1492486649283,689301499148.7815,390743609625.154,1.0225101581009612,410199345.3745836,150150.73754175592,461236.5619997304,23846.332288037982,12
2024-01-24 17:00:00,35684.88395290372,35768.62647850334,35242.57838565202,35485.486111568025,1988.7096124429527,19500000,0.0005346802074252561,3521248414.5416408,35485.486111568025,35434.85912411798,0.814435446038339,1224.8349852666213,824.2298437369965,691966979175.5765,467467824340.5338,1.005620927231538,545646077.7219362,209715.51732772734,440179.2842099434,25955.38757144315,11
2024-01-24 18:00:00,34444.80022228023,34611.50063186792,34382.2038357026,34475.92401434564,4886.063272808261,19500000,0.000940025780774298,2953644803.90008,34475.92401434564,34430.191250234355,0.9586893906898308,2823.6466183090297,2060.0879058649793,672280518279.74,334184449658.1988,1.0078554986376864,385009909.84779114,177488.7874683084,421199.72841438116,32302.989778288218,10
2024-01-24 19:00:00,34437.48480086422,34693.125496051405,34427.67215994425,34432.52530230918,5408.761438360755,19500000,0.00032744687853237934,3499363538.7930374,34432.52530230918,34455.427340393275,0.7089947068220473,3540.9005979054637,2948.8721922148084,671434243395.029,489443805168.47095,1.0150567113901938,258589798.86397907,161106.982724852,492629.0700568231,22529.516049751244,18
2024-01-24 20:00:00,34527.23016604967,34781.07972369643,34411.749393437945,34616.911588569055,6349.121774292655,19500000,0.00014892106237981032,3611132230.3839602,34616.911588569055,34676.62527809033,1.0606824999056819,3575.5773673132853,2980.023837840218,675029775977.0966,345334212913.6213,0.9807275375832483,408928543.00956446,158612.4871338271,526991.031844858,33196.36468020418,12
2024-01-24 21:00:00,34119.01373342403,34313.74138730705,33951.02821603689,34002.989293852144,7346.396806719854,19500000,0.00039212208802939954,3469221418.3390713,34002.989293852144,34012.83488816579,0.6831363851506488,3911.5242116988725,3147.084686123518,663058291230.1168,472622924970.989,0.954428251752372,626908432.2372252,154819.46351003114,485221.6040865552,17712.146890861717,12
2024-01-24 22:00:00,34212.18296045843,34319.66220554701,34061.19660997752,34135.752963094616,3188.5122834200993,19500000,-6.777093001849811e-05,4125673208.3727565,34135.752963094616,34173.27852261907,1.03286261463488,1456.62100528441,1644.7411227907858,665647182780.345,396138076588.7156,1.028719551247379,567995489.4988898,191523.6408092205,481900.3433707142,21547.448439400116,6
2024-01-24 23:00:00,33179.84173314694,33226.72128835236,32870.74488699189,33160.150183416044,2551.4073245186405,19500000,0.0001323058958484908,3266558147.251781,33160.150183416044,33097.285080254944,0.7631884071020204,1137.971366054721,1115.8821370986152,646622928576.6129,454049596507.5908,1.0206615524083722,491205114.4681653,168538.16818960983,437905.94101599033,19067.6799409129,12
2024-01-25 00:00:00,33969.91710510413,34152.58782904506,33765.008982110725,34061.66578168503,5857.601329811617,19500000,-9.431829292349407e-05,3426871219.847456,34061.66578168503,34048.05661471846,0.9265764873818636,3102.131744529913,1982.6340669753088,664202482742.858,489841831674.24805,0.9839392359018719,694882094.6865023,135658.27253089557,321711.0608017974,27939.91357363202,11
2024-01-25 01:00:00,34940.71702246051,35241.095483815305,34864.37191650025,34926.00151907765,4257.913969990449,19500000,0.00021939536726886449,3334572063.2067,34926.00151907765,34864.0446152706,1.1285211737374605,2285.6157469967116,1414.6781007943655,681057029622.0142,392727610261.8648,1.0122733059739013,447220533.73862123,134025.71623542372,529423.1400377005,16246.855576068094,18
2024-01-25 02:00:00,34675.58556341917,34962.89412243425,34482.560656636975,34753.532945025836,1823.9730050579979,19500000,-9.557272640594603e-05,3426817557.6872435,34753.532945025836,34784.13033626779,1.5853536996308863,1130.8518661668886,725.5527569468173,677693892428.0038,446587644437.9047,1.0377392031615384,496210368.8941324,175689.93639343526,342174.1086344524,19999.656099213218,20
2024-01-25 03:00:00,35112.97649861919,35245.699572606376,34921.030392692715,35010.58068473602,1777.8893250191127,19500000,-0.00010607854995851527,3893261382.694277,35010.58068473602,34959.912275607,0.8060575765057247,946.949196036304,854.9177654540588,682706323352.3524,353652307947.4152,1.034161024092518,400447507.3621007,181164.87440194673,500757.44865611586,12608.129114846215,16
2024-01-25 04:00:00,33420.48258434153,33684.472975400146,33040.75872868118,33366.48262042769,3812.212852408629,19500000,0.00022404198793165133,4034880585.449108,33366.48262042769,33327.182948371534,0.9703839220287891,2203.2598793394254,1297.8770084115213,650646411098.34,449099390778.9639,0.9830632349070402,711330124.902527,150499.7706005103,514601.1069926599,26326.013233704594,17
2024-01-25 05:00:00,32613.156755848813,32634.17835933613,32596.251679156914,32606.9328072185,2728.1054400414305,19500000,5.8686567765829855e-05,3389460466.0895424,32606.9328072185,32626.954285818614,0.8652370745694337,1772.601670356873,1268.6788391621126,635835189740.7607,442527109618.9146,0.9553371686369725,545171738.2744118,122638.78351138944,352185.59674361005,32017.47359893809,15
2024-01-25 06:00:00,32261.181240065143,32501.461041495117,32024.9266666352,32419.15170453726,2941.8238426337207,19500000,-0.0004782563407150241,3383442084.9420753,32419.15170453726,32456.81706445935,0.8403186914510185,2053.3942443439537,1120.4903771808185,632173458238.4766,340472005531.8544,0.9604835458120974,388272028.3526599,222513.10534287416,391773.7727618578,28946.726009302034,14
2024-01-25 07:00:00,31672.15554837131,31807.59437033905,31427.330727851677,31734.57211896671,5096.282759929801,19500000,-0.00033666707639362685,3267953248.8764796,31734.57211896671,31732.70079128339,0.8667586921793022,2531.617164945842,2592.0918482754705,618824156319.8508,282952536434.58563,0.9906482196113466,267435266.70497155,211007.9632741392,676234.3119495984,28107.40332208762,10
2024-01-25 08:00:00,32238.7516540651,32556.42088814968,32172.844753160334,32194.467447339426,4356.9108844675775,19500000,-0.00024417994743843903,3979821599.220033,32194.467447339426,32216.043294207047,1.1791729408241838,2921.6849198807045,1344.0146864542085,627792115223.1188,363718628983.45557,1.0438695139986147,754815955.5089356,99027.79772021178,435436.1939740819,28334.06638252251,19
2024-01-25 09:00:00,33591.17487554378,33828.36168514907,33452.29445206409,33509.88768297946,5796.077207689281,19500000,-0.00016489157183419232,3921265822.6056194,33509.88768297946,33531.25989281691,0.9070015020122222,3720.010809052328,2554.3719686298136,653442809818.0995,327374952448.4756,0.9781466376357589,360273484.26769865,227497.77357196165,346610.60912026523,27171.071771962343,9
2024-01-25 10:00:00,32806.4170606968,33009.090491530755,32608.004187603325,32733.802369888737,1134.8229729859888,19500000,0.00022432699884359145,3554646493.4438233,32733.802369888737,32730.02400988357,1.568096619571006,477.0818555418074,358.2400589852709,638309146212.8303,443985708149.1779,0.9821101644097193,499353960.0321793,154470.13422807018,519268.22921653354,26484.59935842844,22
2024-01-25 11:00:00,32090.815950103304,32194.925145015237,31812.217982559923,32193.32031917019,3383.611667284469,19500000,0.00016568165412149077,3206071087.944452,32193.32031917019,32161.297446936398,1.0867546298823916,1692.643884063147,1350.576489550283,627769746223.8187,331669077388.8865,0.9814926670564504,1243306093.84432,170671.64246668832,379065.75266013393,27002.211182695468,16
2024-01-25 12:00:00,32368.019332987802,32427.676830096876,32174.79831979322,32348.509797485018,4218.9613924209725,19500000,0.0004195838115097597,3229092563.9729414,32348.509797485018,32370.018043674892,0.8170931857058416,1964.8246942152534,1285.4016974546105,630795941050.9579,462441448414.1489,0.9840480761113399,668538013.4527986,216329.01925594252,301310.0847975145,18093.270653558287,17
2024-01-25 13:00:00,33479.029191870475,33691.802246871324,33192.22440236118,33411.17008861949,1389.5108693695797,19500000,0.0003258405468825313,3634183700.1100035,33411.17008861949,33434.995450033435,0.9292838563311715,832.7550981388185,612.398608800124,651517816728.0801,483128273306.9156,0.9996631946774012,924219204.2717983,246011.77919072154,490879.47568561835,20742.540497812806,16
2024-01-25 14:00:00,32499.366867166864,32731.33230909982,32244.89265315474,32607.51527172761,2148.5579589969793,19500000,0.0004215708868547973,3745972251.6355424,32607.51527172761,32639.92793763184,0.851829066880474,1217.3508972221903,1138.9608023677174,635846547798.6884,459495001960.09985,0.9615984947634473,391208050.5323216,209131.04023880293,368308.59416355286,22495.554214731208,5
2024-01-25 15:00:00,32773.0884621629,33076.526597770426,32501.687048165717,32773.60658111701,1958.1538965166021,19500000,0.00028251885743773685,3038738853.896684,32773.60658111701,32787.11148398506,1.17352698409829,1073.9599136537138,646.3200461813593,639085328331.7817,402549842356.50385,1.0325307986898085,744624452.5630387,172863.51383543795,471765.6648196341,19916.194194455446,18
2024-01-25 16:00:00,34011.44297042052,34271.53671209491,33830.92304246681,33992.82561663624,3013.474724696769,19500000,0.00016290379272744689,3493937662.3505387,33992.82561663624,33956.50428540594,0.7205388592192344,1895.683920757248,1568.7149172132863,662860099524.4067,351467250787.29834,0.9956553676597106,490368446.0283206,115391.94482662778,376044.2089215891,13768.065691389947,18
2024-01-25 17:00:00,32871.71619651026,33038.65273257683,32704.46715990532,32891.50139403378,6727.2854079186,19500000,0.0004298055226862966,4080411471.619847,32891.50139403378,32917.496868553215,0.7647622512890968,3363.5929808679407,3197.2001110811843,641384277183.6587,443951781202.08026,1.07437403724176,561659733.6223894,98070.5154197577,509630.2994815442,15206.78979191909,15
2024-01-25 18:00:00,31943.915428520046,32303.000630233608,31714.556244760104,32062.685996488854,8195.124656359367,19500000,0.0003758238375220298,3523072317.9412413,32062.685996488854,32065.847983946802,0.8884212891726506,4219.060694913761,3699.1283315895953,625222376931.5326,412946009184.1075,0.9647928700434996,1088794203.1509147,202711.63578341735,458951.42929825495,23599.783907432182,11
2024-01-25 19:00:00,31774.662115936586,32105.506949969727,31690.985971240203,31795.373502054,1983.972096463409,19500000,0.00021282861026619736,4038628726.883079,31795.373502054,31783.204222058517,1.1463573101151383,1308.8069182945862,951.9990483372791,620009783290.053,460760583008.2836,1.0476959851547472,433994175.0106312,227637.01195301756,263592.1449945953,28903.92773399446,12
2024-01-25 20:00:00,31448.591550513473,31614.258564203126,31179.866563482818,31469.19162512275,3878.7903759969768,19500000,0.00048132156125804264,3775972076.9109554,31469.19162512275,31463.066592664985,1.279682569968873,2682.8140531528147,1554.4994813619508,613649236689.8936,345592278409.254,1.0417403619395946,488916258.1126608,132765.37940565828,477539.6672086825,22088.28315093329,13
2024-01-25 21:00:00,31978.533855137597,32193.538162937428,31971.886533435183,31988.006937345403,3941.8243419230125,19500000,-0.0006037364727510189,3287054236.948935,31988.006937345403,31969.125786628236,1.3179907767661374,2494.809015929983,2022.5574257992757,623766135278.2354,291692007190.8709,0.9876494797346306,338053302.0533202,152139.7840015221,417505.8078999618,50485.758144886546,15
2024-01-25 22:00:00,32109.97294122152,32441.515634653497,32047.11073272538,32146.199871348537,3618.4928768131495,19500000,1.2861047757865057e-05,3501951762.809895,32146.199871348537,32177.987441105128,1.1117777424896316,1683.038083523544,1931.9124516293973,626850897491.2965,469834713753.80365,0.988148181594644,692201338.1607492,141588.96521091135,587330.8263815342,16715.158326888293,13
2024-01-25 23:00:00,31000.662818190976,31105.313675660498,30752.595531978874,31028.15451727859,3639.0932314916663,19500000,8.262860304480713e-06,3548193582.467306,31028.15451727859,30987.25584965357,0.983558750027042,1578.6222302338504,1941.3367300002456,605049013086.9325,424429232213.8652,0.9723610655161031,387702651.1187963,140649.3203400179,478801.5882479327,25171.876606475904,18
2024-01-26 00:00:00,31350.298698191647,31630.749131170178,31243.626732418168,31352.78850353702,3469.8659852360715,19500000,0.000445804863244471,3321887806.045254,31352.78850353702,31324.775227992148,1.1722502150788696,1605.7205419450813,1321.456602852632,611379375818.9719,315744987333.229,0.9727053572428134,730386326.3698643,212934.5873691615,514644.4581735966,32446.919377719078,11
2024-01-26 01:00:00,31023.250849738866,31053.512388811694,30949.38044240206,30995.822361061917,6931.177979866214,19500000,0.0005714184990852308,3317278511.203926,30995.822361061917,30988.731357367604,0.7954079721131927,3651.5414711419503,3439.0571538926047,604418536040.7074,403563220943.5418,0.9999818215067543,250766980.98776388,171887.12376569668,383805.7483077891,30324.254091121107,12
2024-01-26 02:00:00,31779.846729733672,32005.40917068366,31720.496354608098,31799.20778951121,5173.130294925671,19500000,-0.0003350538110630787,4044167219.88424,31799.20778951121,31853.70370883381,0.6914728131567751,2436.591487458319,1781.774634098269,620084551895.4686,279166438421.6926,1.0006208795273908,604223807.0466064,153691.92982824313,377749.45970509807,26809.72727136402,11
2024-01-26 03:00:00,31379.976323736588,31651.562809018036,31213.42509047233,31405.706952131746,1754.4716758922234,19500000,0.0005233501522447828,3315290704.5664144,31405.706952131746,31441.957948797106,1.0912540238451547,1176.044022288616,787.1014066885031,612411285566.5691,378067647176.7042,0.951929341991765,375032286.50484556,316278.997059597,440149.6817271369,30365.91958214753,19
2024-01-26 04:00:00,31017.203799509363,31207.837463099346,30749.062349877524,31011.47572947767,4437.562598730209,19500000,-0.00025143355580788064,3907934795.5082674,31011.47572947767,30963.69198230478,0.8178014619184353,2667.9374983905805,1334.7690314497977,604723776724.8146,337950772957.7745,1.0688051596997759,649820712.4015179,113708.65238862787,411628.60377724137,22395.56672733477,9
2024-01-26 05:00:00,31231.609981814017,31507.419687694997,31209.544625815022,31352.059321936253,4657.279168848185,19500000,-0.00024236457366824676,3461892499.7502027,31352.059321936253,31397.56204195954,0.987023582786789,2445.158996772604,1667.6600246827695,611365156777.757,345054440912.2248,0.9922144942851081,482540942.8825049,186647.62695281193,578157.6205788328,36274.29067447697,19
2024-01-26 06:00:00,31867.672607980116,32064.406760639296,31827.593291621975,31837.297589367936,3489.394985491868,19500000,2.9714289301790606e-05,3577567201.1584163,31837.297589367936,31883.443212148093,1.0242139119344373,1682.389180481538,1708.1294524326902,620827302992.6748,324913657884.9341,1.0019683683165157,391644239.7619273,125210.97940195436,429053.19515585736,32368.71768739602,23
2024-01-26 07:00:00,32127.081784694346,32175.843144701023,31977.636837257705,32127.117966069738,5248.576548752494,19500000,4.538058360224642e-06,3749722047.290367,32127.117966069738,32092.613173883066,1.050875800096949,2698.809146883223,2951.318952028071,626478800338.3599,333570870442.8765,0.9812128769975967,415659159.07677776,156473.31793542177,346291.3147708071,17057.268891157095,17
2024-01-26 08:00:00,31067.67555683577,31134.64836571673,30768.16775884102,31065.209381406086,3274.8816733751846,19500000,-0.0003675251839150629,3417295569.915542,31065.209381406086,30989.986273221668,1.2063005839890424,1777.6554804598288,1030.6330649673966,605771582937.4187,355224819186.69293,0.991989713827245,345272555.82359517,168916.46742442914,374925.9494284236,24257.239339786818,15
2024-01-26 09:00:00,31464.780386856866,31549.703622698296,31316.8162853349,31404.43774535152,3295.2386114562546,19500000,0.0002949633920477701,3751540321.824525,31404.43774535152,31405.31010968318,1.1810631857135427,2023.7599375654975,1540.7410016297422,612386536034.3546,321162144828.5667,0.9892636566626738,678310090.6096796,201017.83810787046,536601.0731737816,13846.821783156562,19
2024-01-26 10:00:00,30644.394965573734,30948.454071221535,30350.462957188607,30764.54994739818,3167.254085300188,19500000,0.0003038207274179806,3043535360.008035,30764.54994739818,30802.157284195,1.0397704976179543,1351.7918587063257,1555.2247107434866,599908723974.2645,353905343789.5395,0.9999120872252422,318950048.34567785,152467.16284082012,427858.8075117769,34770.9202686837,12
2024-01-26 11:00:00,30790.71222133249,31049.349223521243,30517.388864805725,30912.745469368027,1086.6751116289884,19500000,0.00041621247884910116,3713262068.821995,30912.745469368027,30965.02702016248,0.9153918480960388,711.3917335314499,629.9643555562834,602798536652.6765,375666649823.59314,0.9995623026871565,436006864.08642906,148488.52708460984,423308.98247941025,23559.147014898044,19
2024-01-26 12:00:00,30064.387828864823,30137.88799429765,29962.8571104327,30047.933349474602,2863.502494719945,19500000,-3.003659893335954e-05,2942477027.802571,30047.933349474602,30024.771583211117,1.0217863486599874,1254.9815380983252,1421.8525155258208,585934700314.7548,388670072673.4849,1.024145990456232,557011159.0438926,151786.27510782954,546908.8951321422,33012.17966854749,18
2024-01-26 13:00:00,30319.955528274546,30588.0583067395,30072.25723850298,30320.387099879405,2134.2588291593083,19500000,8.81251855082654e-05,3520441559.976153,30320.387099879405,30376.539823233674,0.887592903301313,1021.7444530627014,706.2471852298877,591247548447.6484,386169608573.90295,1.0068165981129633,925086505.1446931,124245.13998993103,368445.234510215,21315.563136317633,17
2024-01-26 14:00:00,29848.32265304903,29959.93205040997,29633.516884967506,29838.167116908222,1647.1075208653372,19500000,9.08718505292072e-05,3838469048.737983,29838.167116908222,29774.673514468363,0.9614758950664758,1149.8078253409838,566.6433199212115,581844258779.7103,304069937223.5124,1.021128490611985,483364004.19046843,190627.6733778883,282932.8135006051,12621.030014184418,17
2024-01-26 15:00:00,29058.498132836517,29215.110438716565,28909.770233513187,29085.380416400738,6105.889904164141,19500000,0.0006063986324405394,3767899888.675318,29085.380416400738,29077.584062326663,1.6881524139399444,2790.77385515435,2996.338704049491,567164918119.8143,261892301407.80942,0.999705675345837,440312722.5020052,174614.0856038858,373034.6802064354,48591.809278497676,16
2024-01-26 16:00:00,29545.74927299826,29666.798525844195,29381.75577493039,29506.543711540497,3835.68670083512,19500000,-0.0007502734347899653,3231225007.870837,29506.543711540497,29497.183921063515,1.037109939160976,1650.6596037096845,1398.8208682302657,575377602375.0397,402651869764.9197,1.0069375766531767,541283617.4132503,181460.29852102458,464361.1261938436,22909.949339370734,15
2024-01-26 17:00:00,29707.76591137888,29761.817098624742,29410.639252519504,29652.455847152614,2936.825336896388,19500000,-0.000187083304696731,3264677592.72148,29652.455847152614,29689.590715489936,1.0942279032872817,1737.1955945237896,1698.9289127686925,578222889019.476,411517675715.098,0.9927608295195018,211685938.850234,159949.63275347266,420877.75230801717,16316.585959557047,13
2024-01-26 18:00:00,29321.848193926417,29536.374756736626,29061.172460789345,29293.493129920673,2247.5551950142576,19500000,0.0001016622528375393,3392748635.6005583,29293.493129920673,29334.454293600233,0.8684058280012585,1164.0958697249416,1295.0551488371132,571223116033.4531,424799698729.41284,1.0300933520301294,300374840.11127293,155093.0456057433,323810.6064879707,31061.633482593017,11
2024-01-26 19:00:00,30143.436295662814,30294.420320163197,29915.269673439245,30159.16903479503,3456.7523230945544,19500000,-0.0002256710704746509,3638718037.2313666,30159.16903479503,30190.96354421973,1.2263161596748817,1477.9366344628413,2020.8062014530794,588103796178.5032,433969711294.4219,1.0096786728854776,417524340.20524734,218359.94075064646,542103.3290581832,40568.905767727076,12
2024-01-26 20:00:00,29771.50279396603,29902.392691371726,29474.306995559033,29897.532216704043,4893.769021649974,19500000,2.2503892818664795e-05,3047067058.6462517,29897.532216704043,29860.143856333063,1.1642236668865382,1963.0019826360801,1898.2234255718581,583001878225.7289,373205275603.92456,0.995257754364613,364782680.99942523,210122.6354406089,457119.1642721703,20728.57677334991,20
2024-01-26 21:00:00,29965.7596877378,30254.633717143795,29776.559378367005,29919.729009959556,1971.4351878231528,19500000,6.21773390890272e-05,3581122422.0490026,29919.729009959556,29948.530310530805,1.1658734060938847,835.3926502898598,1015.4566392848074,583434715694.2113,419070369265.15485,0.9943626959634604,255738676.0260254,231816.21188429202,478208.8969633196,21380.344054065703,10
2024-01-26 22:00:00,30157.596303673334,30403.611000450543,29841.331708767404,30084.08712040935,2973.770079554956,19500000,-9.730583263774062e-05,3675350539.2930226,30084.08712040935,30102.409592052503,1.0439151887704998,1655.856658923204,1483.6262994979936,586639698847.9823,342833721739.21,0.9967228197625901,683755845.2441274,178643.69812921557,481144.0824553588,23656.989051568176,13
2024-01-26 23:00:00,29754.825865679097,29970.119691523945,29460.219265161508,29716.517802629984,4601.019780984329,19500000,0.00011934067783080175,3504651858.9722743,29716.517802629984,29669.82618804772,1.2297833542975598,2159.11081474489,1429.4500449591778,579472097151.2847,397634154012.10376,1.000913317710311,538287139.247078,228242.9757615007,341224.24524717627,15783.317559292516,20
2024-01-27 00:00:00,29948.07167967395,30261.58668715803,29884.70078690416,30000.851723740678,1132.292293748615,19500000,0.000288444783327344,3738781815.162382,30000.851723740678,29941.83963352425,1.2896063790953232,717.0418044025864,429.896874955281,585016608612.9432,430923446076.3715,0.9983091669634324,513164030.1525692,146675.70496220232,470041.27232386544,17904.364073912442,17
2024-01-27 01:00:00,29725.444812236256,29994.997301960128,29672.95343588198,29685.441044737257,2896.374666118611,19500000,2.9120066490699413e-05,3649653004.15232,29685.441044737257,29719.22275871571,1.058253368892344,1903.6497506895432,1048.5745751275256,578866100372.3765,398771344133.8523,0.9832347503436591,367562356.4131354,154784.18231119702,530455.1850430619,37593.17358518023,17
2024-01-27 02:00:00,29495.671942041423,29595.216798674734,29325.817207306955,29444.995355532978,2405.1181658110663,19500000,-3.595842019062067e-05,3432887769.6016097,29444.995355532978,29442.63683198766,0.9773382521115619,1066.5494228993136,989.0870009672846,574177409432.8931,329996758471.03894,1.0229470166580479,500819936.3009544,219427.06720392333,555743.4501067502,21169.95140434691,15
2024-01-27 03:00:00,30355.860443889087,30541.322207679088,30002.254647559414,30261.51615774962,2788.0147743260336,19500000,5.027052500383836e-05,3070495699.600456,30261.51615774962,30225.65075070892,1.1959181276258577,1397.0908233851592,1633.5427850341368,590099565076.1176,332419474503.5268,1.0248422797764452,596017021.2561451,200958.83891738285,511065.30783530354,17132.5065640181,12
2024-01-27 04:00:00,29589.256330246073,29821.652124236305,29503.712819314278,29641.194219088695,2319.6827782859614,19500000,9.776909600632319e-05,3623379701.840649,29641.194219088695,29637.987873940783,0.8345813464917878,1029.8747536916555,1284.3631012404005,578003287272.2295,310655280362.7049,1.0535157051370223,436387679.08129567,151355.61274044073,490228.0312424625,19233.088441916218,17
2024-01-27 05:00:00,28234.83423003137,28323.133655347287,28037.187523437045,28247.627839684956,3193.3068936226696,19500000,-0.0004220958696003265,3321737979.757522,28247.627839684956,28260.735899446565,0.8662410537236801,1551.9720934589336,1239.0904991992209,550828742873.8567,308529676189.0254,0.9818911086806572,579588481.8890334,125296.15336294334,312548.7534549324,30389.33812176624,14
2024-01-27 06:00:00,29219.072155563164,29283.924544064383,29173.32427776445,29175.46813173542,7799.489877444484,19500000,0.00023846617538838356,3422826778.3904805,29175.46813173542,29175.968458142826,0.9893965485944861,3679.497683783315,3580.0396316940164,568921628568.8407,396067876093.6992,1.0199931617545632,352857837.54143494,154663.79077679827,441093.9055184384,12176.107811177459,16
2024-01-27 07:00:00,30708.19620412283,30743.17506742338,30595.557210755946,30704.6706894473,2535.2277724036494,19500000,-3.5300368834038294e-05,3724989751.2692986,30704.6706894473,30660.087932769922,0.705907257319732,1612.5556339571401,906.7998550627474,598741078444.2223,395438602956.51373,0.9427258805115195,504457486.2838392,137143.4708985669,365377.0562263677,23775.120819925178,9
2024-01-27 08:00:00,30391.78196177142,30660.675332330044,30204.71546996222,30459.849222352328,3449.054810599138,19500000,0.00047846052244331533,4015335211.605997,30459.849222352328,30520.32898625729,1.1800054471700043,1737.0954278652518,1321.7819569053504,593967059835.8704,311811177402.121,1.0248712919506566,766234880.4702585,250477.87459150612,571736.5437386521,46104.49010639304,15
2024-01-27 09:00:00,29329.72554810894,29558.766944931333,29267.398640188607,29305.424535604776,8081.826752598439,19500000,0.0002773160426927424,3574014068.8677893,29305.424535604776,29337.78411196581,0.8248260383458734,4434.251355480399,2582.1515248478254,571455778444.2931,379138358538.34656,0.9563025365497845,794169824.7607936,196813.1658250087,554640.7570059331,40510.59355646217,12
2024-01-27 10:00:00,29160.63289673395,29382.53160160766,28865.769619736915,29126.92363030211,2264.2349508452176,19500000,0.0004510199212658965,3747389071.7992816,29126.92363030211,29120.067809242923,0.9100113524763217,1363.4510356427218,1115.7741149584404,567975010790.8911,320234898031.3249,0.9704700668928314,825116809.8553911,134392.42658282557,365819.1036418795,26159.320598946586,14
2024-01-27 11:00:00,28968.65572581108,29060.276450973306,28918.297780931458,28963.560288509016,7385.971039934669,19500000,-0.00020330113811447247,3193686255.913929,28963.560288509016,28957.909652680824,0.9582410457566591,4776.337555383399,3671.390656768802,564789425625.9258,348662445695.4144,1.0099667598704745,543873568.070408,125335.85583365544,438363.76714239497,32693.539972568018,14
2024-01-27 12:00:00,28869.310045632636,28928.567148262635,28594.101259064784,28856.63708052866,2988.902383931552,19500000,-1.1415992356227951e-05,3656023383.636135,28856.63708052866,28869.89634152098,1.0078883144100466,1465.64632401061,1648.53056318443,562704423070.3088,315739518768.63245,0.9813550289373306,491339347.2398506,133976.7667655381,464957.78183799254,32599.35837585535,14
2024-01-27 13:00:00,28209.384738725657,28352.016175373847,28148.342646105808,28223.988163339585,7265.904817122904,19500000,-0.0002727375462372227,3567773344.0110817,28223.988163339585,28194.928141253487,0.9335781005450821,3362.4151640428527,4079.5552010028573,550367769185.122,333791891120.08246,0.9772493946999127,405440396.69857717,141533.7792772956,529748.8215021172,21210.346815913697,15
2024-01-27 14:00:00,28640.324694905983,28796.933845394313,28271.97233198524,28555.897531284056,4337.704466839832,19500000,-0.00011155736267879779,3955362960.2173448,28555.897531284056,28567.967436294693,0.9866161613669284,3008.3542577165317,1509.598451304643,556840001860.0391,372493201527.2565,0.9854555193250496,235449284.87802982,156111.3637204708,316436.0194918394,29069.306614826204,24
2024-01-27 15:00:00,28807.927854452613,29125.163425290382,28633.71228142569,28859.915655359393,3475.710443553938,19500000,0.00047563162735257745,3433216184.5184,28859.915655359393,28824.396821037277,0.9881453007824359,1724.1062267444122,1817.4916860362498,562768355279.5082,376682917999.01917,1.0218887797575558,283306560.35180247,215052.31922102437,284382.5270921343,37668.327675592795,15
2024-01-27 16:00:00,27980.006077407823,28257.974639579228,27956.406370818,28012.911206161498,2884.7244382913727,19500000,0.0005462471733767485,3516278386.303873,28012.911206161498,28013.736628528633,0.9144740465160728,1734.6437389559924,981.9956516198279,546251768520.14923,369241490622.6043,0.9720132881074677,453623452.1054866,127819.0380248646,445801.7841996033,15076.180501139906,16
2024-01-27 17:00:00,28410.858789148395,28671.118828080784,28391.689171668277,28410.234587115643,2181.960972371252,19500000,-0.00024443998844133794,3901805210.0894628,28410.234587115643,28379.876220131606,0.8567244921046676,1316.4911978176458,899.2177628369625,553999574448.755,314290406390.29645,0.9983753540733239,464598718.65728897,288480.94413153076,266656.5115381564,26186.394559395743,18
2024-01-27 18:00:00,29655.85324966878,29908.005814841836,29581.632790799027,29603.812469258468,3096.091458034684,19500000,-3.748330049518506e-05,3558615126.1155977,29603.812469258468,29573.673301967712,1.2414682911355437,1715.8812359235865,1407.6719500631023,577274343150.5402,379355045394.6174,0.9886403114638199,853528260.9827641,128563.07781228004,456669.1659308102,24549.398561922982,16
2024-01-27 19:00:00,29619.801870003037,29995.337338349123,29445.07680700994,29708.77210654061,4668.909116647491,19500000,7.714129839281526e-05,3280601706.09077,29708.77210654061,29760.635381829827,0.6564681242758459,2187.5437549283,1469.9638948585223,579321056077.5419,302181677563.2689,1.0245967231398705,820906398.4739645,114432.23208357595,498042.9288076373,22718.829328932086,14
2024-01-27 20:00:00,29434.628542499708,29649.345619928696,29196.331911537312,29511.967412459166,2961.4795917360457,19500000,0.00027568169254293435,4396746453.0661,29511.967412459166,29516.666481862514,0.9596918536755,1310.2688162710406,1027.7196372608114,575483364542.9537,341393148157.8248,1.0254376526224853,368667437.92806494,248221.35966535044,566490.7220609759,22123.374355070035,17
2024-01-27 21:00:00,29311.267765414384,29445.185436925323,29193.154277179176,29431.21341058232,2544.4978408404636,19500000,-0.0004279430790609477,3288550012.6360464,29431.21341058232,29440.26075645796,0.910483142647017,1389.5625950929502,970.3056515646608,573908661506.3552,358653930719.1597,0.9449415460769166,673050072.0037216,226457.80155764642,390618.37907017337,23611.779356301427,14
2024-01-27 22:00:00,29800.53407839048,29825.436010257483,29666.03077123595,29798.585535457856,2629.657090711212,19500000,-0.0003809000244585315,3566405252.8836746,29798.585535457856,29741.629119176672,1.087366042785036,1454.9336800045446,889.5149046598754,581072417941.4282,381151347403.20557,1.0313532825629295,400879906.0155765,155501.8333495103,456907.5396778211,24213.646528718484,18
2024-01-27 23:00:00,28723.29248453319,28900.030787325642,28554.029653834208,28787.67934307968,4896.3157169855085,19500000,0.0002468878431617207,3685732245.003073,28787.67934307968,28773.371815822426,0.747621414633563,3094.5206286513685,2840.983792730085,561359747190.0537,406199238046.3767,0.9816773228062357,637488335.2621933,179034.37021785628,503985.0923432724,30809.691786566113,12
2024-01-28 00:00:00,28863.15629081398,28959.80591180833,28709.30394796099,28885.372036803303,5500.425476267937,19500000,-0.0004847115706753773,3662491171.3086123,28885.372036803303,28901.582857643643,0.9048762651248196,3371.4859782136705,2125.8911051157593,563264754717.6644,304968769014.8157,1.0070887659579002,669744658.667069,180167.50487281202,349708.7689303432,25411.43119894081,14
2024-01-28 01:00:00,28701.457699530532,28750.23312647436,28466.319945940362,28663.54281540426,2135.433059176843,19500000,-3.403922184166105e-05,3530906605.53244,28663.54281540426,28671.973802856806,0.9797361808260392,1438.4541531187474,961.6954799675589,558939084900.383,393261588888.4235,0.9718327377885011,797376183.5706661,168413.59487373175,531293.3306920858,20881.878858586908,12
2024-01-28 02:00:00,29707.472724620708,30029.175473815594,29567.31711048462,29745.638920870148,2133.898934903934,19500000,0.0001486275425676522,3532314540.9704585,29745.638920870148,29684.54049147146,1.238640890022178,1475.075069647249,1278.1206851426575,580039958956.9679,315157331040.4384,1.0111340380812934,398390268.9646651,117698.33127700294,467366.2380936941,17120.358035278903,20
2024-01-28 03:00:00,29658.87875635881,29716.83801515169,29433.54078358849,29645.165968459314,3603.5669733601226,19500000,0.00022469979097993517,3518165235.3172994,29645.165968459314,29654.27112297382,1.0686936271582446,2228.285089526758,1693.650542893777,578080736384.9567,355850792385.35114,1.076540468608633,727934387.378825,87509.98711884048,391958.2993320058,19115.737824975495,5
2024-01-28 04:00:00,30635.454217063016,30947.892169383762,30329.92354112829,30653.80590931406,6398.161947388504,19500000,5.74845713368504e-05,3278740826.618976,30653.80590931406,30668.10771232335,0.7892298817768948,2706.1241871992715,2709.2935669362005,597749215231.6241,417485957033.7113,1.003814966838551,229376286.51714924,131770.68479463685,455101.6658694689,23821.643349759266,16
2024-01-28 05:00:00,30027.85166789105,30256.315226294406,29882.495844968344,29987.541555982403,5286.941303633251,19500000,-9.727015714259169e-06,4257796190.326233,29987.541555982403,30029.037176406975,0.9071065652662359,2757.32753801069,3060.809753495666,584757060341.6569,390000728363.1657,0.9862045684706093,814826913.5317932,256283.26171932448,430254.90009794064,17821.819115863065,11
2024-01-28 06:00:00,30373.696956979315,30568.375853089507,30341.15480080828,30344.861566119605,1594.114827224169,19500000,0.0003533712579149438,3522372927.5614986,30344.861566119605,30328.01315467822,1.1938821049615385,928.7961962733409,584.6405394234527,591724800539.3323,419450575055.0628,0.9930351629597338,480334508.02687657,258811.00805214277,517112.0132336493,29253.752253818817,16
2024-01-28 07:00:00,30500.112640338444,30748.851517603147,30461.79685994071,30542.379243057676,2612.236460978042,19500000,0.00018556177790972724,3760262025.021413,30542.379243057676,30476.955367842602,0.7865059642874282,1507.4133098105526,924.3404522908455,595576395239.6246,413606578814.0716,0.9559291012828595,484442256.6181392,152442.19574467195,411641.4498071066,25059.70714433124,14
2024-01-28 08:00:00,30008.986811607985,30118.61801315455,29842.88281283487,30019.11236347924,1871.8793827223387,19500000,-9.410498658543794e-05,3490210098.1279893,30019.11236347924,29992.192101516517,0.9843941987419202,850.6440176347509,862.2050722121804,585372691087.8451,311947553107.5436,1.0434688985849336,214758650.06694648,128092.62888771517,462970.26043138804,31040.814864082928,21
2024-01-28 09:00:00,30191.71324635315,30386.8806440306,30025.09892489267,30128.81973299829,2607.7517719309767,19500000,0.0001113168690046715,3484599335.3421674,30128.81973299829,30098.779340180146,0.9981775721367404,1499.1532541213908,1116.614590772991,587511984793.4667,439389051588.5475,1.0093864932278984,415309110.32840157,174473.87656729083,390746.25979235466,18185.034120343884,14
2024-01-28 10:00:00,30895.761340181332,30953.44129148644,30581.286619753348,30871.47309325022,6648.888640922157,19500000,0.00021495070679685785,3456645707.1167436,30871.47309325022,30897.303528857487,0.9257448595136176,3357.0514834103096,3584.388095207418,601993725318.3793,440117329439.8157,0.9685330628110645,834373548.4328431,181633.3364145023,366748.4362753779,17165.89251246399,13
2024-01-28 11:00:00,30589.563482913123,30962.911506625962,30397.63046285867,30675.26785351856,1463.6662183674198,19500000,0.0006154711724354144,3166878809.013166,30675.26785351856,30594.99875776743,1.7145494874231615,734.2892193356488,457.5464689970526,598167723143.6119,346370447536.7074,0.9695104512961374,409038255.2774926,189128.10710962463,457854.42278189433,30971.328483949583,14
2024-01-28 12:00:00,29696.459999226947,29786.081937708674,29503.247206109743,29657.571919624952,1326.855788186436,19500000,0.0003358971004874738,3539142520.100499,29657.571919624952,29647.240512856682,0.9207688127420701,862.7244219861686,643.9466621456104,578322652432.6865,268435886354.81314,1.0004584713744649,645402753.8037249,86529.68638900813,369773.6965663945,22902.152642956597,12
2024-01-28 13:00:00,29585.803524276344,29725.78430726378,29349.69712538389,29650.121197090117,1969.870184333167,19500000,0.00046436705678618305,3470065780.5434413,29650.121197090117,29695.361217803653,1.0941228935959635,1037.2941384458793,1010.9447515665432,578177363343.2573,312822285390.8482,1.0279598618001546,491917732.98017406,358412.21658522415,519237.1832774985,20728.08579518299,10
2024-01-28 14:00:00,29204.966907594237,29412.661767465965,29047.386196027768,29122.69453426996,3441.4745310999624,19500000,-8.318221888988898e-05,3937146111.9732223,29122.69453426996,29125.816850075327,0.8579064448773036,1921.0957355553787,2035.8903929474457,567892543418.2642,398005080724.02576,0.9654703027378908,742154244.223141,216018.3565343963,498045.3949823143,27162.650049623644,11
2024-01-28 15:00:00,28986.11827877558,29176.397280633748,28689.745625491825,28926.870330085036,4065.8471868647325,19500000,-5.725487187650077e-05,3257624190.091886,28926.870330085036,28955.690657434254,1.1113212229103588,2312.9053863257545,1397.5494253524805,564073971436.6582,414741663301.0007,1.0334022802560152,523789469.65357554,154899.85248262345,379639.3904834556,26861.10938164231,10
2024-01-28 16:00:00,28899.340648106583,29029.763059859833,28881.711231772795,28882.595358304185,3709.766506734547,19500000,2.938600215610298e-05,3423154138.768197,28882.595358304185,28838.06422091212,1.1902430373886304,2110.4825818816976,1386.9814056040318,563210609486.9316,393966714744.68805,0.9972509934412929,334208426.4362699,135995.9782323239,461739.4668237371,15112.40001689161,9
2024-01-28 17:00:00,27925.508349691936,28102.122175767825,27743.73584323923,27916.729496175692,5366.025062658785,19500000,5.692820600855081e-05,3336288380.3629165,27916.729496175692,27874.798861229418,0.889057996801525,2489.4946403695203,3110.8616438297663,544376225175.426,309762576980.949,0.9720926984497871,496244978.9549513,208319.12204086795,379291.3870505695,33369.36481411551,17
2024-01-28 18:00:00,27020.472351555556,27074.887182412203,26767.89655400304,27031.773376702266,1234.5443120590012,19500000,-0.00020240748734086709,4023437330.3333125,27031.773376702266,27073.327766447783,0.98911926507885,715.8332467696741,603.9250698812234,527119580845.69415,246144260185.70486,0.9859692872028106,920554497.830251,184213.12489353982,320981.07334752526,19474.82562623531,15
2024-01-28 19:00:00,27333.428232569582,27517.471942242875,27081.328438045362,27296.38572956126,5400.075798318327,19500000,0.0004797800879670454,3344046121.5778522,27296.38572956126,27301.87818179969,0.8360591172546247,2702.1281749888535,1681.6630377428355,532279521726.4446,322175409375.86346,1.0524566163138913,592024176.8064582,166547.67304407767,392603.3000862305,36680.6781443543,19
2024-01-28 20:00:00,26995.173674144673,27088.313011517876,26764.733641432613,27015.2069721222,2550.264453364087,19500000,0.00036500549132763754,3749858667.598487,27015.2069721222,27020.698471089407,0.795423372216762,1521.2482734078399,824.2536338993735,526796535956.3829,296541541739.4774,0.9583535999036399,463085137.3364785,182514.27322712887,437983.55112552363,14763.828026696447,10
2024-01-28 21:00:00,25679.06505383132,25749.126781772327,25565.086071386526,25666.972323131566,4297.321303546565,19500000,8.296641609547857e-06,3874230571.6177297,25666.972323131566,25640.839422671823,1.2304243212259496,1906.761340191927,2301.7835272204206,500505960301.06555,243692205956.00406,0.9780432113216156,1196058647.511338,158232.39708094913,491040.42972360284,24226.919373972734,9
2024-01-28 22:00:00,26121.122350660728,26163.485569895616,25860.724178779,26075.649840210714,1538.075573874924,19500000,0.00029251319470415606,3543249805.3886895,26075.649840210714,26080.885354269132,0.8951175852433517,1073.9377036642272,723.268271624298,508475171884.1089,244960966897.76157,1.0285775075390475,771375838.0368997,179955.62405122438,455839.46956771455,20833.418597301017,14
2024-01-28 23:00:00,26191.241810287596,26307.855360021793,26046.972156931886,26220.703736157237,2988.355002215574,19500000,0.00016686974890115137,3211022052.809432,26220.703736157237,26193.278517051273,0.6171010663210272,1887.483830468749,1403.4051555124393,511303722855.0661,253561173789.02957,1.006493711303609,672621664.0475876,195163.06380353597,530478.6138378887,12178.526988793214,17
2024-01-29 00:00:00,25819.723475866816,25937.216232325936,25660.018097214717,25851.582590886366,3354.7595755216753,19500000,0.0003159483942794124,3214275088.5093093,25851.582590886366,25884.850228580024,1.423432532770468,1761.8373027731577,1891.9491802778248,504105860522.2841,257974713231.25424,0.9762627754522585,550830108.2553303,177340.9125206592,363584.4107773936,26835.00291977079,17
2024-01-29 01:00:00,25121.99176370325,25296.517151351814,25107.19105700775,25182.145133459242,5312.8065694018915,19500000,-0.000303292137057689,3840164822.625742,25182.145133459242,25253.355976807994,0.8517867604737043,2605.429855652711,1978.1139537919441,491051830102.4552,332017782293.6868,1.0289437970909447,649757343.7853681,175033.11692621632,410306.74702345894,12367.395481148686,14
2024-01-29 02:00:00,25554.672073485886,25657.957546526406,25503.166198214425,25609.192648735636,1349.3424634891408,19500000,5.6301678040769556e-05,3241015289.097663,25609.192648735636,25624.14690767446,0.9519196883277666,696.7203112978203,469.745639916254,499379256650.3449,281905104100.5053,1.0303688719950754,658248336.5598823,230548.1546086299,614689.9912030182,20181.06246061813,21
2024-01-29 03:00:00,25697.016464718585,25841.109168756655,25555.435048149327,25791.32995826164,3027.1482214276525,19500000,8.25884416282614e-05,3699124950.957109,25791.32995826164,25777.532979524218,1.388440675291844,1865.8205906329645,1465.5689412220645,502930934186.1019,292243830983.9228,1.0099417200555425,202626281.3557252,109176.72954130014,300674.62813471636,30677.434885975643,16
2024-01-29 04:00:00,27092.285684906965,27239.0550464073,27036.890532183977,27052.797863498567,1732.6067657692374,19500000,0.0002870926298834954,3617857832.9989247,27052.797863498567,26986.960596614874,0.9720496273918827,1033.7119026771386,978.4496985106213,527529558338.22205,332087453660.64386,0.9816281023724945,568194578.1179503,133322.9194651546,404177.38760821515,18788.2923372529,10
2024-01-29 05:00:00,27382.537848550262,27417.827752662382,27081.5345328328,27283.829616237224,3838.1586874495442,19500000,-8.853128035463997e-05,3694719956.9494667,27283.829616237224,27240.599367303006,0.967860493438395,2343.686217278316,1456.8698260896465,532034677516.62585,392662896394.0194,0.9862508614049692,454940707.9680543,163839.10718289082,357075.0313214211,16795.72644142998,17
2024-01-29 06:00:00,27577.352388527157,27767.33194401426,27267.955295199547,27498.96225489256,4396.694414930123,19500000,-0.0006499792172247188,3722743690.662899,27498.96225489256,27544.469237921036,0.7822079845432843,2931.2751052277954,2217.6412630594873,536229763970.40497,362995759649.5058,1.008540281958952,397255214.8796857,135609.2821077429,425457.49133487494,28004.12055948222,18
2024-01-29 07:00:00,27320.907194719228,27668.785679368066,27069.45584813475,27410.04930673958,5673.63407219311,19500000,-0.00022450991530487618,3326898538.9058423,27410.04930673958,27384.580112500098,0.7211077267244588,3046.1092717693855,1961.4530817696043,534495961481.4218,344062417985.77423,0.9606421281635986,448682060.00274503,147412.76638064094,405595.04005081375,20437.864959815663,14
2024-01-29 08:00:00,27904.6651923837,28023.761081664903,27835.913061339037,27864.270099681184,2281.264726691154,19500000,8.16856042867278e-05,3315776746.0750065,27864.270099681184,27856.723483385453,0.9672703438824345,1370.7123845946844,802.030191209301,543353266943.7831,365758056080.7741,1.0398335464339934,260382047.8544654,224568.36157692532,499034.7879418655,19506.091718619307,16
2024-01-29 09:00:00,28297.886110623098,28552.879865875253,27952.462396538904,28217.629171374298,4739.150801534496,19500000,0.00011916526765099948,3795925800.4420233,28217.629171374298,28238.94267962848,1.0752594215250753,2523.372154203373,2703.462874453829,550243768841.7988,366345564294.81274,1.0510062726602751,235720174.91635987,156804.84042989183,465610.2230504996,32289.51175946804,15
2024-01-29 10:00:00,28909.417096959667,28964.30221503768,28889.868546913116,28935.85347029251,5886.699680649833,19500000,0.0006051244367874953,3408889553.777739,28935.85347029251,28981.63837607438,1.0630106112190933,3481.567398067398,1974.3372535479152,564249142670.704,370753880325.3491,0.9929213545047919,798783870.3726535,103021.93884969232,340740.50549443805,15518.93824663876,9
2024-01-29 11:00:00,28644.39670714814,28656.701660349598,28502.823087705834,28638.586085196548,1310.7785007592765,19500000,0.0002748239321974297,2876925771.836651,28638.586085196548,28635.734056581838,0.9082349157157887,711.0279847987182,402.80703203890573,558452428661.3326,334469521344.4411,1.0106831347729242,583679814.6660944,146409.76332533726,393315.5855859884,19189.486374187087,14
2024-01-29 12:00:00,28279.098188655335,28597.938003800224,28041.482777500816,28393.11888083835,4048.78639665957,19500000,0.0001244590837694468,3775884224.332472,28393.11888083835,28384.46843818887,1.004059778533798,2562.8780974076094,2155.906422357535,553665818176.3478,343302773901.329,1.0355740612854798,184801927.8331643,165136.60072090293,442403.0353099996,28564.903797880062,15
2024-01-29 13:00:00,28140.169906088926,28354.32266974791,28105.39078375969,28125.16590813284,4813.865251031349,19500000,9.028261696556871e-05,3299705625.1982102,28125.16590813284,28129.99277803303,0.6925034914934239,1933.1425578200508,1967.6812109531331,548440735208.5904,322728546589.391,1.0586668251570306,385266624.3872974,164377.7452826609,512920.5181698698,15220.763483745703,14
2024-01-29 14:00:00,28515.602935728286,28817.30392416827,28510.404235343824,28576.388327403718,2619.2330026240247,19500000,0.00043125501465090784,3721418948.3549657,28576.388327403718,28561.31034425921,1.0964014458155222,1217.1923773792605,1097.452251997473,557239572384.3726,316783758774.1807,1.046709440064721,690012791.2026516,187027.20384002593,719701.0935418638,37519.05243688768,15
2024-01-29 15:00:00,29460.414269633133,29477.152993068154,29441.30953563836,29448.656303575863,1627.195420973137,19500000,-7.703313564723142e-05,4007469164.3993654,29448.656303575863,29434.702964708056,1.0328078579892486,795.5867522701897,878.6159866435704,574248797919.7294,305058430980.19965,0.9479338745992362,433756663.0091547,183248.26352022705,509181.1661227183,20639.164816913464,16
2024-01-29 16:00:00,29091.446088144723,29409.287315786278,28942.71018207446,29182.565902472543,4776.569442908574,19500000,5.791486367782036e-05,3589723426.7664814,29182.565902472543,29197.503877736643,1.4839866946512594,3265.3505301792457,1690.8135739927504,569060035098.2146,316718306827.51404,0.9905333893501744,798305553.7152363,157203.03656603364,361313.0427153658,28634.232294365655,12
2024-01-29 17:00:00,28970.009095930724,29079.092401071593,28703.725338452543,28938.589992766007,1636.3862545691723,19500000,-0.00022677743604149046,3882174479.7892656,28938.589992766007,28946.84592702903,1.0014970487461652,903.4715378267941,810.1716967950615,564302504858.9371,326482228122.7456,1.0150206475444965,738329470.3356346,120781.69969777935,434187.15329487366,28616.265342171857,17
2024-01-29 18:00:00,29183.528910444016,29272.053536174084,29086.74183964876,29123.853396520008,2726.637060178663,19500000,0.0005256718146085912,3629293413.845669,29123.853396520008,29188.846342307115,0.8281724524071667,1388.6914257560754,1074.4545063009718,567915141232.1401,354273314537.0904,0.985173481092942,281971205.70943314,145759.77765740256,458719.98068310186,21042.79757936383,18
2024-01-29 19:00:00,28938.55314614511,29034.101612951097,28902.492741542756,28983.952441875885,2921.749825527906,19500000,0.0002177496811004841,4070348039.9712405,28983.952441875885,28999.570410350603,0.989906656346181,1523.0895861870815,967.9188546692659,565187072616.5797,339091065536.09076,1.053483002351211,458133122.56195503,139288.95409794757,398762.71747677634,19078.100135741293,18
2024-01-29 20:00:00,29476.90134961341,29838.343704671042,29309.311354024056,29544.080013041057,4263.17312005208,19500000,-0.00011225698880118374,3292889985.8650527,29544.080013041057,29581.043957221904,0.9365428899614153,2283.1282321518743,2158.22633884901,576109560254.3007,277906429488.0103,1.048881255184079,405553853.39052075,151558.05764917677,486042.6038031404,21744.380415103773,7
2024-01-29 21:00:00,28124.089037802445,28263.868947793253,28058.195534418443,28245.886602547136,2179.137031375354,19500000,6.566349690450762e-05,3582557621.0354176,28245.886602547136,28218.451791586678,1.0908329445825153,1438.991214565224,862.0649542639433,550794788749.6692,304034370258.76154,0.9755220957622381,278326288.28037405,193453.43835007647,280891.7330176761,27277.167454328483,18
2024-01-29 22:00:00,27770.67950336962,28015.272544106698,27567.894187292957,27785.48436153912,2116.9002587329064,19500000,0.00025289522896188406,3783263857.585519,27785.48436153912,27802.854659644756,1.0053929019701262,1457.9108164070342,1185.424413390716,541816945050.0128,304966024044.15674,0.9951279994028283,271179160.71532154,180056.44920291993,494167.5576893513,16384.19692002896,18
2024-01-29 23:00:00,27324.98670432611,27531.753074975888,27065.49896076724,27356.807811294824,3132.096098346589,19500000,2.4784326183317388e-05,3530717903.953923,27356.807811294824,27339.765030325838,0.7772530233783813,2046.0398716863947,1803.181221803804,533457752320.2491,353190529465.928,0.9775133759143109,351454698.8887837,199985.75708822487,402207.14281093667,15352.328316671621,19
2024-01-30 00:00:00,26037.854774513737,26310.871297342434,25838.39610857886,26118.876543609458,4930.497815973833,19500000,-6.0341186513780234e-05,3931070115.301738,26118.876543609458,26131.81722622663,0.7209765563872426,3217.135176540552,2735.0237021321477,509318092600.38446,280057530103.8789,0.9941461466768149,375447736.6758718,147853.79592281935,432812.0956940185,34381.0498983489,17
2024-01-30 01:00:00,25646.090697753414,25828.618315839994,25398.117860182145,25622.87541144934,9355.54973109137,19500000,-9.62821057952994e-05,3463123750.689139,25622.87541144934,25643.079422756942,1.0539886067510122,4300.788622771293,3711.3982605384117,499646070523.2621,226033259333.86954,0.9932370295199985,543365036.5631005,237302.3136025893,593115.5927912035,17668.58492920615,12
2024-01-30 02:00:00,25138.0354314195,25376.66649305739,25007.421704170414,25160.678551691257,1402.8475302567917,19500000,0.00020168856977233445,4230346290.9656377,25160.678551691257,25164.449353500087,1.318669018011637,674.2133229244678,520.4210641624217,490633231757.9795,233198459309.08292,1.0286277374424058,736695637.0049493,192568.96497277872,343759.156561584,24495.021323784822,16
2024-01-30 03:00:00,25008.268700004493,25108.25161292087,24800.120051963764,25062.18929646165,3490.0488383436,19500000,-7.416283763205517e-06,4248262022.408555,25062.18929646165,25125.028368321135,1.0159961673037476,2020.0917603981743,1981.7900049754087,488712691281.00214,292787541399.04034,0.973346060087985,595825252.9709109,167386.1454483611,467214.55127553875,20730.031756320524,12
2024-01-30 04:00:00,25600.448357753517,25629.085830927677,25553.62432259232,25628.874490914084,1731.481166646838,19500000,-3.6127320428823843e-05,3666728775.4715667,25628.874490914084,25668.03489264122,1.176635942544301,1033.419338890535,754.7251016155258,499763052572.82465,253154300241.19525,0.9214975118513271,655002032.1490386,189252.3608696409,518546.1532980549,21007.615979169044,12
2024-01-30 05:00:00,25560.76937028456,25713.75785698436,25488.686831862422,25506.119726617348,4961.213373737313,19500000,-0.0003008185265166217,3746950306.380549,25506.119726617348,25538.69729899675,1.224535796859042,2286.18473239566,2541.738346613547,497369334669.03827,297619206484.17145,0.9518637075329555,436087239.2896611,137456.1032933301,457744.88655847125,33830.46193967705,20
2024-01-30 06:00:00,25018.29320913225,25106.82260106401,24824.250021848457,24988.1606387211,1864.4618279723288,19500000,0.0001232921729581509,3943496940.0331016,24988.1606387211,25009.75756093387,1.0548075879019057,1163.208950582007,1022.0033720903014,487269132455.06146,303208875657.0098,0.969150951618798,617506454.254109,96067.98971844201,320347.47303432156,21470.801979592186,18
2024-01-30 07:00:00,24955.7176801094,24993.109208096594,24942.75255994379,24962.209155595006,2127.442623080153,19500000,4.563296836242755e-05,3260101634.553983,24962.209155595006,25008.722758059524,0.849677598294993,978.6003448951632,815.461514551952,486763078534.1026,355352317462.8686,0.9803292523300878,457208466.2697701,139850.02924298056,579591.7906220551,19790.39823695037,15
2024-01-30 08:00:00,25525.653445458353,25573.166578758697,25266.556427576375,25494.086411780932,2220.2266638062147,19500000,3.5054954074106116e-06,3227714048.9225326,25494.086411780932,25460.001600981355,1.03983455317139,1063.273640649305,745.3949846693325,497134685029.7282,321484064024.2668,1.0056152320184564,406628701.9068995,196194.97993350346,424101.9654773637,20314.400730472313,18
2024-01-30 09:00:00,24945.733859994114,25086.738149090597,24773.220602958943,25003.788253470946,2869.5213867262764,19500000,0.00015963120324661553,3963976452.698765,25003.788253470946,25040.550901225834,1.2730487032954023,1411.9154619676383,1398.7432328267707,487573870942.6835,223948635511.57986,0.9676061828341342,1036214887.4133549,166051.62449458198,398113.26530950743,18938.695221689904,14
2024-01-30 10:00:00,24556.598201016273,24573.845127707948,24321.19553571186,24555.00850481897,3503.7839723507577,19500000,0.00032440067882076937,3664358334.999371,24555.00850481897,24533.12399315795,1.1117975389030663,2290.764938693829,1671.5070416098454,478822665843.9699,270160920149.7781,0.963666982292202,191004895.65442958,157281.32846319367,415776.61987214955,18015.230035549394,16
2024-01-30 11:00:00,24840.650052204768,24854.787661579005,24755.384524468966,24833.333043209426,3796.560092050722,19500000,0.0003104696415821405,3520537734.3229322,24833.333043209426,24821.80195522065,1.1614265901043435,2352.44418888818,1446.7172714326427,484249994342.5838,333181957537.7758,0.9721165774704367,229331309.21130392,131668.14490853663,409859.9200137523,18961.501033809698,14
2024-01-30 12:00:00,24702.78494118931,24952.51614305122,24582.690299593512,24726.01931435677,2972.3739637486556,19500000,0.00026581855026992877,3588104351.635496,24726.01931435677,24742.37291670301,0.9116407797630758,1662.1682571256124,1413.1022996469856,482157376629.95703,254660452551.98935,0.9665303799652065,565420297.3364588,99811.98482544869,348698.89559433237,36277.86424611582,24
2024-01-30 13:00:00,25072.61799642579,25150.870326527584,24865.00146016289,25050.80083633261,1533.1113150300419,19500000,2.779891640928363e-05,2961958915.6235833,25050.80083633261,25084.199069169805,0.9603372520934913,990.2746033495796,823.4450894360604,488490616308.4859,355372977068.59045,0.9833651876711307,436372616.17608947,232399.09393082655,457252.08093227044,27267.386903240065,15
2024-01-30 14:00:00,25007.374825019935,25292.483137166113,24946.662174129367,25046.46902972296,4289.361108848076,19500000,-7.009950078237257e-05,3530675378.140144,25046.46902972296,25020.0806552471,0.9765342430233125,2761.827286061252,1737.2053812554059,488406146079.5977,297294390157.14,0.982081378123148,273061133.3958665,154511.88756790065,392602.6844480727,19859.56502593816,10
2024-01-30 15:00:00,25428.87286973675,25674.100530282773,25265.32525012196,25402.970948479608,2903.060104751822,19500000,-0.00021317469239673115,3375320976.390646,25402.970948479608,25392.491082937016,0.989784931356934,1500.7367144089171,1081.956902171735,495357933495.35236,236649479346.14746,1.0206717045092144,318188845.90659106,146183.14092904475,505942.1706219774,29569.440468125747,18
2024-01-30 16:00:00,24912.45004388477,24947.96804337144,24720.875724226567,24884.98405042948,5328.725631297922,19500000,-7.794695220142459e-05,3858119519.8335323,24884.98405042948,24889.899632903125,1.2631286049976493,3380.70972344501,2757.6174542943786,485257188983.3749,253547445138.91168,0.9703141184479114,335199917.76978046,137597.55469712976,490666.0823419861,13682.0749811617,14
2024-01-30 17:00:00,24736.291888099713,25059.341863887086,24494.170922309713,24881.458271787105,2092.533078284667,19500000,0.00010589502854097087,3881946198.094653,24881.458271787105,24879.30935964517,0.6253556533894086,966.4841780850443,1121.0988805468808,485188436299.8486,350252563702.6218,0.9892721011501069,693273135.7969428,222711.08319988076,612395.6762184019,33279.72080125878,23
2024-01-30 18:00:00,24838.301082875416,24987.53081015743,24594.778825452388,24779.31117204115,1337.9082105100238,19500000,-0.00013588583649574477,3754175104.231937,24779.31117204115,24802.951429354598,1.0061263507082316,737.1454872403074,784.3979653913542,483196567854.8024,361159440214.81445,0.9836493196024969,787964954.1669996,202873.45780650136,424078.29336292844,32485.422555720703,19
2024-01-30 19:00:00,24038.99593836591,24353.461364082577,24010.598468065367,24186.418572125232,2930.6719162078557,19500000,0.00012881714173523288,3700140733.31356,24186.418572125232,24271.93999748617,0.984226451135231,1276.2270820553115,1008.9592627987541,471635162156.442,334344415100.776,1.024266549281127,934783047.988775,127795.950468331,376754.87265314924,43083.70818170067,13
2024-01-30 20:00:00,23415.280988552582,23466.717678609486,23303.980325278597,23444.166500407686,5698.603046031568,19500000,-0.00018963700337355929,3180207426.601914,23444.166500407686,23456.341541565478,0.7601038363265908,3009.0809250985726,3229.849849733448,457161246757.9499,249702846929.58096,0.9953716217194689,256950883.83596846,217757.15245288698,329737.2924679289,29835.833952635974,8
2024-01-30 21:00:00,23819.04039910652,23863.95360041307,23630.342198603743,23770.29474911705,3230.7547844300198,19500000,-0.00039829756670210656,3758370964.708812,23770.29474911705,23755.19594255834,1.1437970156219956,1796.6541738706962,1710.7804287730553,463520747607.7825,315493405459.6295,1.0315209017019757,280799257.8127327,156957.82148416716,686024.5390066451,25113.739433823408,14
2024-01-30 22:00:00,23591.4146262192,23624.48624235728,23556.824152648078,23606.39461750561,2697.7276874599083,19500000,0.0003458218362594385,3770041459.805953,23606.39461750561,23578.149369689414,0.86510876645466,1143.7704650499174,1377.3787508731875,460324695041.35944,237835174449.07367,0.9654288947198557,273209486.9087361,139715.6343886005,505054.4879174198,32446.313672900025,16
2024-01-30 23:00:00,23063.132531709,23270.703161683345,22963.507627495455,23130.96111360062,1929.1340282302247,19500000,-4.232437860975334e-05,3960418000.4108515,23130.96111360062,23125.750774084783,0.9310833020043978,1039.3862174571739,759.9169310887049,451053741715.2121,255006248729.75656,0.9985190017469554,812432021.0825515,151236.01416705124,385199.25150240376,18256.14784656026,18
2024-01-31 00:00:00,23038.312228812636,23316.610643717653,22972.882082097203,23088.81842165065,7178.769247416833,19500000,-0.0001511100959671673,4246906977.7753015,23088.81842165065,23069.418044603317,1.4473819627596587,4274.965434941623,2201.4261968747333,450231959222.1876,296770593384.1319,0.982723269489102,573282849.3502198,133809.93644993164,620717.2963268432,19562.603783384227,14
2024-01-31 01:00:00,23666.499661182694,23825.53487951071,23589.92807590299,23617.99275622684,1781.4781188815068,19500000,-0.00022815414238923153,3130927570.862429,23617.99275622684,23631.397143102513,1.2238415583365256,1040.7866735306989,805.700465514837,460550858746.42334,341116389576.49335,0.9632186170634319,500981477.1393334,116982.62802216022,580260.5331652651,21606.004787610083,12
2024-01-31 02:00:00,22480.39637415029,22727.520451529716,22365.28731790584,22567.122028589045,2074.1420373536225,19500000,0.0002269107924191201,3475213851.0860515,22567.122028589045,22579.57956820621,1.1217583256089931,863.4781200719832,800.0604942332941,440058879557.4864,256008426276.0703,0.9979746687704483,531839057.2334229,197606.4570967527,337643.03249733505,33211.931048246355,15
2024-01-31 03:00:00,21953.28381279131,22169.432561339596,21867.54538415162,21903.825364963173,3964.0325152085697,19500000,0.0005124723134403902,3378233136.307658,21903.825364963173,21895.870592033152,1.0791302438645627,1698.9918905623922,1533.8677373474557,427124594616.78186,255741246676.58182,1.0519878327470567,474270640.93081814,154017.85022677534,380524.1886589071,17038.597559761252,17
2024-01-31 04:00:00,21503.01927477649,21651.1982828996,21376.035901983534,21505.38925895427,1178.490492702223,19500000,-2.09221583018433e-05,3634729664.702878,21505.38925895427,21550.2270281131,0.967600479694782,595.6171957037924,681.3343474023693,419355090549.6083,216408428765.65677,0.974412735912216,309832746.06951135,189909.39773994693,430858.5095007926,16504.38679191357,14
2024-01-31 05:00:00,22092.52918534338,22154.239534544442,22055.038841061214,22145.341188191087,5638.060107132058,19500000,3.533098760122549e-05,3588758466.796757,22145.341188191087,22131.268990499397,1.4916389070311433,3680.5578700197334,1950.152374514834,431834153169.7262,246562974422.5607,0.996176350544867,595712732.2198365,174870.91161274584,357175.65865496965,23646.287940018414,18
2024-01-31 06:00:00,22247.10690024302,22466.191312639952,22086.12796406437,22273.08244039829,4072.842986678154,19500000,0.00042148955196672167,3518404420.481196,22273.08244039829,22272.64965062109,1.1740197290974081,2691.8511470503304,2363.3474345463555,434325107587.76666,203657467484.7276,0.9606330514122234,450354044.85673,186677.0276626176,433949.7866465555,27316.853885331016,15
2024-01-31 07:00:00,22573.772144037004,22702.280414838864,22529.698744923964,22619.79094792272,4673.275683379206,19500000,-0.0004431337113074936,3892075301.75082,22619.79094792272,22636.51065290166,0.8607854584403998,2303.382161931874,2108.310999118703,441085923484.49304,312101711367.0193,0.9562231668428798,300173558.78140557,97587.36417973266,510115.4692093305,17837.813326160922,16
2024-01-31 08:00:00,22150.34255901926,22151.30911613275,21913.84768466742,22112.03455587016,3940.482694075718,19500000,0.0006900605928738001,3282551532.2548513,22112.03455587016,22133.970907962517,0.7557682815710454,2426.0276238708766,2173.112302258848,431184673839.4681,197051558399.61154,0.9763824301197129,610454413.6085752,131046.81931214941,336161.78577296034,26933.479581474592,10
2024-01-31 09:00:00,21656.271227879664,21766.11923713274,21618.926652343573,21624.59431937097,2750.225648437965,19500000,0.0008332300906979108,3298422901.700671,21624.59431937097,21654.38385279323,1.120043585749819,1576.4765842508696,1059.0466382987222,421679589227.73395,276224324969.9949,0.9865005096511246,409187868.8112451,187651.3856666271,469113.5408974511,33207.127068867136,12
2024-01-31 10:00:00,21746.293305955616,22025.79110438604,21632.778223119225,21821.3220434494,1751.8464849683644,19500000,-0.0007119012588260248,3302884380.366924,21821.3220434494,21832.854535316343,0.9888883693489902,1217.580042161554,858.7134516282057,425515779847.2633,226360144540.9083,0.9878325087720655,531382891.02693003,118337.0664156096,558885.3289718488,31575.55448796112,14
2024-01-31 11:00:00,21831.31798346131,21905.178178587154,21761.434894140406,21848.954114818574,2779.3219648128947,19500000,7.074903132497291e-05,3483048639.3048882,21848.954114818574,21874.100353608253,0.7514221759844427,1190.6425572039275,1297.8780955220875,426054605238.9622,252579157192.16357,0.9932192495476232,461507256.48626864,178664.7227067656,479281.8170000776,24489.208510984514,14
2024-01-31 12:00:00,22054.13178665338,22200.857673658513,22004.49311303823,22092.27125023703,1830.568483147811,19500000,-0.00011568410956086903,3249323906.010041,22092.27125023703,22079.786727214865,1.0894982107589584,1033.1073590397164,1056.6953398890178,430799289379.6221,230248232994.97305,0.9505500207788989,693007589.5944304,114958.19907861836,435772.99324371386,21435.86376862006,15
2024-01-31 13:00:00,22068.650889961616,22107.001104653755,21907.898349234845,22011.706167261316,3801.221171606522,19500000,2.056846872857986e-05,3571009910.7433805,22011.706167261316,22034.11588822674,0.9476164643473485,2196.1984654016173,1344.8322443267027,429228270261.59564,244669213863.59482,0.9812216136547909,529829168.8833061,163425.2528828548,387077.282355647,37074.589348010246,12
2024-01-31 14:00:00,22076.93579852654,22149.480560955406,21891.043686081186,22136.70930194008,4462.1675078805065,19500000,-2.5515520884777018e-05,3537764206.333379,22136.70930194008,22158.95069906428,1.1119697420878105,2196.727613300432,1612.4977868940289,431665831387.8316,265057223402.19186,1.0150527542021102,340702401.06652683,243408.7963789979,522389.3000387888,22128.49001765795,15
2024-01-31 15:00:00,22280.302422183588,22298.248079897057,22005.77129522525,22209.04562741802,6237.933992524023,19500000,0.00034352772954380746,3366295743.575101,22209.04562741802,22244.866301169477,1.0923682469046716,2583.040974585541,3647.2533832711306,433076389734.6514,278151116828.92694,0.9592526478131639,551857980.4887189,197530.84509655187,349624.841650025,29205.326496498466,13
2024-01-31 16:00:00,22557.96960200867,22723.48164598336,22489.56287090837,22559.47182548481,3589.915057275774,19500000,6.622902790960278e-05,3844468890.0012355,22559.47182548481,22524.088737908052,0.8854557415584849,1492.0812800757365,1182.479917354837,439909700596.95374,322051663974.4882,0.9893456291546479,559120454.3724506,102468.91498637447,464426.39418709604,39635.65788638977,14
2024-01-31 17:00:00,22875.54890721059,23126.954694107684,22840.264832001976,22928.832505984246,4732.8729130424845,19500000,-0.00017327216425998694,3567889058.592878,22928.832505984246,22910.32473952497,1.134927705017473,2537.224145694965,2321.023313749122,447112233866.6928,245759831425.6437,1.008785312798142,595274492.8296225,201207.67268120407,444676.8629106663,28298.962548308,20
2024-01-31 18:00:00,22170.04988011213,22231.933533537773,22010.394383679813,22200.12101780661,2569.399855567399,19500000,4.834445161146274e-05,3903001810.9052033,22200.12101780661,22220.61485904306,0.9052166093917953,1561.532558601384,817.5039837945712,432902359847.2289,270761921193.46854,0.9765319923392899,734242344.6390946,256673.35331072877,554112.0520202275,16331.852648272175,18
2024-01-31 19:00:00,21192.51058070421,21287.741833555963,21069.170439232385,21226.541772322315,2346.9254490690864,19500000,0.0002544352710887229,3529408082.794916,21226.541772322315,21172.385127613692,0.9170655055656232,1431.748290784626,758.2851407975176,413917564560.28516,298234494576.88055,1.0102457318848255,379212346.0368264,327503.49394681724,393741.64418770623,15188.489733652925,12
2024-01-31 20:00:00,21603.055981792575,21700.508040632227,21559.63035066132,21658.268035780955,3777.5689447695045,19500000,-0.00025511639832958454,3577980632.0112233,21658.268035780955,21671.0898641717,0.8990161490494746,1716.115403182432,1810.0018474089593,422336226697.72864,226823924005.20013,0.954366211618449,633755801.375667,183279.74656788504,400493.50880099996,20144.995494684525,19
2024-01-31 21:00:00,22185.333437153906,22191.29148081217,22012.484531892023,22181.126703972666,2457.165094129109,19500000,-0.00039387010669099414,3427090226.5123386,22181.126703972666,22206.8524728739,1.2538199928824771,1615.3197966360344,1143.5901614265485,432531970727.467,306887918761.5488,1.0266534871879662,243365042.07923827,115716.09566596015,345112.94728627644,27251.11555461416,17
2024-01-31 22:00:00,21681.740762824047,21855.40750723277,21569.227611115453,21735.118542934048,3410.427382084757,19500000,0.0006978228402505961,3582892516.943443,21735.118542934048,21724.76447045762,0.9454308990246005,1750.0564723401228,1609.4074862897858,423834811587.2139,312479220373.0767,1.010974021992811,462430148.7979968,181438.03954859424,482847.84143597935,25170.696511960003,19
2024-01-31 23:00:00,20852.26013568836,21090.178351781793,20716.012468972975,20943.589525470397,1753.5610855552065,19500000,-9.272800391253086e-05,3795107235.6784925,20943.589525470397,20936.674161642637,1.315857620726627,1208.7478417392874,775.2416910470472,408399995746.6727,287614925818.0118,1.001669962105284,434686676.7004408,242560.97464423344,406458.3860518551,42707.2775721417,7
2024-02-01 00:00:00,20971.275442916678,21123.1835655442,20895.917464330298,20987.21214419638,1918.2836995443524,19500000,5.8794103924143176e-05,3468864907.574725,20987.21214419638,20966.76771703227,1.428602900487577,835.3125900165866,1002.7018565359617,409250636811.8294,254127518485.7103,1.0337445407891752,865777138.939368,155317.6968104733,372348.3815497022,25097.33354797736,15
2024-02-01 01:00:00,21306.62042743942,21466.70428549387,21213.06357674658,21383.723986020796,4095.748037352996,19500000,-1.9338621747671777e-05,3736715885.020454,21383.723986020796,21374.709738765356,0.8626520744888723,2666.071522022488,2447.850686356101,416982617727.4055,277975066427.7454,0.9901195282229015,455754948.0528179,211245.70860572156,379510.1976233398,19965.631212986053,18
2024-02-01 02:00:00,22135.363927931558,22291.751431923225,22095.444548140997,22168.71280446545,4644.06359948267,19500000,0.0002644263112246426,3359238818.407456,22168.71280446545,22160.01006608938,0.5575522472830546,3123.139485845616,1777.4427741792244,432289899687.07623,256918429676.82635,0.9814643166261426,618739876.9748447,131939.56426935983,492584.4018827473,15677.743420942894,19
2024-02-01 03:00:00,22360.322078834513,22422.13103505755,22191.16269425153,22401.051800633933,1821.0561528376168,19500000,0.0006318369769273131,3809348618.675692,22401.051800633933,22387.995543053083,1.2323241122708366,1177.8639597369363,723.0173847219767,436820510112.3617,274837305100.75342,1.0411763285229174,239793465.60936114,178632.93077765417,354834.90361901815,31386.439431260278,15
2024-02-01 04:00:00,22198.608955829684,22271.669107107144,22163.75462596486,22237.35603979214,4168.481731182527,19500000,0.00027398015251878526,3422398759.457674,22237.35603979214,22223.17576311394,0.9338920930705369,2678.8845486289233,1654.532354012128,433628442775.9467,321900700905.9756,1.0552229740670438,421485871.0166099,87343.60670709326,361192.67005462525,21986.449950264494,14
2024-02-01 05:00:00,21933.27536172929,22137.648441441623,21675.823066171048,21845.849882653158,2283.882588759482,19500000,-0.0003555095442619973,3837682055.3129416,21845.849882653158,21842.11413779327,0.840938051179642,1161.1099315021252,1208.1297737304642,425994072711.7366,223790093257.78256,0.9791968688164672,345829367.2099124,128337.16156593723,529279.6896970238,14018.849130599903,13
2024-02-01 06:00:00,21855.504442586258,22021.93580224167,21678.649947174486,21853.038914241115,3005.6603946534747,19500000,-0.0003152370281025589,3602443216.24569,21853.038914241115,21849.037528505716,0.8889239246244875,1845.4842949624783,1215.5030409319638,426134258827.7017,293079860667.4313,0.9965877028867656,1305960274.0661366,162505.9406905737,427956.0938478318,22174.05478187226,10
2024-02-01 07:00:00,21735.466345492565,21936.027991122344,21562.607466713886,21724.80507081166,6053.986186686649,19500000,-1.9689432598074937e-05,4048759191.569621,21724.80507081166,21767.692701520213,0.9203854178020383,3473.8013070556863,3045.282913755253,423633698880.8274,254972391014.38806,1.0313512762978436,371582435.71828616,148621.9061594992,535571.1450047086,16338.483689729968,12
2024-02-01 08:00:00,21214.69745514469,21485.50202250988,21210.576969420676,21290.337694362326,4463.746063433177,19500000,1.9530040140020035e-05,3268753582.95126,21290.337694362326,21284.0743933207,1.2962022179650643,2353.9285409539616,1936.2224672337034,415161585040.06537,208852007341.82025,0.9976556499456768,499596649.11853945,117576.63661045498,411732.37290618755,19386.044817430535,13
2024-02-01 09:00:00,22154.035534932307,22327.104412420755,22093.525505953723,22183.049327836416,4437.897441306399,19500000,-0.0004165853808639802,3185597983.07254,22183.049327836416,22192.90193399117,1.0324991760761206,3097.3573329769843,2140.5816653705742,432569461892.8101,278168383853.8564,1.0178376552621395,510361737.2134053,143642.94495739773,442313.7806303557,22067.420028372544,16
2024-02-01 10:00:00,23001.566770292116,23215.07620272529,22883.98778616556,22991.66643779053,7741.843985491664,19500000,0.0003458022760523321,3412471413.1447287,22991.66643779053,22980.702103695443,1.292682770639329,3771.3341280155078,4247.9854989964215,448337495536.91534,308334281393.21234,1.0234121079246514,256902882.8311437,176736.24556001188,456461.59872171254,16788.452628142248,17
2024-02-01 11:00:00,23474.192709577484,23620.410220174646,23334.39347444645,23522.391449859962,2096.574978185681,19500000,-0.00022589616736444355,3209019013.648076,23522.391449859962,23510.87498636842,1.1038941049838962,1098.4862170660417,952.30126794924,458686633272.2693,284673192548.3554,0.9831308627333036,393104420.58792675,159283.8489655741,583883.7906691952,19028.873248464108,15
2024-02-01 12:00:00,23137.39791342407,23138.234618369483,22883.155152711653,23095.45366676611,1820.8569347055077,19500000,0.0005479904686377267,3209500673.1273193,23095.45366676611,23058.400001347578,0.9400275037946749,1221.537008155959,805.8238057960333,450361346501.93915,315806815083.7208,1.0125782399020078,570433185.6938721,165253.24467491687,574453.5759397143,17619.544533747063,15
2024-02-01 13:00:00,23439.623045523716,23510.842298742144,23351.582421520274,23496.140501449605,2077.538097868622,19500000,0.0006461897791617162,3767675465.496897,23496.140501449605,23461.569073361945,0.9248983488515617,1011.142952274036,789.6563899413752,458174739778.2673,256468160015.9225,0.9998142191647019,502089480.6590775,195436.7742581139,557182.1067847844,17761.93993408826,14
2024-02-01 14:00:00,23787.394690676316,23827.085413734756,23579.2494402041,23801.026306542375,2624.772417827318,19500000,2.5523940210346813e-05,3583714597.6171556,23801.026306542375,23774.678611367057,1.1188728002278476,1170.1349423053348,1193.6713603255869,464120012977.5763,336083452275.27423,0.9634939421981872,193315786.87925544,149374.122147928,390130.3628667032,16278.391701796094,17
2024-02-01 15:00:00,23986.87542859526,24037.922670632553,23947.673848836035,24015.023516426965,918.484191096715,19500000,0.0002316917921254554,3449949816.2302217,24015.023516426965,24021.836502585265,1.1783146158763014,452.81263723329437,347.85171459418285,468292958570.3258,301812952673.6086,0.970310420607148,386716885.8641631,228614.9601695365,363172.819279504,19056.63531903141,17
2024-02-01 16:00:00,24633.357171964275,24719.99327808476,24533.835491316262,24625.264292632237,2687.282883537754,19500000,-0.0002695841666252605,3475634857.962061,24625.264292632237,24654.227879747654,1.220619524888305,1687.0587353588983,1486.2583975278137,480192653706.3286,331788056444.2091,0.980427492268109,729834726.6165218,127093.99800908093,515121.612534232,16841.3165971329,18
2024-02-01 17:00:00,24910.727681033128,25117.5944818878,24897.703851691258,24942.678757252124,2270.4075551017886,19500000,0.0002871028979437343,3417656731.1400857,24942.678757252124,24900.60882578652,0.9490368011276448,1493.8287340144927,945.9862138786899,486382235766.41644,258704540702.75485,1.0278555955240782,613867196.8398353,263550.5945646022,582655.8256311167,26264.54565632399,15
2024-02-01 18:00:00,25303.397954210694,25517.28390734635,25115.52293412749,25317.114444128172,4411.102264018378,19500000,-4.9457727030311006e-05,4090894688.918291,25317.114444128172,25305.74511535422,1.0356623474672924,1915.8894688093171,1494.1827693322784,493683731660.4993,288231566193.114,1.0288407448694,789739214.5239327,214971.26728055882,558250.8802053833,23394.120663017457,13
2024-02-01 19:00:00,25632.123298612893,25795.58972275509,25593.507798074927,25644.23404929216,3555.353197080891,19500000,-0.00022617059647650603,3380060830.228979,25644.23404929216,25611.745607426707,1.1239037114711918,2085.2637293298912,1322.556754406842,500062563961.19714,361487838324.0962,1.0224973875496486,327088411.8772401,148895.58312566788,443569.53327118215,31521.167003124425,11
2024-02-01 20:00:00,25784.272831514456,25860.01288802816,25718.002089448055,25822.19984638665,2207.5789275651214,19500000,1.3199503524104756e-05,3225098367.0935254,25822.19984638665,25817.95785043175,0.9260815278403581,1258.7307566284221,1016.3129130638026,503532897004.5397,234278078848.69885,1.0132033210979685,809859888.9888589,151398.441187076,511734.75286684145,38793.617595966934,16
2024-02-01 21:00:00,24943.969159417822,25130.525504400455,24726.605766385153,24919.79228253686,4003.7248635678334,19500000,-3.972440252160887e-05,3820641010.9419737,24919.79228253686,24949.092214092183,0.7969303400092155,2404.794642194823,2301.6863918616655,485935949509.46875,277563948548.69684,1.012384789214693,476623572.292124,171387.76466329876,513537.0874729873,26989.34680036368,8
2024-02-01 22:00:00,24975.90207967814,25064.517059578764,24830.513144581142,24963.9998249827,4279.6714855265855,19500000,2.452179098873708e-06,3523566592.6680746,24963.9998249827,24955.34025276967,0.8510756888108765,2573.4388392183223,1669.7927881872629,486797996587.16266,333016366296.2804,1.008326813486645,917248513.300308,189031.2704491503,455790.5023583223,25206.977179755384,8
2024-02-01 23:00:00,24685.93621059601,24693.52012084094,24682.48691399348,24690.3120225117,2029.8701512820337,19500000,0.00038490397084490764,4220003925.070664,24690.3120225117,24691.60784484398,0.9529364244585629,1396.2263742188459,769.9619446181957,481461084438.9782,324092836203.96326,1.012227911662649,485806897.97231776,213979.83675809402,459766.8191032034,27504.397547499855,17
2024-02-02 00:00:00,24048.024078122435,24136.27942238088,24047.486555546588,24068.745262070497,2329.683900439043,19500000,-0.00013559227779071976,3437133062.8767576,24068.745262070497,24106.1776581676,1.1416121474461605,1174.0646155467152,983.0519406484117,469340532610.3747,331113573567.60345,1.014260877509926,213897995.52289715,116407.49334181487,451187.85755678057,25335.874761476236,17
2024-02-02 01:00:00,24934.247861070442,25016.68062267003,24767.4617258458,24894.58858920448,979.7705449569061,19500000,0.0006205068999321628,3835933792.795394,24894.58858920448,24908.477303343006,1.2863329541571158,480.0190580634979,578.3843632613066,485444477489.48737,326129901273.9392,0.9578673350281786,681428459.4913391,181563.48579389954,377898.41433743574,22360.6904060445,12
2024-02-02 02:00:00,25760.91913166715,25843.756987990055,25682.35978838266,25773.075479199957,1727.91371179843,19500000,-0.00029751788984760605,3909110871.3303056,25773.075479199957,25756.062881976784,0.7624567893990661,992.4576270240201,956.5141130346025,502574971844.3992,368954180390.7791,0.9762925856216729,406296817.81080556,95881.79760730677,385690.11397711205,21833.532566477625,14
2024-02-02 03:00:00,26469.713435287398,26700.991381580767,26421.985512241452,26485.959779346984,2056.5091146703153,19500000,0.0005846290819535786,3438472377.6077833,26485.959779346984,26492.817399193886,0.887391514057406,1087.5345384977234,709.2907860688348,516476215697.2662,309616059938.42804,0.9691323512655388,417380216.8964353,155698.21268621308,384501.0995832283,16211.870677929905,11
2024-02-02 04:00:00,26629.73369054582,26832.100066469284,26460.7948961736,26624.159122517256,3093.5763278940667,19500000,-0.00020495318657200807,3378056356.438799,26624.159122517256,26604.78874186825,0.9309287833582324,1677.1090317770884,1497.6806904103842,519171102889.0865,330860969236.56024,1.0332143502296203,271306958.9187653,234094.02408100208,321307.1006605176,28329.97941732445,12
2024-02-02 05:00:00,27448.70453562163,27639.624557341114,27293.39047781275,27355.881287833887,1858.0979952624002,19500000,9.96960302390153e-05,3803963256.7515216,27355.881287833887,27370.119531986747,1.1722716018051598,781.8562309295114,998.8377852048026,533439685112.7608,375707826175.1347,1.0496230031075084,928313261.0758235,114187.57180397867,455236.3371873176,21820.63928420639,11
2024-02-02 06:00:00,27291.85470858621,27403.252010555963,27130.230393720332,27365.21297477533,2306.0099288420683,19500000,-4.705883404340591e-05,3753638050.4724026,27365.21297477533,27382.051889143462,0.8997645985129606,1024.9583511152719,1223.1148204485667,533621653008.11896,352460989222.60785,0.9349285623876348,393881054.86522037,109118.59022396928,438837.877994776,34025.165524117714,12
2024-02-02 07:00:00,27521.488030778444,27743.81594354683,27374.958796130413,27479.17796163992,1615.3947922826887,19500000,-3.11860146135638e-06,3202351408.113342,27479.17796163992,27444.357454724108,0.9176433541166074,1099.4578573342333,721.5219761681894,535843970251.97845,257535729843.03738,1.04694443835615,910964339.3668246,171991.2315072363,515242.4405053291,28985.203976909273,15
2024-02-02 08:00:00,26785.631261388713,27069.511554719007,26735.610108129094,26887.436299391986,3247.227873243233,19500000,0.0003404071709066646,3275463258.789631,26887.436299391986,26894.834361824764,0.7539731547181874,1365.4185209075317,1687.0953441954605,524305007838.14374,293662676913.44965,1.002601641205946,408295908.4760289,230235.34204370898,569288.9794018011,18255.369105728954,22
2024-02-02 09:00:00,27116.25608166534,27169.088767675225,27067.045362424313,27104.47793062109,3688.0653247062273,19500000,0.0005499480391686431,2926536853.379091,27104.47793062109,27104.00161663757,1.1015094464322377,2128.1747789505716,1752.111260159114,528537319647.11127,325461251664.7956,1.030381594574761,334752469.32754236,176548.13942258648,576573.9433329719,32016.52049622241,14
2024-02-02 10:00:00,27225.44147210055,27401.88790577358,27075.66230573786,27139.946145867383,3645.2589126964135,19500000,0.00045715741148669257,3759797544.3783007,27139.946145867383,27157.442655708095,0.9682356173998289,2283.2899700262515,1313.8734095569143,529228949844.414,357978539380.0904,1.0151940146375469,822461038.2820168,101097.99022992943,587536.1715270996,10216.684651619042,13
2024-02-02 11:00:00,26470.48893947172,26598.47683492466,26436.754614881018,26444.64360952626,2999.4390473583303,19500000,-2.1456899702554312e-05,3510603596.83138,26444.64360952626,26469.272750367243,0.8773853328497448,1210.4507980767914,950.2705577490198,515670550385.7621,316142283888.9502,1.0432118516079976,471140119.0435111,106853.9146273607,380249.8419759886,39303.45562917559,19
2024-02-02 12:00:00,26429.237475145736,26545.35434634092,26338.813744296684,26420.22157038476,1379.482215727498,19500000,0.000155276566721366,3538709559.154012,26420.22157038476,26435.477916871467,0.9494212933520764,643.9760188891019,566.7601359221816,515194320622.50287,352014130229.7058,1.0062922730007249,472983563.82019365,166780.95908638777,332238.4272120996,14742.155896381408,13
2024-02-02 13:00:00,26351.193461848095,26410.342578508316,26113.517636500077,26380.763631776194,2186.425216858014,19500000,-0.0001346233621005086,3131207256.8079147,26380.763631776194,26375.403235949136,1.2528226184205602,1121.9020257894945,696.5550637869399,514424890819.6358,360757349912.51324,0.9590963662356125,290568417.7931875,121199.0355619525,532931.7870092002,25553.604289152103,11
2024-02-02 14:00:00,27350.871964287475,27492.632703159314,27121.803061563103,27349.17373372726,2431.7019055459014,19500000,-0.00019746509377240842,3283421355.06717,27349.17373372726,27377.43445599215,0.8179309315812997,1342.4094477585977,1017.6770257729522,533308887807.6816,282407578400.70593,0.9968297534868037,404010189.8957194,168412.49451182582,583282.3699647028,25039.875417050724,13
2024-02-02 15:00:00,27831.440403041972,27873.304512119637,27727.90639919346,27845.478022215037,2436.584015029017,19500000,-0.0002438902717186006,3450425131.7585816,27845.478022215037,27823.951719667497,0.8450732861444255,1224.331296454837,1336.8652021948624,542986821433.19324,344704026265.7649,1.0154696813832043,575919429.4519327,170928.18530845531,603920.8887465846,30856.881218733783,15
2024-02-02 16:00:00,27810.851962793706,27900.390337481695,27650.707727577923,27854.638150811566,3094.837281174507,19500000,-3.127199209523877e-05,3397188286.875617,27854.638150811566,27820.640952331152,1.2846039869569927,1840.4990423420859,1712.3370863794178,543165443940.82556,335205381425.8886,0.9935211669539692,288535302.6112378,143998.85430850828,487477.41587587434,19958.112031841498,19
2024-02-02 17:00:00,27980.14970845654,28033.488815272136,27821.40137465767,27996.380644597386,6080.065124598585,19500000,0.0001748816893044826,3618867201.4705405,27996.380644597386,27909.723820372266,1.0152703844139375,2844.9795445189634,1886.1710356189026,545929422569.64905,282897993100.9394,1.0197319516645802,391057404.72674876,256193.57075254255,296754.12426234374,11572.009169024102,13
2024-02-02 18:00:00,28035.068426382364,28302.55333528142,27791.70458897,28023.94957909669,4474.044580465523,19500000,-0.0004735445479254514,3756214292.8168106,28023.94957909669,28024.786347559686,1.1433365882166233,1823.821370273589,1435.5448086079534,546467016792.38544,326220822961.735,0.9980290783407867,410063024.86706895,188643.9776035571,475975.6101341047,19966.54948564688,14
2024-02-02 19:00:00,27870.41116670848,27992.75716939515,27804.556143869468,27913.242198413787,1819.3618924978737,19500000,8.609388922577028e-05,4298659236.428794,27913.242198413787,27893.101497890806,1.0836666984695515,728.6022499961223,911.4277634099759,544308222869.06885,334515768719.86066,0.9821347204265539,498231966.08213323,220333.52932715413,494394.06152844196,20624.83702286785,12
2024-02-02 20:00:00,27274.134471742444,27415.222167096184,27193.297349491615,27318.186786502494,4184.746625693428,19500000,0.0005548075373648574,3579176695.5373917,27318.186786502494,27331.784536253737,0.9929580014350095,2107.6627181202048,1883.134343161175,532704642336.79865,370337312818.3025,0.9674206485006538,876830148.4948077,204872.9765665159,568305.8404300754,11911.29507645294,12
2024-02-02 21:00:00,27164.403771875655,27326.23571384853,27082.42555812829,27238.505769320724,4105.780689016043,19500000,0.0004365733207222375,3919508942.1719112,27238.505769320724,27187.536331152336,0.9327110520191482,2087.784716666585,1415.7040480892865,531150862501.7541,312474359309.40674,0.9882455385239997,430310993.87427145,156761.6236029178,588849.3979170541,22328.328390851115,15
2024-02-02 22:00:00,26858.72724607138,27099.9858831284,26826.786293444333,26837.754881119192,1992.1430812946835,19500000,-7.555522295799972e-05,3354612756.2821975,26837.754881119192,26823.069837293944,1.180941030931752,1363.7837713196493,1079.0620008112871,523336220181.8242,248205178408.19952,1.0061371494910099,368075903.74273515,155032.21099235132,530686.4736170577,15950.485608135143,17
2024-02-02 23:00:00,26206.131281921607,26353.662867718496,26095.20312476039,26177.580794423164,4557.060016330545,19500000,-0.0003190618727848358,3135342623.3423147,26177.580794423164,26192.50908095856,1.2617092049055632,1884.0445248908468,1663.0938069266917,510462825491.2517,304332212977.9671,0.9412182458723215,1455402385.304475,151084.5647950059,393385.065011331,26761.65961797538,11
2024-02-03 00:00:00,26461.504049638534,26704.727583517426,26217.047954143112,26449.249559833028,2751.2528865764134,19500000,0.00023794909193944797,3485285736.7716575,26449.249559833028,26424.656091548488,1.2421424480460144,1538.0040626616303,889.8783747425349,515760366416.744,361746730720.7885,0.9765977076785493,407978836.0475861,192967.21116650983,360114.2197123941,20458.95737977826,11
2024-02-03 01:00:00,26711.162770933523,26791.276200719778,26416.567283417622,26659.700458478503,1472.9511539648147,19500000,-0.0005952284750622499,3154772626.1776977,26659.700458478503,26673.277090852982,0.7889168685597052,844.5076979922758,773.0815673802265,519864158940.3308,323031442102.4502,0.940099238656768,449540602.3171873,138331.562001877,492274.72823960736,39669.12537133494,27
2024-02-03 02:00:00,25730.95260359964,25760.500659250218,25698.226299898866,25726.43156209588,3742.845246671341,19500000,0.00043304623476480317,3589123479.019146,25726.43156209588,25714.67400158153,1.298204561820027,2282.321544987764,1805.6899980599892,501665415460.8697,273738534036.76877,0.9814877543806588,420460649.3262703,250511.0312612816,377572.1585626079,20397.067162399355,13
2024-02-03 03:00:00,25686.07331805569,25828.943997630977,25548.38557206339,25665.950651309286,3322.526982862559,19500000,3.592376263502786e-05,3367928386.0101385,25665.950651309286,25667.675189914647,0.9309152371146708,1965.6746763016054,1389.9220876474765,500486037700.53107,363498647143.422,1.0359194420286166,434320092.0735383,135067.8703042243,594233.382712123,25062.234234985805,13
2024-02-03 04:00:00,26200.716405219686,26291.249572513712,26084.949093439416,26184.804558004234,2660.2122329256135,19500000,0.0006493900961732202,3066057247.8550496,26184.804558004234,26203.007134539195,0.8598426191162193,1070.5807274025217,1350.9032862896079,510603688881.0826,253614511347.34177,0.9644165085481349,500491886.2034293,171719.69875800892,314609.7347942813,20662.55797766925,18
2024-02-03 05:00:00,26743.210867670998,26962.602817484647,26612.340505817665,26748.107912306383,2925.6543893790176,19500000,-0.0004180896456729397,4119023722.495103,26748.107912306383,26776.268240690428,0.9667014792047568,1724.8409084531738,1677.6117904931123,521588104289.9745,285863295460.1101,1.0210947923758398,701210433.951828,153695.6760897041,495527.09950063215,13534.801597485559,15
2024-02-03 06:00:00,27276.30203401312,27545.419639204636,27124.995061189235,27305.290522478626,2080.6950188418564,19500000,0.00037544386756234997,3434011893.782189,27305.290522478626,27310.546583693107,1.1808395718519114,1033.515301617119,645.5454771714801,532453165188.3332,309430049226.55273,1.0854647538193696,570255514.4471444,145408.4083357048,471609.6902077167,20714.435398561705,9
2024-02-03 07:00:00,27450.304717792133,27580.027586551696,27323.7457402273,27329.282313945852,4044.3060281688286,19500000,6.984734895574047e-05,3144719254.184931,27329.282313945852,27309.768925022046,1.114151174821404,2555.43799107658,1974.8501285150423,532921005121.9441,357799627642.2431,1.0436061439377204,746449277.3491884,280151.7537788001,424491.247647446,27612.505097905003,12
2024-02-03 08:00:00,26849.669783175974,27135.003856714757,26623.53052083474,26873.96120937822,2916.894152385053,19500000,6.848405583758689e-07,3851982328.444685,26873.96120937822,26864.33928687918,0.950205233581524,1331.5902289533133,1065.9795195874176,524042243582.8753,367208996816.1263,1.0040054014117363,736641182.8865868,145835.77147342917,367683.11481303565,26386.213628669477,11
2024-02-03 09:00:00,26265.366637711268,26445.83691809322,26009.630199072617,26300.392327800877,3239.662452312588,19500000,-0.0003109530395636433,3381924797.243581,26300.392327800877,26319.77454297814,1.1823845132198927,1991.9443485783922,1432.7126251254865,512857650392.1171,239795899152.33963,1.0257530336738945,527374163.4982542,150816.58441742102,292917.04923731554,20171.372568876788,11
2024-02-03 10:00:00,26507.92109863315,26579.736462752102,26311.877839700854,26484.931657607536,3563.758274992756,19500000,0.00027872437201351493,3911603709.344103,26484.931657607536,26460.532319409675,1.0283670091921502,2094.237561418226,1522.4173594474903,516456167323.347,355120810561.3353,0.9589095159268962,563977428.3613099,137856.2287460321,397803.8258135355,14228.085821518305,13
2024-02-03 11:00:00,26702.71210659201,26833.28183072612,26512.99861521768,26689.26848637344,1673.5580248246033,19500000,0.00030284121543305734,3380631803.973722,26689.26848637344,26687.184946015892,0.891727850663322,996.9172036277636,697.8634882342541,520440735484.28204,346696032479.0407,0.9527975603976834,755956709.9303977,164433.27666443848,399202.21170736226,26724.541414339183,11
2024-02-03 12:00:00,27311.138977085953,27398.306662132472,27166.941664342787,27388.088086383872,1906.1837564916057,19500000,0.0006355383405897668,3433095553.244399,27388.088086383872,27380.25826751545,0.8679622495306494,863.0900895322114,680.7112388197216,534067717684.4855,383671947323.62195,1.0008609432723818,311066112.7680322,158684.5277660983,552576.5925245769,24980.37949803042,12
2024-02-03 13:00:00,28062.961476492026,28288.5880123672,27906.49442882378,28000.091289259526,987.3531434199197,19500000,0.0004024150788581776,3685184896.456595,28000.091289259526,27999.997159019702,1.0855067936752376,593.1545734811154,533.9556243704014,546001780140.5607,393193843835.0033,1.0119583169040522,1317872434.1445904,123030.39496011639,378294.7271865026,28368.176671966063,20
2024-02-03 14:00:00,27923.672072623856,27957.26330868181,27882.071993539037,27928.933580701127,3953.557673027907,19500000,-7.816859868672051e-05,3759145660.0419564,27928.933580701127,27903.53828933563,0.9836318902817189,2455.5290619138045,1636.2042580922566,544614204823.672,372111831328.6348,1.0328321285274773,395225065.9403051,146372.13591030875,484345.6688929971,20287.62435477841,17
2024-02-03 15:00:00,27184.71170477573,27329.36617666451,27025.935768890533,27245.24688870672,1626.0271512053523,19500000,-0.00020115877508525444,3812224442.8678465,27245.24688870672,27197.51473229542,0.7594953870111998,889.1491723374938,920.589707980781,531282314329.781,269392438134.60596,0.9829371357579606,421619594.81324476,189552.56173845922,341653.3957113181,13288.942296970003,22
2024-02-03 16:00:00,27138.99691684185,27292.418157103915,27062.45743174862,27074.625148285115,3185.246168421555,19500000,-0.00031054743005671587,3559267879.736274,27074.625148285115,27091.431521925788,1.184632143080088,1599.3430136481013,1294.4855777655164,527955190391.55975,287292862992.7262,1.0058018645308493,298786434.4615254,210395.99244622816,487014.72552084434,25851.607273364887,11
2024-02-03 17:00:00,27229.26027766109,27240.96208647814,26971.004130656325,27195.229496141714,3588.5163119214158,19500000,0.0005419673036918411,3739767713.3884745,27195.229496141714,27224.168794417546,0.9084140467212839,1614.7119628186358,1980.5524039921943,530306975174.7634,387599199016.5112,1.0047733466965891,302363252.93639016,163734.28071259888,282790.02201877715,21966.13373226328,18
2024-02-03 18:00:00,27019.73755033022,27109.731556208633,26906.008313814626,27088.245999439234,4028.6089410925656,19500000,-0.00013345228528335976,3805260500.334816,27088.245999439234,27042.407947916432,1.374959023519517,1961.8848456445337,1866.6152617190376,528220796989.06506,332489631800.99445,0.996058176832706,716302862.3199011,165173.00152098457,672703.0214875678,33439.90184777154,13
2024-02-03 19:00:00,26874.828056521157,27061.908130702974,26668.573708781678,26779.643411044497,1632.7019232398561,19500000,0.0005440689606913921,3642898638.9880037,26779.643411044497,26792.201086420213,0.7553319201296707,1027.2119802163566,678.693895753578,522203046515.3677,319394119984.1983,0.9978257537159799,1202991623.6820517,148709.6806271708,430105.7960101388,22217.15261258073,13
2024-02-03 20:00:00,26953.588660903035,26972.935163319387,26830.053236560354,26918.12148571074,2885.401077460449,19500000,0.00025752161225861997,3544232073.146761,26918.12148571074,26949.970547152363,0.9645035950438295,1508.546018499836,1475.0449164085119,524903368971.35944,380404207060.5033,0.9743588649208131,386678422.39366597,143542.95028350817,252988.6373700313,21728.063073970876,16
2024-02-03 21:00:00,26650.293767222243,26777.983815428626,26391.958108240076,26650.837237258194,6871.517236485122,19500000,0.00019897086447818812,3193477879.262864,26650.837237258194,26669.383849297068,0.8693621154507714,4197.218740992952,3683.108414582482,519691326126.5348,370155121638.47485,1.008391222251549,557474104.6999204,129327.95480708829,383252.8008602411,24963.657384079408,15
2024-02-03 22:00:00,26404.504885405277,26493.935790478514,26274.75371512379,26320.793244612345,7024.486110473055,19500000,7.939506231910523e-06,3760936876.3111258,26320.793244612345,26312.45823431268,0.8227651281117997,4369.422814069263,3124.542258722824,513255468269.94073,342982374371.9672,1.0058514994058523,529829936.3908398,110286.5917762405,371337.8423059983,18414.99724659853,25
2024-02-03 23:00:00,26496.34624632451,26556.77895597321,26447.82904094201,26487.907316456916,4883.715328644162,19500000,0.00029820187390067524,3597028395.806291,26487.907316456916,26465.56486279319,0.9072310291810441,2941.2227687590434,2088.4042787577614,516514192670.90985,369140137686.4144,0.986799647021319,723852228.3049903,136542.10826229563,388029.3940616357,18150.607018204777,21
2024-02-04 00:00:00,26276.95401484124,26328.03810356541,26233.457378300176,26278.429973086342,3528.9179366499793,19500000,9.535877114895936e-05,3468231794.8110423,26278.429973086342,26283.185792871205,1.4249169364446552,2124.625721967305,1669.974629447649,512429384475.18365,248092939202.64117,1.019973227980707,1178473490.4904296,204028.14251879125,411297.3539600234,21388.986523504598,12
2024-02-04 01:00:00,26374.801464250915,26611.292556453594,26201.116148061497,26409.678091266447,1803.4320187702865,19500000,-1.0763987440643119e-05,3970751899.638207,26409.678091266447,26418.862982715546,1.029089091758344,1051.83812941087,857.6203175337885,514988722779.69574,348782905193.4884,1.0308349476529688,891476261.3873445,146370.41318080292,387502.10860998236,16711.929881318014,17
2024-02-04 02:00:00,26587.937675685098,26840.93312095774,26293.615263349333,26557.03323277873,4269.751093893971,19500000,0.00030880143599446003,3197941982.4383006,26557.03323277873,26562.233299359723,0.8535581500722214,2371.9602807710553,1825.9324323656015,517862148039.18524,383058519420.4324,1.0203212888792639,440991556.78151876,149267.507726669,375764.38284716895,20563.46754704191,17
2024-02-04 03:00:00,25986.02230213424,26022.44944120627,25900.143501343937,25961.275859913538,2754.494955726803,19500000,5.680836723366085e-05,4088822651.2413282,25961.275859913538,25959.195462675125,0.6936930675599225,1265.263502133545,1452.4420597615494,506244879268.31396,235248470759.37595,0.9687267003981783,599440365.8164783,148542.84291169437,350902.40298157785,39413.68646737351,18
2024-02-04 04:00:00,25715.92822330759,25962.719156802974,25482.292136273383,25715.173218627315,3945.2363297647057,19500000,-0.000139500433621648,3578530712.845367,25715.173218627315,25689.904159327918,0.7087357646657758,2575.612094185729,1656.669572168752,501445877763.23267,259204241786.48276,1.0029893730058597,623726879.3052418,222165.2862440134,521444.3752729051,30115.34489521972,19
2024-02-04 05:00:00,26426.189155935845,26625.429672346785,26352.56141697973,26468.007886023883,2172.3792458872863,19500000,0.00027994803263819534,3677141254.7221327,26468.007886023883,26481.842403840175,0.8982627769468678,1497.3759411143335,946.9390333159638,516126153777.4657,355193124429.6595,0.9726570531140964,481281909.84182996,129043.4382608696,562545.4011995677,24158.978787350126,13
2024-02-04 06:00:00,25869.249615143814,26035.24234708878,25694.965681262744,25862.528985904806,2734.033973704733,19500000,8.080430331143044e-05,3473388511.9579124,25862.528985904806,25877.292726813313,0.8809648102310675,1476.2285745447216,1316.6983691362623,504319315225.14374,305624640806.448,1.002896642388995,312972394.0217919,174427.30343514055,420451.845818106,35084.09519057132,14
2024-02-04 07:00:00,24789.556795897126,24969.030014569187,24779.51728520586,24793.017840978486,3235.936581039857,19500000,0.00024667300352734133,3137318110.573123,24793.017840978486,24800.476129302016,0.9561790035541688,2200.3450611193275,1928.7951128268928,483463847899.08044,230121784450.1477,0.9727738990894026,352474738.06150585,159992.69974918704,440855.6030091462,17197.704087345774,14
2024-02-04 08:00:00,23825.457705887602,24057.377043234716,23707.3658778074,23889.168892315214,3371.5877193861047,19500000,-3.615795750625592e-05,3545096464.988928,23889.168892315214,23894.209355137526,0.6348054150211697,2358.082925975112,1275.154142968733,465838793400.14667,247075030525.24268,1.0383149001206435,767969871.3824693,165542.24636561217,353180.24969635933,46496.48330955398,18
2024-02-04 09:00:00,23835.10288124425,24101.451329816304,23679.085456351928,23905.471618027535,3815.631104741812,19500000,-0.00026273639140428676,3682212357.3515377,23905.471618027535,23948.00541615824,0.9818307684730427,2082.7957160149613,1410.203226874854,466156696551.5369,255089279223.91785,1.0234999440705952,800320794.4582847,173007.04613924865,448742.3358115424,19184.33318033769,20
2024-02-04 10:00:00,23949.69010992666,24065.47935370308,23794.348272637875,23922.650176771687,2231.4402494155993,19500000,0.0006205221887542827,3784191276.8624587,23922.650176771687,23910.105646548218,1.2281954214217243,1377.4828205260872,787.8460846565318,466491678447.0479,254853181701.37988,1.0345896791602718,446510312.3864174,165097.45833128205,463236.384487265,40180.688300699614,13
2024-02-04 11:00:00,23744.623733719982,23996.138267003396,23688.150616474155,23868.831802843488,1522.878806081056,19500000,0.0005639834232290722,3528565827.3210907,23868.831802843488,23901.805044831224,1.38343321899873,903.2759209368648,771.8456364078353,465442220155.448,332000784994.7644,1.031551662705865,538566833.6466415,198442.66015519243,423420.1714149755,40127.650500337804,18
2024-02-04 12:00:00,24468.04627070553,24547.280411505315,24255.364639587446,24457.998410021894,6716.9705438905185,19500000,0.0003651354883785883,3008167158.2107024,24457.998410021894,24442.491440561753,0.6846214442688274,3164.8984516097944,2920.0577984547467,476930968995.42694,309342642783.3632,0.9918820086527901,783205387.9264574,161568.69189230725,478884.6319735728,13017.254920842426,17
2024-02-04 13:00:00,23165.033929662914,23211.611042941924,22940.301477670528,23187.204749157394,10348.812776314993,19500000,-1.634320561228195e-05,3168953019.220352,23187.204749157394,23215.236933624146,0.8519064557955082,4285.721061672276,4311.1281100297965,452150492608.56915,303155684506.1854,0.9872317076941772,245373586.7976211,251725.4021492861,470589.6474479123,34205.01818842621,23
2024-02-04 14:00:00,23435.040527706715,23590.799225813702,23266.55096387506,23373.882921662967,3728.310107175547,19500000,9.904608051678268e-06,4224478127.0483947,23373.882921662967,23405.048898670095,0.8429507270661162,1998.3987995082514,1346.7666935676039,455790716972.42786,206961358800.7603,1.0522517148610047,405835729.14159125,164574.72226439152,358316.5606105748,20228.084870075967,13
2024-02-04 15:00:00,24093.946463574666,24125.855116594208,23940.72841626841,24117.74914853697,1537.639846526824,19500000,0.0005146982337689394,3284883819.5386033,24117.74914853697,24113.0931880405,1.029573136238692,978.1872700251954,872.3669173174368,470296108396.4709,271950418163.9334,0.9950464104948276,1087501339.437541,106311.98228189361,561636.1519463902,18575.69830716156,9
2024-02-04 16:00:00,23613.309919088286,23678.39647794624,23395.808851158265,23582.20573425033,2025.1568667023216,19500000,-6.149011270223956e-06,4018457488.682502,23582.20573425033,23623.733127281608,0.7835232887951508,1007.5973551056235,876.7955346360737,459853011817.8814,250779087228.1816,0.95936258072584,546870773.4410365,190913.85599086442,424416.5783690561,25780.957991161013,13
2024-02-04 17:00:00,23387.510958378,23428.14688980162,23331.032677861793,23406.09136163942,3845.1149771612177,19500000,-8.976681090418924e-05,3326787834.0736194,23406.09136163942,23419.41026759265,1.3999725786423227,2442.923113522019,1854.5296892033996,456418781551.9687,322038877917.47516,1.0302240020099747,308833719.7140464,179516.82252384737,618538.2551412715,16278.905418716024,8
2024-02-04 18:00:00,23063.837972292786,23107.826974826858,22859.2621391371,23058.592227717,5828.749753549451,19500000,0.000661670402690936,3532965807.432333,23058.592227717,23040.6694194469,1.0087424886082748,3476.5024441293835,1945.396951586715,449642548440.4815,331009261418.78534,1.0043132700479116,508468038.7165889,164084.4081002795,481222.0658362385,25606.439104895406,11
2024-02-04 19:00:00,22685.458672128534,22830.35770939998,22588.605591990057,22652.07691658184,1625.4738995318469,19500000,8.569669551583831e-05,3768778048.3788557,22652.07691658184,22645.866700318544,0.9756715675487634,989.3648538401145,540.2939758883251,441715499873.3458,254870839440.6449,1.0451783237193695,730013975.8382189,152528.56532493234,656177.5101575073,16610.024129420817,19
2024-02-04 20:00:00,22486.176983082245,22648.449690187605,22311.722295514537,22506.998464676533,2801.285196415843,19500000,0.0006305275985541537,3357237983.913354,22506.998464676533,22534.744244007386,1.3751224019500419,1360.6465947530255,896.9893430671705,438886470061.1924,325617853012.9681,1.0072890903394254,175190905.35913083,95927.23683111956,559642.7058738144,23228.233611828007,16
2024-02-04 21:00:00,23207.305829782,23305.021331152235,23135.17966548119,23161.143129150154,3287.77404340337,19500000,-0.0003195175732070006,4071906730.548517,23161.143129150154,23184.838477140704,0.9967956202022775,1778.7324927056645,1348.6574858788401,451642291018.428,205184598101.75113,0.9993999553795986,520611336.8921321,100036.35855445598,462979.4398117043,32879.635841448435,15
2024-02-04 22:00:00,23982.73915345757,24052.166036028186,23913.576122624494,24030.497261687073,4593.002486270318,19500000,0.0002554554648353505,3606697132.1241336,24030.497261687073,24007.47507444514,1.0833528049367052,2087.570796092303,2029.4915477585068,468594696602.8979,256656729089.14655,1.0457836242632408,418017634.8197046,245703.2547148868,382842.37375556724,24734.52650163377,14
2024-02-04 23:00:00,23886.03481006916,23989.550654612412,23744.58419778643,23871.969787195005,2510.405198594528,19500000,0.0007213247797649845,3719548279.8261747,23871.969787195005,23871.032637824468,0.8605705713560625,1189.86719130687,937.3186369303564,465503410850.3026,317696466832.82654,0.9538460096488903,251562178.96823373,140592.98295093203,384495.1696023149,19772.799781490718,13
2024-02-05 00:00:00,24847.31607536044,24934.963708610696,24671.361466882176,24801.55028440222,1363.8851777693683,19500000,0.00010892522339765857,3508980720.943697,24801.55028440222,24809.078124922024,0.7602557318609384,582.3176137064526,552.2415435104376,483630230545.84326,269880123937.46344,0.9824391308619098,501327882.9903766,207192.81391488208,492183.4820734303,25911.012056468324,9
2024-02-05 01:00:00,24854.45213047197,25033.518305738155,24610.59428896928,24821.685644202757,4066.747340671255,19500000,2.079865231966115e-05,3778895556.1096344,24821.685644202757,24811.568211225585,0.8850843513105245,1781.3655601453843,1227.6615952169795,484022870061.95374,351540340638.41846,0.9733791108443438,459389001.6714218,109015.09977795788,455260.5706491019,14444.311199349457,10
2024-02-05 02:00:00,25808.840175652193,25958.280227536787,25454.188186698426,25710.295447672106,5231.2104955687655,19500000,-0.00025032557527952587,4067536697.6814375,25710.295447672106,25773.48620471128,1.5486679398397734,2422.8562949328298,2120.348447975191,501350761229.6061,258466104600.08728,0.9341476066428015,480512547.33842975,125277.35849069252,393247.6137195454,17125.806634081055,14
2024-02-05 03:00:00,25625.744591454724,25791.09184659565,25598.271013920268,25664.931827521177,2860.3642879950066,19500000,0.00042470291633057414,3547457990.7241964,25664.931827521177,25673.495284748988,1.1349676969114644,1642.0500802657195,960.3713154893574,500466170636.66296,344671060825.1699,1.026195292840498,422075916.1462536,192848.509870017,522621.0912307171,19359.121482828712,16
2024-02-05 04:00:00,25663.880790604635,25860.189413417487,25594.232063716572,25734.865230837968,3650.5022711851107,19500000,-0.00013103842479220623,4116944188.3738565,25734.865230837968,25735.84798895854,1.0564423265506409,1943.3935666682796,1235.751030322173,501829872001.3404,256189507052.26547,0.9832774475805118,322452042.984435,158637.14099691005,445857.3184685367,27890.88114865484,12
2024-02-05 05:00:00,25874.696847863604,26176.780221295372,25782.169395034998,25926.25562025368,2351.372279162734,19500000,7.155743218300345e-05,3413733288.2922807,25926.25562025368,25959.72255439479,0.8226086744851178,1128.851162683056,708.5903376157585,505561984594.9468,257397519073.3571,1.0271610412493972,271121838.5516478,186170.23815466234,523243.3666719779,24878.011652273763,15
2024-02-05 06:00:00,27667.35706181232,27876.603684568865,27498.530595642987,27630.859869795626,1952.9837350157397,19500000,-0.00027035068393778345,3810886526.534801,27630.859869795626,27623.531791778918,1.1999143271417891,1285.7150748495335,993.9010961765842,538801767461.0147,314511957999.9131,1.0116725947370382,368048037.349591,162201.04422329593,363998.84977667255,25862.515887250815,18
2024-02-05 07:00:00,28136.1245300706,28275.95531809066,27969.304353484204,28108.133161789094,4980.137799775927,19500000,0.0005670683800292298,3727967988.2849197,28108.133161789094,28139.260884535368,0.7622058199372251,2776.647480345557,2885.417797571174,548108596654.8873,402027886432.29395,1.0182142739988305,684158959.5778303,154520.49326233284,540307.8418465555,21846.26472975816,21
2024-02-05 08:00:00,27721.774089984156,27854.623100117355,27478.801847832405,27716.10577719373,3618.2578204560677,19500000,0.0004464655932177048,3291184720.0550914,27716.10577719373,27672.65434028742,0.7309492186792175,2449.3175498183655,1760.1509720337415,540464062655.2778,338134038358.3052,0.9863380155747806,532571712.3129165,137308.98674388297,489039.77952460555,17388.60014136305,9
2024-02-05 09:00:00,28197.834879794384,28268.790688605015,27980.553839944147,28261.307348402126,3809.2374346438396,19500000,9.052457523606073e-05,3646759406.586368,28261.307348402126,28251.312622706173,0.8942432719267894,2249.3146650560134,1252.708167641155,551095493293.8414,352982101919.6802,0.9770725556804486,471925016.80161214,120752.6280922982,562144.3423903622,34421.44605606048,22
2024-02-05 10:00:00,28103.37136388611,28368.248242295904,28055.044442629227,28060.334258720322,6317.365658116502,19500000,-0.0002462446806760784,3587025968.293395,28060.334258720322,28092.577558746794,1.4783079879674128,2556.8670692870155,3770.802930984784,547176518045.04626,247827080070.06592,1.0026928262565917,320083590.6321761,231116.0680566065,537931.2808068017,17866.128982228773,19
2024-02-05 11:00:00,27721.5355820171,27878.300884741762,27595.39656275111,27789.603702864926,1759.137362336562,19500000,0.0005607721147727897,3348387172.7986526,27789.603702864926,27836.017835625542,1.461668872794698,1185.7337102302004,1042.5977059700808,541897272205.8661,253057659979.23886,1.0275750454992452,417766836.25685495,240825.35374970295,434959.9860980765,24977.025089937364,15
2024-02-05 12:00:00,28367.64478030722,28440.24866990913,28127.11597077852,28302.043497323943,2261.9597576684055,19500000,-9.779518114144133e-06,3689069867.2766395,28302.043497323943,28282.987852767885,0.9137051197746381,1486.6481707632056,996.326230342859,551889848197.8169,259432494467.4169,0.9984885398354877,651548909.167886,125533.0389300023,428019.95267263486,21298.003268786313,9
2024-02-05 13:00:00,28484.336254226,28769.011253088174,28192.08135411971,28322.476787404365,3225.8981107611144,19500000,-0.00023156145224525554,3627114130.5789757,28322.476787404365,28300.10708244637,0.8738558890087424,1905.1553155213874,1072.1619655881786,552288297354.3851,384333368134.5225,0.9789419103210312,593717102.222049,123497.99801306629,631975.6845137377,26079.32020940031,14
2024-02-05 14:00:00,28504.44027680654,28709.298744996126,28446.352181083144,28483.56460698919,2248.106040898793,19500000,-0.0004286354037417632,3564155741.8645883,28483.56460698919,28502.57586051035,0.7203108614674841,1259.9107147049308,1160.5213310489694,555429509836.2892,289409676793.90533,0.9640294572580492,400859059.96884775,149202.05116238707,417435.91150957637,18367.79070362984,17
2024-02-05 15:00:00,28527.612608361494,28541.124362125014,28381.124212692524,28494.381996436172,4409.727907845661,19500000,-9.378953956813245e-05,3565299157.6285186,28494.381996436172,28479.478468837304,1.0157285569498469,2363.075386849439,2594.86232449876,555640448930.5054,304852940980.17633,1.0061248904597149,170703576.48381573,177213.19064983248,513850.0342811698,30206.220176560088,15
2024-02-05 16:00:00,28661.432444384267,28707.467219893984,28543.4460254212,28689.712454484263,2714.329904451164,19500000,-0.00033639143675898186,3559191250.892101,28689.712454484263,28684.876002497684,1.0329332293067497,1478.366442692177,1448.3932579647303,559449392862.4431,354123540291.7224,0.9833779739521439,370387735.2215969,155522.4616392743,409922.17416878947,33305.68475462533,13
2024-02-05 17:00:00,28832.7221848541,28944.86775030092,28778.598574437427,28937.488238229373,1814.8055323565375,19500000,-8.684625095684737e-05,3480995072.733555,28937.488238229373,28965.742947148454,1.1710622593031037,1144.7179753236762,884.2836978434091,564281020645.4728,352780760803.18646,0.9978477823783078,399978835.7133244,184403.21342062493,304864.7101711387,29655.323255380095,17
2024-02-05 18:00:00,27807.128839151814,28007.627117435684,27596.821545411203,27840.689083933798,3080.6190240066817,19500000,0.00032332262010931456,3625241441.5522413,27840.689083933798,27828.324973173985,1.19978395449582,1706.4857442733041,1488.7078208763642,542893437136.70905,311164177705.8002,0.9928366365325402,337527526.4891562,160763.20149236717,346117.01151526254,23093.06414108592,11
2024-02-05 19:00:00,28155.475783952726,28237.346031636047,28064.98389328575,28217.152567469417,3245.96960891174,19500000,-1.2620049192569978e-05,3404918575.380136,28217.152567469417,28164.51556443505,0.9612849657483984,1469.7990902864865,1926.0786262882473,550234475065.6536,248315350262.62018,0.9866670707594637,411257331.29582936,158156.79836681733,479828.5717818041,19330.944370240715,17
2024-02-05 20:00:00,27591.050056482356,27929.409672466078,27428.54227831525,27671.130561596772,4756.850323425352,19500000,0.00020670801463411326,4433897181.951237,27671.130561596772,27637.89519736362,1.1176246388714721,1985.7627231370261,1531.400419327536,539587045951.1371,315594088275.11993,1.0088141068227854,672572218.1633238,297529.80510974844,509011.7297288277,51360.95514022234,14
2024-02-05 21:00:00,26979.63897357212,27232.412975590025,26748.356238074317,26887.020718681193,3628.4848795477637,19500000,-0.00011700039785966954,3202678539.9565606,26887.020718681193,26889.977096792587,0.8692471614903683,1588.7534504727198,1251.34399058331,524296904014.28326,352151767162.0225,1.0166351225243233,477980941.73682004,142728.4548815168,480144.6452904235,16358.658967109412,16
2024-02-05 22:00:00,26872.97192400535,27019.71288005245,26622.652543334916,26858.314669264186,3753.9849034449794,19500000,0.00011955071990926941,3421076531.634342,26858.314669264186,26810.952095447436,1.1133889884225316,1784.7657993822959,2061.8515573821164,523737136050.6516,272642780811.31427,1.0589583683395234,720804436.4681503,245238.55831908723,556370.6012946869,28691.86366367859,16
2024-02-05 23:00:00,26926.586686672563,27092.626503078664,26873.325294545553,26906.154821017328,3498.696823511463,19500000,0.0006762702466258063,3442764542.4213243,26906.154821017328,26900.84999230495,0.9035295931028766,1785.4557901779492,1201.9210490028504,524670019009.8379,347597771769.2676,1.0227390314405354,265374121.0142112,233681.8296885193,478423.7050337637,24339.00451147291,18
2024-02-06 00:00:00,26521.791215550158,26615.65650554175,26491.48661906457,26538.19300589159,2713.2127799675204,19500000,-4.545823408068947e-06,4220584544.88107,26538.19300589159,26503.903099161267,1.0962460957006634,1811.6794707714362,1125.953312046005,517494763614.886,235225095099.5311,1.047810469884224,429432177.6114283,184614.17331896286,378871.7585007164,21617.0744963815,13
2024-02-06 01:00:00,26976.328955077683,27002.92244742391,26895.313733218256,26985.659035253433,2083.6791711642995,19500000,0.00021532883128589763,3225614230.090059,26985.659035253433,27032.612436034844,1.0786392198344141,982.925994213451,801.0699923111487,526220351187.44196,380142813734.54816,0.9754419888579479,223381394.0262375,100555.69588513188,498251.59351551963,23284.632717035955,15
2024-02-06 02:00:00,26324.21709940124,26518.347788015744,26160.237385391436,26273.53279144359,3444.104390193477,19500000,-0.0003696581682405315,3709169313.724471,26273.53279144359,26333.046089684463,1.0138558396982027,1707.8609950922012,1284.7660220565722,512333889433.15,376571434956.60126,0.9519716568781893,409058603.2878634,164023.3988577109,457678.19822886906,18900.344133272207,14
2024-02-06 03:00:00,26061.484204216667,26089.69847494921,25983.679663215215,26063.169819848743,2523.589614300836,19500000,0.0005560318367250611,3656863044.586944,26063.169819848743,26038.196166049514,1.1722300304743896,1178.2749984566894,776.5503788932846,508231811487.0505,229079616423.11548,0.9995670923283952,319330449.96239096,143103.91313825268,394308.31159422704,25037.166577820113,13
2024-02-06 04:00:00,25789.99283452844,25812.05814401647,25566.03146482919,25762.64867157351,6938.988615337466,19500000,-4.3161988683459553e-05,3681875788.4137387,25762.64867157351,25771.83972010786,0.7304607246416674,3911.664326209613,3260.4599059277925,502371649095.6834,295065739552.1618,1.0257408173244729,809964626.242312,163574.31186140783,486262.49016199686,24222.744976191607,15
2024-02-06 05:00:00,25731.13883243675,25821.34227086715,25668.02913783775,25741.22961570974,5831.85929710474,19500000,0.00041516009497195026,3957615177.9439487,25741.22961570974,25719.081765682196,0.8081696790817311,3412.372554913292,2451.549518112963,501953977506.33997,288195160542.51025,1.021034851544783,571562731.9332188,124773.86549660795,449492.3137549166,49182.638632242546,17
2024-02-06 06:00:00,25870.07039532964,25891.01263994241,25848.139109697,25887.78555665536,4090.4880362132985,19500000,6.304591127232842e-05,3951125645.3943777,25887.78555665536,25882.36683923571,0.9474207992412621,2289.1936053748336,1904.0283605692025,504811818354.7795,354663118582.9558,1.0363414471697971,728087505.0901102,196627.13278365982,391993.24630975263,30371.096573756193,21
2024-02-06 07:00:00,25302.30766824353,25483.835834390502,25197.606767216035,25373.70491800943,3601.960176186096,19500000,0.0002834738095062419,3457886682.0586476,25373.70491800943,25422.00298705746,0.7492723993514023,2469.348995810821,1409.635982793587,494787245901.18384,302916904746.5764,0.9239036392304438,408605569.06923556,208198.297267156,426951.98786318547,25713.330467423384,11
2024-02-06 08:00:00,25644.668906092862,25928.71230529489,25446.338348261448,25746.509174852446,2852.697949753561,19500000,0.00030130372816330016,3640989768.148317,25746.509174852446,25737.068224794093,0.9218498668431985,1992.933028958929,1661.5204202220266,502056928909.6227,318007699092.5748,1.0375893068465263,322660989.2612886,218055.75708570136,586960.8650156526,26177.817740006412,9
2024-02-06 09:00:00,25768.062527502912,25988.149640865722,25548.88919404434,25781.54946968637,1586.7419966750954,19500000,-3.573210185381507e-05,3088254363.8443413,25781.54946968637,25776.75313565049,0.9278120871314604,1033.3162141315772,757.5172263661884,502740214658.8842,256775470034.9121,1.0100638787928893,318577012.802077,147924.2091002401,583137.078177561,38248.56402227745,21
2024-02-06 10:00:00,24829.517351100796,24979.56393795152,24644.64668270718,24826.71209688771,2675.5597461543593,19500000,0.00042757193072855555,3613444974.0208955,24826.71209688771,24805.794865337044,1.2994443595042025,1716.6092831622782,1574.1979882728035,484120885889.31036,229046983252.64337,0.9536795996462496,539512068.5589359,124884.3920192899,459378.0681321707,16463.021614779078,18
2024-02-06 11:00:00,23813.97924229208,24077.587506236465,23681.124224478637,23875.39296234628,3135.989448106337,19500000,-0.00012769545919792983,3364283485.177758,23875.39296234628,23905.14622344353,1.0289169461829124,1598.777072843574,1270.0813282307638,465570162765.75244,306205183725.5206,1.0217058654018643,1000799079.825265,177712.1444285194,447509.6727635212,20851.479352567425,7
2024-02-06 12:00:00,23870.252237309654,23968.937990503575,23697.385851420462,23871.898198246665,3343.348862933613,19500000,0.0003333802660082628,3531856201.90944,23871.898198246665,23796.38501755011,1.2286130299434983,1918.8651029957593,1005.3010755051248,465502014865.80994,296153684141.7957,1.005084477304989,572173552.5132413,252462.646105277,332166.22574240086,12429.87777879278,14
2024-02-06 13:00:00,23771.564857907757,23973.331264603723,23607.050023701166,23769.009567539757,3769.7659018267464,19500000,-1.7061588249959287e-05,3132728699.894262,23769.009567539757,23760.861614724545,1.0621922616417794,1905.39698284652,2014.486256668069,463495686567.02527,324307292357.2741,1.0114368789573416,417624352.5329824,165602.7966300608,623979.6425328159,26046.32995596749,15
2024-02-06 14:00:00,23619.977810606833,23842.415571876714,23564.620464016032,23722.268612708613,4725.199678046045,19500000,0.00020486738458961803,3702928325.646504,23722.268612708613,23723.552317319212,0.8984057689247651,3001.951268762524,2590.418992571429,462584237947.81793,325384081729.15375,1.0299732745094607,449880098.72584957,182238.99637920357,544306.8217825722,28408.740053390076,19
2024-02-06 15:00:00,23667.969484503574,23764.252113463866,23537.616037963733,23711.36719816961,2108.902532022459,19500000,-3.859790070627826e-05,3129923825.6645813,23711.36719816961,23698.063287574947,1.0271041745123115,952.2735501023066,669.8106825049704,462371660364.3074,295599095376.532,1.0129082610529214,479128730.30654985,153471.34307715137,514211.69320906565,16339.160405631254,19
2024-02-06 16:00:00,23840.360287192016,24065.448010991713,23637.390934145114,23820.957455420412,2118.497089879733,19500000,0.00011499279241197868,3627693081.80305,23820.957455420412,23843.91003196644,1.1570634268296218,985.1043548096294,1033.0019941432467,464508670380.69806,284050960724.87976,0.9558152470459095,1091323507.9333375,143506.04640577902,280703.3948714228,33878.09791616255,14
2024-02-06 17:00:00,24297.964192302665,24364.77651676687,24202.175001224678,24279.169263490843,6157.51360733196,19500000,-0.0002224081105075301,3249865840.3970723,24279.169263490843,24310.78140430405,1.2695725452710676,2534.4832233048824,3068.3220354963146,473443800638.0714,342869174895.8108,0.9957092119065127,794674715.7689232,191869.1646572036,446049.19612460997,17753.4652679466,20
2024-02-06 18:00:00,23693.16563855715,23754.182809338945,23538.218697673823,23747.960491225913,4383.009178790755,19500000,0.00017426709540663824,3349338555.5676503,23747.960491225913,23716.802228711123,0.9738850385061473,2553.900124787381,1506.5286167162715,463085229578.9053,319704429201.86145,0.9514706448744732,538330693.7338612,158495.78964065356,431306.5021985297,19875.827369199043,12
2024-02-06 19:00:00,23207.46668541829,23263.78518309124,23088.410648292338,23200.114659539944,2451.8902310200806,19500000,0.0001132563504878758,3931860530.3925953,23200.114659539944,23251.003801411596,0.7192817539916155,1487.2221615304982,1141.9859353674187,452402235861.02893,323344318348.35986,1.0194718564167669,506934715.5660342,180030.35020021707,507150.50251285825,22830.891190146063,19
2024-02-06 20:00:00,22747.004590740587,22830.415027133487,22586.36609603496,22700.58610423481,2825.3694548965773,19500000,-6.204606622174176e-05,3757551688.8324513,22700.58610423481,22670.547353354388,0.7092406052011113,1132.997692203658,1053.7488431504182,442661429032.5788,331443749600.3762,1.0419391072475213,546880764.6790227,184771.77878381987,404252.045450139,35534.484872985304,11
2024-02-06 21:00:00,22869.908714933368,22950.262066771833,22813.857147040897,22834.420693223517,2831.729760370639,19500000,8.349161008291116e-05,3930121785.4581666,22834.420693223517,22866.129270396425,0.9368027585758377,1566.6140788711073,863.4949613830956,445271203517.8586,254272893906.60135,0.9627564411234302,591226805.6836485,177527.2167213698,422378.8574386958,17026.745553053872,19
2024-02-06 22:00:00,23407.990417405566,23535.289694941726,23252.04236719177,23412.452165266553,3028.3919896247035,19500000,0.00014020134285037296,4061337421.997193,23412.452165266553,23418.301244308077,0.6265164172819885,1553.753945886663,1696.1215774309667,456542817222.6978,303637678896.26086,0.9798560871840277,411253684.30898166,187112.2213192367,500760.18248566176,24037.59008581212,10
2024-02-06 23:00:00,23191.940938219683,23418.673972528213,22991.171312270435,23213.66783160082,3775.701778969455,19500000,-8.490711597953367e-05,3369980865.5924406,23213.66783160082,23204.296448429166,1.4319267187150775,2407.8187698480806,1689.658833503972,452666522716.21594,297139514816.44385,0.973528920366335,346145034.84652257,131498.21637371424,378997.2873239168,27790.550350305162,10
2024-02-07 00:00:00,22055.18578443397,22147.538385791304,22023.992851102546,22082.98138950426,10588.209747212066,19500000,6.137242728109925e-05,4041645439.4583187,22082.98138950426,22076.1496453537,1.1268055092314853,4358.818911642582,5659.5011360585295,430618137095.33307,216274864934.129,0.9863828418418499,733169961.6255193,129507.31705921526,394427.83047987573,26122.2063376147,17
2024-02-07 01:00:00,21365.181918876842,21476.44550664736,21267.064471160942,21345.210495396608,3277.637870751971,19500000,-0.0002016655822684763,3188318655.3490906,21345.210495396608,21346.629678875215,0.880616188888773,1358.8093705675756,1694.105834906647,416231604660.2339,266789715625.44333,1.0123726947459661,489450108.9305744,161029.78040935905,459854.4603925089,26413.23026278148,18
2024-02-07 02:00:00,21002.821358815705,21074.26013563064,20984.411536086092,20994.629087716356,4151.807560783149,19500000,0.0008037199116883022,3805404106.7633243,20994.629087716356,21001.104206330212,0.800971815798587,2433.2196719202425,2483.2441729959787,409395267210.46893,236805187291.225,0.9867079263369652,709088694.2364347,162001.3050319235,578212.7391037528,27679.57530681963,17
2024-02-07 03:00:00,20789.958088273186,20960.804362897597,20757.66771316592,20763.820424758527,1282.750201498048,19500000,0.0004177355980624555,3446182669.6507907,20763.820424758527,20746.790887086067,1.228291057556919,740.7775385770991,553.3605055797178,404894498282.79126,236940485577.49426,1.0195759051809707,937252704.8420603,142831.27154450995,520057.12871920527,18649.65978134548,14
2024-02-07 04:00:00,20602.408982159202,20634.878690488968,20393.136849712453,20596.976578478858,2339.166629339776,19500000,0.00018192823168946534,3327795762.5258484,20596.976578478858,20594.217820307633,0.8003329654192181,1518.8840660681622,1001.7836223060417,401641043280.3377,202443712529.97388,1.0319613931022793,597488678.5995153,172862.20861124573,548575.8381587442,36546.25275244567,11
2024-02-07 05:00:00,20648.69472698818,20670.06824630261,20513.208350666344,20614.937192164936,5510.482692795941,19500000,0.0004516338782430085,3765541789.29403,20614.937192164936,20601.111314043792,0.8157516239873326,3183.2960097836954,2118.927560589096,401991275247.21625,270709689705.24014,1.0330527778398784,559984348.2940863,204240.67517630797,448051.45568576164,21304.107650545146,17
2024-02-07 06:00:00,20492.72940375239,20595.806859912092,20416.01144881292,20488.853218705677,3645.167860618643,19500000,-0.0004937757430051332,3866424913.299759,20488.853218705677,20466.007132613875,0.8579673893171673,2496.251953904646,1777.1803173214032,399532637764.7607,263444748377.23264,0.9664545671389105,1745134020.458803,219011.1604673665,596608.0265277205,20472.65841601814,10
2024-02-07 07:00:00,20958.324793604515,21099.141176077155,20867.965449069256,20925.484809984555,332.1021849544865,19500000,-0.0006673039213502017,3857254395.8955374,20925.484809984555,20910.47471485075,1.0230797929638427,164.16322196245045,148.0623625567756,408046953794.6988,248780940134.05133,1.0415778683341816,527051092.38944703,231669.12982531582,312313.7327039856,33000.818738358175,15
2024-02-07 08:00:00,20682.492502224723,20847.02694229363,20444.194919497702,20646.533559119882,4175.592741243294,19500000,-1.978731852497184e-05,3647065801.002577,20646.533559119882,20624.85522262971,1.1321964281513288,2168.7044173480795,2165.580717887509,402607404402.8377,200102224021.13895,1.0439821685462871,313647805.82344365,117160.44325156759,662945.3541537714,18230.11069771246,25
2024-02-07 09:00:00,20262.881820040166,20415.20596088006,20211.768541479785,20295.538422311165,7778.215318232891,19500000,-0.0003135692430806327,3622957738.8463216,20295.538422311165,20289.040705978347,1.2693874314699292,5392.655347465522,3165.3720216537677,395762999235.0677,244209292942.17908,1.046580397937115,433546626.7096104,121692.22089222058,680342.6144441948,24247.85544530158,8
2024-02-07 10:00:00,20418.79393042947,20651.486443066442,20270.613028567954,20492.9021685478,1098.8793941558074,19500000,2.9018342665501238e-05,3739244141.9171066,20492.9021685478,20503.814124692773,1.2324379240566414,474.9986102863553,372.798595363181,399611592286.6821,191829559408.59256,0.9952655554084692,902495159.4785144,151386.07663269556,484718.3453085893,17732.415233979485,11
2024-02-07 11:00:00,19936.415415974698,20014.70772462972,19818.66428972449,19875.061385452107,6372.1603648217515,19500000,0.00016169699217846966,3673097417.543418,19875.061385452107,19879.4480172898,1.0001547538200855,4070.3541538406826,3560.3212110103395,387563697016.3161,213862146792.02548,0.9774447258006916,289114412.83305454,166054.5512349871,522537.75965231255,46899.89636045392,12
2024-02-07 12:00:00,20042.8557583811,20049.44337812375,20018.451827623812,20032.57268902257,745.4754365391912,19500000,0.00037612434950218336,3743580963.541048,20032.57268902257,20074.12715154312,1.2264261792294127,300.77743239918317,408.829227622577,390635167435.9401,219422645825.79813,0.9704727642555975,359065779.09273714,153337.32300182004,439063.806763748,44028.67279149407,11
2024-02-07 13:00:00,20006.87136312523,20099.018168637467,19870.16908980431,20075.710407797695,4764.7458247083605,19500000,-0.00024147919528256406,3643898481.559142,20075.710407797695,20033.34156426499,0.8744152315900361,2601.33192201132,1931.1517502219867,391476352952.05505,279916404061.53955,0.9669466034027554,755258567.7226824,141752.8273544705,424253.45522861904,21309.914344123663,19
2024-02-07 14:00:00,19990.019780917264,20026.350835932284,19989.693774153457,20018.599113625885,2968.0952230007124,19500000,0.00021988920584802148,3834951810.4401336,20018.599113625885,20029.99652218749,0.6947708480005853,1323.8319126226168,1505.1374573815242,390362682715.7048,224329185203.68002,1.000350712199946,435215445.29958785,150828.006973958,391533.33001496515,25744.007280867507,14
2024-02-07 15:00:00,20698.678910112674,20766.765900120005,20527.11918427538,20666.77460606343,920.5896534297259,19500000,0.00010431690794566976,3147339643.9745445,20666.77460606343,20668.973969146537,0.8743922421632413,533.6276278580967,412.16720227973434,403002104818.2369,253706332186.15356,1.0254355556947128,464235110.35424477,183657.60406819094,438097.86336747,22060.85260694624,14
2024-02-07 16:00:00,20401.810770537737,20514.374767022797,20350.729410598127,20413.228984929126,3725.9193793920695,19500000,0.0002042527929799254,3547461527.552027,20413.228984929126,20431.920773302674,0.8510774849953893,2382.542839211781,1968.3720189808378,398057965206.118,283589907521.79126,1.0391967532296202,745338568.9316334,116727.14407851838,494442.77239187964,19839.301101460416,10
2024-02-07 17:00:00,21252.286426663784,21349.87693545055,21093.72221822249,21274.073691402024,5299.776212414571,19500000,-5.5931585226079935e-05,3209215271.4913497,21274.073691402024,21291.443232324986,0.8812645499945577,2172.4455273663034,2210.2171378667117,414844436982.3395,239667177040.2016,0.9854332865091294,364221053.0003205,292388.6803300228,481170.4101654342,22831.340393393795,14
2024-02-07 18:00:00,21239.8333618114,21358.903756142692,21017.453769492564,21180.490631574798,3575.7974811825775,19500000,0.000514940541958636,3665153893.3680315,21180.490631574798,21179.11407441993,0.8254100829955162,1606.0044234429809,1647.3404729751294,413019567315.70856,295354858940.56354,0.9988393519875913,269629410.2160458,163611.23687483466,658237.1885915573,21759.80129867043,11
2024-02-07 19:00:00,20605.198634924585,20747.68667577462,20455.994900036363,20648.448344011493,3993.4620626185338,19500000,6.894740547108214e-05,4088133778.802213,20648.448344011493,20654.078169982786,0.9119027617175656,2007.8452928762133,1267.304544242852,402644742708.2241,197673763240.27548,0.9968743733979566,278365515.4000861,211654.78389607088,451375.51934368553,13957.883844705597,15
2024-02-07 20:00:00,20646.40031462333,20819.60557559492,20641.34536528713,20679.410997271058,2426.3951167683886,19500000,0.0006322546670511306,3451494689.3068013,20679.410997271058,20666.09202530643,1.1320197683313111,1156.7588551953388,855.2387525903273,403248514446.78564,225598569840.30225,0.9809415925040458,612287301.5903386,140786.35060187432,328481.0036650233,23834.919648316376,13
2024-02-07 21:00:00,20249.62646234201,20384.683809108756,20098.625270486948,20241.06908585148,1175.3310392021838,19500000,-0.0001371165961046671,3621594235.6405935,20241.06908585148,20255.514731618783,1.4092412239975949,605.2554850795532,628.2493270203066,394700847174.1038,188832058865.4485,1.0220724858928185,538152662.696229,187885.384340362,614683.0968119967,21748.76249782014,15
2024-02-07 22:00:00,19956.584751877483,20020.059492960565,19743.567556583832,19941.012618423458,4213.007369341874,19500000,0.00032284820198666604,3808567370.739046,19941.012618423458,19905.540028621468,0.70817127914368,2888.271396268903,1746.1636672868076,388849746059.25745,240417588897.60815,1.0108854473986968,367771873.4063882,166878.74806635428,346559.27276306873,24189.16626697513,16
2024-02-07 23:00:00,20121.952961406892,20191.618071260244,20053.22544135197,20101.99798805149,7150.066667161727,19500000,8.209945583184143e-05,3038355236.90844,20101.99798805149,20119.62395135709,0.7729453547078565,3077.1158343615866,2220.321837234688,391988960767.0041,288968232351.1971,1.0042546952535882,305201676.86575055,201632.51733399378,395585.33781986794,21520.14316001516,13
2024-02-08 00:00:00,20365.691008040987,20484.860405336738,20272.89356401865,20328.64254308159,5243.740859617972,19500000,1.6772749999708925e-06,3438259295.2161384,20328.64254308159,20330.20432267153,0.8536028401444371,2763.370850353978,1836.8346301680897,396408529590.091,256510231630.90524,1.0107491631758778,435397841.8040622,154869.52551526198,467123.34707288817,19769.55072773828,8
2024-02-08 01:00:00,20087.235803206717,20207.04259943884,19915.91105857553,20079.261179228168,1103.301232864591,19500000,0.000289694602140264,3690992587.547675,20079.261179228168,20071.489259477992,1.1654978974324883,592.6133352937602,467.2253547327866,391545592994.9493,249736661504.0756,1.0184635374387245,758313096.5827447,239879.23586107203,480909.80525993626,28637.51979771082,22
2024-02-08 02:00:00,20501.82470906174,20566.343933715194,20448.925685652004,20481.777802866487,1397.6573552912348,19500000,1.0247956243123149e-05,2843326259.5994525,20481.777802866487,20479.063287323916,0.9598392191539148,676.6095813374337,720.3161669319628,399394667155.8965,213056122522.5397,1.0181631105739117,347290727.475648,112082.00144358257,331343.98230706673,25846.75450815256,18
2024-02-08 03:00:00,20952.693484867494,21032.807776049605,20814.283412127952,20963.56138330504,1952.7933800633143,19500000,-0.0006985896011471983,3315437144.620075,20963.56138330504,20962.320419407588,0.8651764152138853,944.2770806722781,798.7813690369535,408789446974.4483,298143236218.0169,0.9748453013163443,372194226.867899,206352.97607725815,381057.4967108411,33483.705281851246,18
2024-02-08 04:00:00,21579.357408767024,21729.127862740188,21413.74235761217,21576.651769856027,1344.143484062625,19500000,-0.0008188604369522922,3914950951.156644,21576.651769856027,21606.800906512624,1.1541297555015666,825.8762319055575,703.734018068182,420744709512.1925,248853849094.0898,1.0268898564622884,301352541.9486345,167657.74342750848,329010.02741414367,25550.67283514574,7
2024-02-08 05:00:00,21813.19598018904,21954.416971779952,21800.401475603812,21808.505660640218,3047.5551554419644,19500000,0.0004817266480852147,3884420911.147179,21808.505660640218,21881.204176064883,1.2107960710850472,1783.8960185555086,1698.762636580397,425265860382.48425,225433694515.84393,1.0076609835304169,418854785.7215929,126174.14380437556,500990.59761958173,20758.644357630288,10
2024-02-08 06:00:00,22423.258355542588,22453.54114638717,22289.49799153779,22413.616101461816,3628.983652760648,19500000,0.00046907753736390867,3693888219.279236,22413.616101461816,22443.199179417843,0.9962550380420012,2336.519694719869,1460.0888547213885,437065513978.50543,326186361171.6811,0.9869615141505921,555418030.4926057,265140.848491498,560551.2631217191,26503.4596916663,19
2024-02-08 07:00:00,21621.6808538083,21717.04152146335,21464.002917490343,21588.32517265846,1458.0764679964861,19500000,0.000666202283876784,3847062900.8064966,21588.32517265846,21578.27956828145,0.8493840448324147,760.4189072518204,787.5255760255733,420972340866.83997,242874595255.98514,1.007026890743385,1130660331.1173086,258376.84342379172,346498.02271676756,12158.892234432422,16
2024-02-08 08:00:00,21477.464266720726,21669.19489578264,21388.544910163582,21453.644470541127,4396.500794969516,19500000,9.474152551534678e-05,3647137093.236497,21453.644470541127,21469.300950340406,1.0555436195874435,2558.8219717176776,1486.2995230793567,418346067175.552,234880271704.2241,1.0103343243017515,529324702.10746,96909.44975293374,539896.0989143784,41402.80729693721,10
2024-02-08 09:00:00,21088.816184182786,21096.47262148088,20902.15700623973,21086.951380602084,4026.0940718511765,19500000,-0.0002877904405993674,3747787836.495652,21086.951380602084,21103.258535127938,0.9544179109232185,2689.7386035040713,1709.4193830838933,411195551921.74066,189350773645.63162,1.0324535100149237,474859133.94723797,170109.23981971492,532935.5352658561,23916.26482650249,18
2024-02-08 10:00:00,21105.198523765044,21320.184002133905,21070.849872409937,21139.407411450764,2266.337650067414,19500000,-2.5875152795300425e-05,3495519013.39204,21139.407411450764,21121.964002759025,0.9529406552698323,1485.3543904345242,746.2340945973554,412218444523.2899,207547242984.28732,0.9686153311454446,685168014.2263545,194155.6893623241,387777.05076310656,42418.368563222844,10
2024-02-08 11:00:00,20904.09969518189,20938.210619815338,20825.14954188452,20901.270864592854,2734.596048869629,19500000,0.00010342735460839385,3618281457.75143,20901.270864592854,20877.008684062217,0.9025961620346009,1848.6061197472575,863.4716638448672,407574781859.56067,282350448844.6704,1.0397495306096258,640965518.8754756,181757.0532516161,297593.6346675578,16969.9002823251,8
2024-02-08 12:00:00,20832.843797154383,20939.691479961675,20656.04197520562,20834.01124284542,1124.5063430683804,19500000,-0.00020211146728553274,3408064490.784634,20834.01124284542,20834.776248385195,1.2032144087082524,540.541772915337,359.1203365057,406263219235.48566,241648828787.43225,1.0006949906892948,385069992.43197817,237727.99051895013,357092.02339587593,15751.744266730619,13
2024-02-08 13:00:00,21643.747060292168,21735.58936365294,21594.141643468807,21635.387943446596,2524.678285368033,19500000,0.00059457241689216,3966217344.700836,21635.387943446596,21655.02654957026,1.051245913757497,1756.2327541061798,836.7430360467973,421890064897.2086,310706177357.0962,0.9848154024775421,1218423965.952682,225687.8608427429,392757.8262109964,24581.514289659593,17
2024-02-08 14:00:00,21659.39372265112,21661.5876757074,21387.106680254896,21564.22968559063,2991.9854827638364,19500000,0.000771850863893121,4048955375.2602983,21564.22968559063,21531.6287048675,1.230154998367362,1929.5822257151167,1647.739593958531,420502478869.01733,199808371950.28818,0.983897257004286,480456215.3311166,173910.63235137166,602193.5410374098,24557.201315843886,20
2024-02-08 15:00:00,21722.827379511564,21944.665512852534,21705.651318601525,21745.606893398806,3243.3881821384284,19500000,0.0002434842102190533,4003332691.5412984,21745.606893398806,21732.105092447844,1.3063868921988158,2070.716346411092,1502.0232419492854,424039334421.27673,269172974696.30884,0.9699589672497226,533276243.38552713,287585.61986308685,432068.52831161965,24378.90363888436,13
2024-02-08 16:00:00,21665.27157276851,21763.83235872352,21541.085638898185,21646.989001263788,3602.6986045857184,19500000,9.674087599054124e-05,3469760120.808998,21646.989001263788,21661.549885409982,1.0961413550260117,2162.6047900718017,2104.755812007284,422116285524.64386,281127438685.37317,0.9477725534872977,604879265.4947617,205707.72521593288,361723.14478836826,23289.2663322295,25
2024-02-08 17:00:00,21728.293920226653,21935.640136188682,21665.628049011608,21681.961214025356,3368.1566030210324,19500000,-0.0002884900935423296,3321552319.953401,21681.961214025356,21685.0340599114,0.9036660297396268,2340.802796324082,1554.067761094224,422798243673.49445,269049750113.72586,1.0203219964107761,557152164.859473,149066.28864162258,455690.76475817786,18243.51314511431,9
2024-02-08 18:00:00,21690.9896889846,21753.187278979796,21539.723823919816,21686.73900511845,2611.8868009088283,19500000,0.0005639301688468154,3970500097.517362,21686.73900511845,21719.622035388722,1.2312935044506885,1390.7486704939204,1276.2028894056393,422891410599.80975,257525335423.95697,1.0594265920126589,893055304.0496306,141763.16630931987,341441.0990054035,14106.532427029248,18
2024-02-08 19:00:00,21986.57945539798,22177.04386662295,21711.238206287704,21884.25545578991,3439.5553086746827,19500000,0.00012289204325471395,3744345140.2443423,21884.25545578991,21855.557155428494,1.0976076420294907,2140.991759155818,1222.2294289742397,426742981387.90326,266069766430.44394,0.9514715395349256,383188082.7753033,222089.42070967177,490346.7191873967,23979.274338140447,13
2024-02-08 20:00:00,22385.58523600252,22609.161843357124,22195.339426299277,22402.52330408827,4919.764766493982,19500000,1.325068047681633e-05,3680398043.681729,22402.52330408827,22457.45798615534,1.68316097007474,2999.3020525198554,2273.788867572917,436849204429.72125,286950899115.6631,0.9714871625220892,663708031.764324,133487.2762601321,363839.1626600747,14991.256346765234,12
2024-02-08 21:00:00,23170.257420041573,23299.276924312922,22928.034972531346,23155.2486869624,2841.964914840241,19500000,0.0002443522266023613,3407720512.1483455,23155.2486869624,23121.951614321573,1.0639842388501086,1760.9572619359924,1181.0943720413445,451527349395.76685,320123437134.6902,1.02254749567436,518176967.5902518,146908.53043296418,374555.49378457264,14572.59677277714,17
2024-02-08 22:00:00,23264.18358225118,23348.636965588234,23107.84461091381,23301.410182887576,3493.982371842569,19500000,-7.571345869675565e-05,3709092613.2434444,23301.410182887576,23256.457947765215,1.1497420441770931,2185.274392867228,2024.5203113376522,454377498566.30774,250318105792.7135,0.9986308927398573,718796812.2513593,153293.09587244358,476917.3143595901,19649.564622959006,15
2024-02-08 23:00:00,23563.561688857553,23741.721995315595,23382.34331036435,23580.139693578407,2715.9972296524975,19500000,0.00014406255193654554,3286791688.3695335,23580.139693578407,23581.108535977484,1.0598048403112594,1241.8266334085317,1575.757399328861,459812724024.77893,270322164262.24695,1.0250325772682545,445187375.4854559,177888.69920187054,627843.8302383567,25064.247206611137,18
2024-02-09 00:00:00,23057.36573532159,23183.945615927987,22929.33542109403,23045.89192732949,2157.316876588654,19500000,-0.000332740055253698,3771448524.009064,23045.89192732949,23022.051898665868,0.9803754010476546,1088.8311385515815,775.6623849957509,449394892582.92505,287960057773.39905,0.9969483843055349,421712288.02025086,155070.54311833787,686634.5725820522,39987.72340755218,10
2024-02-09 01:00:00,23046.66726016632,23264.349869428937,22797.724210369142,23007.724199257747,3871.6646414850957,19500000,0.0004261261567757302,4003004079.1057053,23007.724199257747,23009.13329204817,0.9495583379443515,2004.2686344301578,1881.7810141466614,448650621885.52606,244184734573.77075,0.9825811750220087,650225247.1945988,117096.92338946297,359340.9358510532,29548.190653988346,18
2024-02-09 02:00:00,23461.804764721073,23564.865918249016,23295.900227100115,23446.841232897896,2258.3438816605812,19500000,6.867668765929804e-05,4084575501.726333,23446.841232897896,23447.45725459574,1.0606148306970866,1410.1097936797025,1109.8692905171754,457213404041.509,230268608635.81464,0.993224736679806,559859995.7437952,217623.09740591148,392651.89487611194,33859.174518553555,14
2024-02-09 03:00:00,23918.930597890267,23983.1561909151,23648.043345165108,23858.84853692852,3615.818224575303,19500000,0.0004476402581902035,3793981849.0524974,23858.84853692852,23856.563474508104,1.1098614085455547,2223.27403500643,1694.9528450527557,465247546470.10614,344213688981.67755,0.9285373173323211,349453924.75875825,147104.7707089671,490463.654815893,26798.427951783324,19
2024-02-09 04:00:00,23957.882727125376,23995.57085844903,23901.473409010538,23962.43392708626,3023.3709175727863,19500000,3.965914664751419e-05,3209683836.804729,23962.43392708626,23944.643951780505,1.2597050168317077,1965.2209116084146,1019.7797222746912,467267461578.18207,237567499779.30933,0.9656954696305461,831086895.3537949,269677.968586939,558917.8987259647,24589.04052854735,14
2024-02-09 05:00:00,24377.258582437596,24563.884993150677,24256.167529155293,24393.464064629654,2560.691611528103,19500000,5.914008736480649e-05,3641954811.15962,24393.464064629654,24406.45739334641,1.0637177803039144,1630.0229625529373,1270.6269456884324,475672549260.27826,247264070603.29248,1.028448381226561,650338627.1489238,175605.89000932503,286984.43564883195,46711.09961121602,17
2024-02-09 06:00:00,24769.77014891611,25011.054862536086,24456.73438854667,24636.536493370073,2529.883628255355,19500000,-0.00026369522848758724,4254208390.6979356,24636.536493370073,24631.18205961075,0.9115782554320452,1464.322357307981,1365.442922449456,480412461620.71643,305352961480.33167,1.0357569953253654,470976296.0241315,223418.47716904068,450209.0744696396,14811.264954946413,14
2024-02-09 07:00:00,25257.54326244045,25264.702202554727,25186.481808807363,25237.644003541627,2312.1647913603415,19500000,0.00032792709190544294,3344259305.8054223,25237.644003541627,25268.021669049303,0.9367200638111213,1021.9411054622666,933.1152815689567,492134058069.0617,232883000229.36197,1.0421849816527695,402299564.8675417,190558.6649329457,401342.8805666668,19458.33720123472,12
2024-02-09 08:00:00,25350.130382136183,25574.6352011256,25296.555468994935,25386.66085012755,1309.105572548734,19500000,-0.00016275198620692747,3567980099.546235,25386.66085012755,25384.620467010853,0.7675225732285124,773.2056353094405,594.8124218784797,495039886577.48724,227824432964.7421,1.013226080393441,561236171.9405808,226107.10182166146,301099.41156810534,19919.333447846977,12
2024-02-09 09:00:00,25174.218966776472,25442.8946053792,24928.004345718095,25209.22266631981,3609.9440319105097,19500000,-4.592671195976856e-05,4014111834.9035106,25209.22266631981,25187.425576908903,1.3940912491747126,2404.6479228395824,1208.9644222735474,491579841993.23627,230651268070.1716,0.9323179337714119,631869908.2906985,187697.09564492636,338597.18804714794,28798.169538336053,14
2024-02-09 10:00:00,25333.80303159961,25400.637379532738,25223.699698855522,25381.656587324418,3346.845075734601,19500000,0.00010031415582476104,3766344403.584303,25381.656587324418,25341.35786333746,0.8974169275790118,1984.5195155787378,1938.5148020450217,494942303452.8262,241026554386.93222,0.9809498041243857,256430946.1169507,172610.38235180627,394922.6129361743,16421.832404909765,13
2024-02-09 11:00:00,23983.98295270876,24010.40611754601,23895.616561053357,23939.141619815488,4558.893074517182,19500000,0.00013636725510680697,4371676915.44644,23939.141619815488,23937.415381923918,1.2134749364393904,3048.47676658616,1517.4793304225852,466813261586.402,270172403836.53363,1.039739670296459,563835087.6990849,213909.5461194579,447648.2308612353,27695.60131498874,13
2024-02-09 12:00:00,24107.995247293824,24292.515513782353,24028.085950379227,24125.576872074093,2285.3433368010715,19500000,-0.00041182908206532763,3380773780.360166,24125.576872074093,24097.369137308502,1.0568683742788303,1599.0910821534774,828.4669707201707,470448749005.4448,328739326747.64624,1.0486916271605067,629868660.9701347,303001.4980831249,541241.3475135086,26209.964700746168,13
2024-02-09 13:00:00,22435.824620695053,22581.200547317367,22340.979200146594,22430.11111173417,7690.121120289011,19500000,3.075824035359505e-05,3312004847.6829233,22430.11111173417,22402.074328463415,1.0626293612477529,3904.741051704378,2995.6370252971597,437387166678.81635,241696460226.92047,1.0408794322902173,189333498.43123397,152139.13840280962,474904.7910429394,28113.473671271535,18
2024-02-09 14:00:00,21669.54911955886,21687.21836310952,21534.529353634618,21672.30187788744,2465.4559182674093,19500000,0.000338569065593114,3953748822.9003234,21672.30187788744,21685.900322106758,0.9767841575374052,1521.154024572484,1350.4216052118552,422609886618.80505,244378149779.4993,0.992912426056906,524772746.7436654,198537.1959971991,534725.006630521,27961.026645901587,16
2024-02-09 15:00:00,21903.190733371128,22085.95594029744,21669.319187161607,21871.193509361718,1924.5456230819716,19500000,-1.3501410357170761e-05,3257838285.403517,21871.193509361718,21834.50086280915,0.8542257484100517,1081.5707561377774,981.8969724513746,426488273432.55347,268719738707.52072,0.960802724002763,640553787.89819,162541.52220483616,444784.3634424703,34943.78446206124,13
2024-02-09 16:00:00,22045.88733525754,22198.874298400988,21828.384798658924,22083.285117707324,1813.7604034826768,19500000,3.258047373600354e-05,3528922995.4312396,22083.285117707324,22116.67931523416,0.8238992054000779,973.0671124407755,547.9448740156164,430624059795.29285,232814024669.8681,0.9987810523012456,612066396.561739,184704.9110417551,384235.4561098687,21703.68110069638,17
2024-02-09 17:00:00,21531.542556184406,21773.714552571237,21391.221760571334,21577.95986743424,1252.6778243184053,19500000,0.000148721815252818,3566135225.36899,21577.95986743424,21583.564017153643,1.412968877687548,591.2139808059874,444.7863911527728,420770217414.9677,243946315023.55908,1.0004442105469078,668789113.48096,164479.23979907867,426449.83090349485,25823.684995030966,10
2024-02-09 18:00:00,21284.49493746524,21471.370862081534,21126.0429689164,21274.951108976915,6414.484698274481,19500000,6.22118702359003e-05,3894687016.614411,21274.951108976915,21276.14585425627,1.0230539429824748,3039.018503239268,3367.895387578048,414861546625.04987,234767455148.83664,1.0469669446027436,425584196.57415694,94898.60440843043,508440.49628101976,17659.606895833527,14
2024-02-09 19:00:00,21894.651713943054,22072.54746012532,21797.98893045303,21868.367716701887,5916.697369210526,19500000,-0.00020915465071628134,3765480968.9713817,21868.367716701887,21847.92591138488,1.252389778914021,2695.006460419083,2491.819151913451,426433170475.68677,235632071493.84143,1.0068337390036664,320065885.94078165,154809.9199680412,543895.5120028125,16490.85884409145,12
2024-02-09 20:00:00,21674.26120827982,21786.078482622466,21474.196686740725,21659.856004242916,4025.3718933282435,19500000,8.909616289992864e-05,3718421893.8264236,21659.856004242916,21678.57818371576,1.3191418183176942,2372.735544779658,1239.2673330440398,422367192082.7369,239278596162.70438,1.000500435366423,236179405.57263413,208958.0447979954,429520.63483737723,37400.847193589536,13
2024-02-09 21:00:00,22619.192702135988,22712.89769672351,22569.928476990463,22655.870459795242,1904.463453364091,19500000,0.0003982219510017688,3471336550.3890214,22655.870459795242,22658.070233041944,0.9211159213217203,842.9458606438326,1122.0623760616138,441789473966.0072,200278769515.09882,1.0022048544443038,750979788.2325968,134416.48343852867,367389.160302218,17263.752717327232,13
2024-02-09 22:00:00,22687.966079721507,22802.761630420566,22633.16322406468,22657.26617093343,7373.39728851341,19500000,-0.00021535278418012712,3950864772.033389,22657.26617093343,22643.986823296964,1.0883917556827005,3903.594063460488,2546.5492916170006,441816690333.2019,316286937198.5321,1.0119957648928806,642724157.7321649,204891.6559331301,473132.9148435546,26699.326599715987,19
2024-02-09 23:00:00,22811.219463450543,22868.237344549354,22589.20790360819,22845.20677683596,2500.236032098729,19500000,-1.2344566845745393e-05,4947092778.026983,22845.20677683596,22852.05633402777,1.009042796357909,1392.6313993264773,1132.9569356184538,445481532148.3012,331083674097.039,1.0187932025818471,774242408.9137739,170399.72697174668,486793.9406788957,25830.541241352217,14
2024-02-10 00:00:00,23573.782713824818,23753.874800628237,23370.072539805024,23598.397666501052,2605.77935072679,19500000,-0.00031448939718052316,3788752203.4525733,23598.397666501052,23561.04646590284,0.7933881072599879,1384.8944457213865,975.8508931268341,460168754496.7705,326144078972.1985,0.9782638769794602,363010913.48070925,155146.8500851251,566110.0750765761,31335.103582476007,10
2024-02-10 01:00:00,23618.012564590474,23694.38812343216,23546.29761856349,23662.685515383742,6115.79189544271,19500000,0.0003824145851471035,3613612410.2044644,23662.685515383742,23626.35555230666,0.9635836315241904,4014.8880550806507,3187.8002361643826,461422367549.983,208434949504.26105,0.9682713881612329,669160546.4515314,204118.06314368505,386252.8266704955,13393.701061984086,20
2024-02-10 02:00:00,23255.72674888218,23374.603736255514,23038.756750614884,23195.36506307847,4144.159581472413,19500000,7.229253794863635e-05,3231366540.6859517,23195.36506307847,23171.701474397636,1.124683112328909,2208.6331971703817,2208.910946105677,452309618730.03015,305429155029.114,1.041116755642141,265978920.99260795,192963.80007011385,387100.8564911001,28777.87373508946,15
2024-02-10 03:00:00,23176.155482786522,23188.759133674033,23038.732123729027,23146.832078696145,8960.233531181848,19500000,-0.00015505989008175898,3406671269.0790544,23146.832078696145,23157.237210874304,0.905013108368368,3806.7518815237545,3755.8263330345535,451363225534.5748,280716354226.50684,0.9507687611669295,342644003.8556319,180798.19939632696,514644.7004462955,21646.31255362019,23
2024-02-10 04:00:00,23160.6558030794,23230.024860039142,23057.917416863078,23132.66558419893,3375.7106029263446,19500000,0.00012767968004295322,3524143205.10352,23132.66558419893,23134.903477088643,0.937096851141242,2355.097794577086,1679.5337914735308,451086978891.87915,215733463329.51492,1.0491324237761432,510239553.732614,209813.65333675727,407792.31250240514,18398.552360851565,14
2024-02-10 05:00:00,22568.20815423313,22620.584555682388,22447.49480961092,22512.053573572466,2444.2279867555353,19500000,-0.0002610800644686358,3434825568.801414,22512.053573572466,22537.91945635358,0.9659208624287141,1597.290957187784,1399.8633252372688,438985044684.6631,320396632810.9833,0.942679639082389,632558365.595874,171231.98951822432,404360.9357694519,20429.899048677624,15
2024-02-10 06:00:00,22525.404796306542,22665.06941116713,22368.93214328304,22399.401476856783,2195.3517390893335,19500000,-0.0002100486594381219,3580304799.42072,22399.401476856783,22381.03419495111,1.5254750446830012,1312.8489797039274,1195.243306319377,436788328798.7073,298267522756.844,0.9824637660150694,949650878.9359463,107886.33430611654,568540.582033143,30062.422116105423,14
2024-02-10 07:00:00,21996.120312503856,22245.2271100108,21875.291646228125,22071.570922855153,1183.8201592771225,19500000,-0.00033804005895553415,4132883920.82235,22071.570922855153,22086.46190194571,0.6929414386878163,742.1334084860576,502.49533243897196,430395632995.6755,212438501001.37845,1.0291556191175033,440743827.16246384,148074.34855609556,336313.4458842687,27429.439645546594,13
2024-02-10 08:00:00,22452.4492750386,22498.539981893024,22352.177379725967,22485.655037208915,2593.3405560167903,19500000,-0.00022003377126721997,3961043562.5386004,22485.655037208915,22485.343148752578,1.1055342030298845,1137.0688645802388,1121.4714933291586,438470273225.57385,324122675675.05225,1.000010256672348,343157509.56491506,103662.88205357215,667463.928405976,21197.17002999277,11
2024-02-10 09:00:00,22475.74391176115,22694.819459942268,22360.626203583717,22503.476074289738,5283.249745196408,19500000,0.0005072012751999419,3539648915.2210107,22503.476074289738,22484.50462692034,0.9505943908603651,3327.25564031489,2990.654748140968,438817783448.6499,214081479646.5972,0.9605056958871447,336174338.80938154,191825.46604061074,391395.140186365,15650.650502809767,12
2024-02-10 10:00:00,22340.714716443414,22571.424793783903,22292.60238603543,22378.795352866426,4021.5275070893713,19500000,-0.00011993549938477876,3254607769.507375,22378.795352866426,22389.655953912486,0.8797381420000078,1859.2514279349177,1247.9276008498807,436386509380.8953,255898778741.92163,1.01279284462378,368466966.3388697,203627.97578097903,526152.1353268548,15985.488499993666,22
2024-02-10 11:00:00,22285.422020963535,22409.995399859396,22076.24867184792,22333.55454944739,3011.3808397009943,19500000,0.00023986753679544365,3989730060.031883,22333.55454944739,22334.313625465307,0.9459409416436295,1646.3003401814642,924.0225514470914,435504313714.2241,216747326376.0856,1.0020101302540145,1179564003.5036597,205957.59159470216,432890.4911030585,27609.330273821575,11
2024-02-10 12:00:00,22422.23701806768,22583.53492257175,22279.050586449932,22435.682860294204,1812.62758883597,19500000,-0.0001508904259867765,3570871991.1017637,22435.682860294204,22423.811709859063,1.1427929802493701,821.835989814541,655.6973707831953,437495815775.737,216585470420.84097,0.9935185513467407,656707605.4788793,183923.22145513407,467087.76703737123,15013.082585109376,24
2024-02-10 13:00:00,22661.167748482476,22807.900916961105,22457.307734446385,22716.44156288961,3339.0329529630067,19500000,0.00032786012372896573,3122438068.911092,22716.44156288961,22719.667276854703,1.1559294266826625,2090.6870317911726,1830.746669145843,442970610476.3474,327949624339.4503,0.9812823312765128,757105176.364488,207312.2277279482,419761.8056800414,21259.383503608868,18
2024-02-10 14:00:00,22283.902927351246,22318.262673861213,22244.64724822676,22268.98082323592,4946.358125702548,19500000,-0.00020782460027939467,3795167597.2969046,22268.98082323592,22268.32321163778,1.0379041344806474,2343.48636475851,1711.2616263713035,434245126053.10046,269942765520.9654,0.998961820014082,440934001.2262479,109737.80026401242,525084.9460087102,49233.109733893536,19
2024-02-10 15:00:00,21814.313879547582,21929.637958896146,21676.2019683405,21812.058585915995,3697.305641029429,19500000,0.00011176837832852694,3891478248.0349565,21812.058585915995,21810.887538620125,1.244269067698525,1759.7789306254144,1425.6211051613445,425335142425.3619,224471674250.42328,0.9825423516414293,484845347.5596241,158436.3587445419,412724.3539207978,25282.51303906598,21
2024-02-10 16:00:00,22323.013507268155,22342.291589071978,22112.11490853403,22301.558129809495,3240.12628479921,19500000,0.00011585539296068464,2952527226.80929,22301.558129809495,22294.58681550578,1.2888709454171896,1402.2187754151914,1583.5164847999808,434880383531.28516,296988429441.8443,1.0730359800654747,641747705.5347184,114264.47571121455,394514.3152298917,27520.178031617463,23
2024-02-10 17:00:00,22143.07378265057,22337.59452017994,22047.409555981143,22120.61125524673,2001.2378105203786,19500000,0.0007983416009279775,3356067131.001166,22120.61125524673,22093.957057035288,1.177360641092006,1233.1265906625192,710.9854464995215,431351919477.3113,307369869260.0609,0.9927994854454968,396299381.58501774,148808.808538819,635818.4624473507,16021.541163167441,18
2024-02-10 18:00:00,21530.66622819645,21729.671971276333,21462.766213542134,21504.7312275738,4598.9850050589075,19500000,0.0002891275863940495,3553374950.4991183,21504.7312275738,21508.48951087049,0.8965165815551221,2247.7695082600967,1797.9037539679261,419342258937.6891,304141048820.7711,0.9887872913854266,431801627.6025034,243790.11117371306,445020.9058142461,15241.991600474546,13
2024-02-10 19:00:00,21682.427184892953,21876.910923164585,21624.964133237198,21698.632111187293,622.6892452851897,19500000,-7.787120429878201e-05,3801877546.74554,21698.632111187293,21683.38417051267,1.1039429931062636,345.8939151942152,274.029233685474,423123326168.1522,308835808029.78845,0.9837509156353663,370408968.5142008,213909.71139128724,386489.85094722715,27966.051611597588,13
2024-02-10 20:00:00,21995.7649379046,22119.4973010557,21843.06652403098,21902.846780011965,3609.8548921278425,19500000,0.00030551468909515415,3440010199.265439,21902.846780011965,21882.688957836737,1.1049942505430452,1803.7472661329464,1329.9888918231936,427105512210.23334,308231177868.3797,1.0533085252851457,405650666.60186875,192061.58439141608,328385.2306922716,20237.536535715597,20
2024-02-10 21:00:00,21254.55160340256,21373.066683693167,21149.585226877265,21244.590817113636,10776.90815745526,19500000,0.0007414523411455624,3354030680.8374047,21244.590817113636,21241.601706497644,0.849483903096653,6815.428557719759,6441.617785166182,414269520933.7159,265828349691.03165,0.950827993663133,494764002.8869369,155530.15938897282,642495.8304813066,31322.32698593172,19
2024-02-10 22:00:00,21264.94671650528,21554.613227476046,21195.630730059056,21344.454157347598,1402.2218682664509,19500000,-0.00038889082714528843,3799645234.48492,21344.454157347598,21362.255998685694,0.730601012473563,656.1628480888311,489.42283441061693,416216856068.27814,230059702918.00394,1.0107829726569826,349256074.70933026,126956.69256854992,396176.43134242715,22992.882058291954,14
2024-02-10 23:00:00,21619.52508809064,21716.65675614046,21560.87692188405,21662.953927287366,2642.0628474996292,19500000,-0.000152744612770618,3453086169.932581,21662.953927287366,21669.141159545485,0.6672735986627725,1802.5483024653895,1466.2950285362474,422427601582.10364,307388020936.6742,0.9928213008437079,543962893.3019527,170545.41791164177,668216.5974892402,64017.312633884,11
2024-02-11 00:00:00,21751.968508991413,21844.529712141986,21610.90431806539,21827.95173948527,2969.190111672618,19500000,2.8930732266011888e-05,3743790253.8245454,21827.95173948527,21818.540788168386,1.0140691499111252,1473.9118874473415,1309.5017648572737,425645058919.96277,207182289077.4478,0.9572979968607397,543658960.9548188,214844.32132150832,479150.905839043,19116.441502651483,15
2024-02-11 01:00:00,22108.577086858084,22232.814229135052,22096.086329161593,22107.810625461003,2365.4146020251846,19500000,-2.51264681425853e-05,3279899923.0181584,22107.810625461003,22097.390196074604,1.0614203276622687,1019.8614832436133,801.2536918507625,431102307196.48956,215827035155.24478,0.9754277101641066,451596907.7327615,180316.31123892055,455238.6382265385,24753.927907962923,15
2024-02-11 02:00:00,21492.45505702022,21568.37343498094,21419.30252497316,21497.692119430692,5004.972119876143,19500000,1.7299050103760575e-07,3217316160.6051183,21497.692119430692,21513.510406398622,0.7894993129426273,2362.805145100182,1679.3976099198364,419204996328.8985,243201050104.26605,1.009508619817175,348453746.5286961,109488.77402941996,457699.7875466329,17357.089197902136,19
2024-02-11 03:00:00,21622.384524820944,21712.423167700927,21473.243702477783,21642.66048150184,3775.2636759500137,19500000,-0.0002912696796779729,3808196416.8696456,21642.66048150184,21592.953009027973,1.2326994834186036,1593.8494214819964,1699.203961073958,422031879389.2859,225829040328.9033,0.9740682034103174,505968625.0912293,167067.42029657995,689133.429403301,30934.39662584419,16
2024-02-11 04:00:00,21600.74446777692,21602.27495702581,21476.384766931937,21514.21746440286,3216.8251898641347,19500000,0.0005211868160650036,3658070255.894508,21514.21746440286,21533.523569925437,1.0309117757689736,1739.085243142068,1306.2113347714135,419527240555.8558,266282264791.44476,1.0077869178466012,396441154.16399366,100878.08141628902,285374.11599058885,25904.026998325153,17
2024-02-11 05:00:00,21333.008206396258,21460.204008564888,21262.53211543839,21309.61098342997,4441.00632972867,19500000,-0.0003267825795429857,3859472907.581136,21309.61098342997,21271.80739738774,1.3098210475827152,2109.8127084680436,1644.862987517512,415537414176.88446,299847882415.02216,1.0518745968605905,494292332.7572557,198997.18507931387,461791.2849921592,17011.469022974812,11
2024-02-11 06:00:00,21717.544720006546,21774.88635737414,21642.53563656786,21686.05230591542,3006.0294115180777,19500000,3.993615711325029e-05,3435377174.450588,21686.05230591542,21657.52630121191,1.0769222173697237,2001.4559054753963,1766.588598508226,422878019965.35065,252589015495.60995,1.00511802031652,752755466.2157851,136864.6914327465,419558.9328162814,20636.45666738079,6
2024-02-11 07:00:00,22297.86447216847,22381.43042963436,22297.65797014463,22339.463837195777,14616.879125546655,19500000,0.0004137491775282093,3363983169.0906334,22339.463837195777,22330.209360639285,0.807940619098945,8114.393610454243,6417.01343508275,435619544825.3176,268411851910.52582,0.9563946256442651,293921697.01882595,119876.77870058785,423954.46008397307,34253.7193532583,12
2024-02-11 08:00:00,23111.76754363323,23167.40727087033,23002.271442133217,23158.044026397616,3215.2920322160953,19500000,9.094454285624423e-05,3997190239.054829,23158.044026397616,23210.615661244996,1.0959880033945546,1511.2211270174096,1860.5071740172057,451581858514.75354,260535691051.707,0.9745961121445933,1157345126.250831,199682.25670023583,455824.14647804777,33041.27219588634,13
2024-02-11 09:00:00,23779.216908388604,23865.859237989564,23768.20321218474,23777.466625335794,3286.70574640518,19500000,-0.0001938182500708307,3173697975.9903812,23777.466625335794,23819.729154847755,1.1434181334692433,1759.6401345062918,1147.7173765413886,463660599194.048,307068851843.0235,0.9914378278376421,471293011.32836837,187183.45529696497,419470.7892232276,14848.903575721792,19
2024-02-11 10:00:00,23735.922610291287,23944.553981609486,23662.950109167483,23727.712482956955,1267.4546746910473,19500000,-0.00030460269691218726,3962404427.9692054,23727.712482956955,23746.848592547536,0.8962600110706355,581.506026807534,449.9968797746725,462690393417.66064,222186996385.88397,0.9894329464301602,572049285.7680713,172490.89657859306,459376.8303780155,19736.186479854718,14
2024-02-11 11:00:00,23809.354254268786,23978.536669484434,23572.497982774086,23898.078814539273,2271.679798950121,19500000,3.1000241191665376e-05,3984351404.0171075,23898.078814539273,23908.989300277954,0.7494478081194342,1030.4766934103284,1087.6991592236923,466012536883.5158,216498690399.8374,1.0045604153534775,359024060.0710191,281511.0519705355,440332.10600831476,39199.49044684482,12
2024-02-11 12:00:00,24261.090419675296,24434.65270677695,24038.27748441902,24269.84246575535,5290.610057065601,19500000,-0.0001271088697551399,3840264806.2958193,24269.84246575535,24227.07228136066,1.0202617508557539,2593.440866209193,2015.5250538153614,473261928082.2294,304024192526.06946,1.009373288262342,766147003.4615852,190755.91523343726,340199.7977236626,21587.002140495923,15
2024-02-11 13:00:00,24331.85096964493,24515.932849295255,24278.835736955443,24331.16618927088,1528.850729321191,19500000,0.00016156932751089338,3392983292.5381484,24331.16618927088,24337.413414802384,0.8185924589774196,661.2133237480436,543.477931425469,474457740690.78217,289639163134.1954,1.0519158386535659,461387776.9910953,138518.72132803104,477477.92504507507,23981.230823869104,11
2024-02-11 14:00:00,24386.823857931962,24477.369795729268,24311.224110905805,24397.321984876155,1013.557210605554,19500000,-0.00032043534431725384,3358223977.5406756,24397.321984876155,24386.36218284531,1.2512931450512097,462.7844056319248,332.8578797190544,475747778705.085,272226403650.38342,0.9998884100473632,414404321.0421009,185312.8889152058,510533.17017851997,30886.65754569615,20
2024-02-11 15:00:00,24764.726662411893,25008.887723580283,24649.891490092006,24805.07908942958,3029.5147452447704,19500000,0.00034391072106628655,3525173663.224705,24805.07908942958,24787.302049928097,0.9217923146263145,2064.3539481390217,978.1733596710077,483699042243.8768,266130145307.78183,0.9654341665937227,385400646.526474,151521.1751529158,396958.44295633474,15219.784740417057,13
2024-02-11 16:00:00,24751.42661330286,24949.59907246654,24542.422213988713,24778.163995741088,5915.742244943866,19500000,0.0001346648569493394,3232096470.978016,24778.163995741088,24784.477548491104,1.4118772774388475,3549.6866525134405,3111.3876840270705,483174197916.95123,224937995129.1274,1.034614183907457,435760435.1696011,223393.41870100008,642793.7666696252,17121.508356854603,10
2024-02-11 17:00:00,24413.182714482067,24558.398298628443,24217.2312942594,24421.821161674532,3044.8003586962714,19500000,0.0001569509183057431,3319448461.7641654,24421.821161674532,24412.757979392518,0.6538798019367457,2059.2922595057403,1171.1792423921872,476225512652.6534,311530942894.0526,1.0378907373034307,573540395.6929319,174598.49483575422,577875.8597875038,20596.785008205195,15
2024-02-11 18:00:00,24227.035155381793,24227.275599996243,24192.057319412666,24222.636323481653,2519.807273187168,19500000,0.000532323033472005,3774669791.3097377,24222.636323481653,24246.115313872175,1.0273258056778396,1202.0843466367874,1495.570491575213,472341408307.8922,272276604566.23584,1.0069732928201791,519888163.51855975,178971.3151996416,523760.84677356476,32577.823852501562,14
2024-02-11 19:00:00,24563.820303368015,24572.439936052368,24503.611755626334,24534.144215554716,1177.037574993854,19500000,-3.133864951155976e-05,3776063603.1332726,24534.144215554716,24489.10063651287,1.3309307746365717,773.4360995500954,417.773406843607,478415812203.31696,279194096723.9795,0.9926081681437311,477491113.26851815,113482.95148618333,522491.580494737,30820.323476138306,17
2024-02-11 20:00:00,24591.110943564076,24834.77586259008,24435.80866184109,24538.06670026312,3737.331231960431,19500000,-0.00011774500841996718,3296193035.5087376,24538.06670026312,24542.361142217953,0.8368914860636465,1901.1125354477813,1518.6047301474919,478492300655.13086,343573480032.9762,1.0186763920764719,365008585.36572576,165270.3513215663,445084.4820895895,28167.66337529214,12
2024-02-11 21:00:00,24693.523069740186,24901.35584567324,24478.665863977163,24708.068597228885,4149.061962079484,19500000,-6.432908850406194e-05,3784159940.5273037,24708.068597228885,24688.81860958639,0.9686613742687047,1839.106958221216,1711.3743163288095,481807337645.96326,323420096440.19995,0.9936676055896141,356673234.2722484,160481.43361242508,555861.4885850096,21769.21327189054,19
2024-02-11 22:00:00,25021.081016184184,25278.732079697547,24800.37381392889,25043.928902872416,1223.0875879905248,19500000,4.2242029143022624e-05,3717600478.544902,25043.928902872416,25036.174405187267,0.9225560529824388,784.5032149911048,550.4454782657216,488356613606.0121,251910430015.17438,0.9383287321366754,403485168.1346622,125988.59124976964,605706.5594293735,31852.492688207643,17
2024-02-11 23:00:00,24881.126351726707,25105.62955221804,24832.676195755375,24859.366666003018,5256.739382953089,19500000,7.271053156260142e-05,4045176013.5475245,24859.366666003018,24869.425422527605,0.8721851684898414,2196.765312389615,2950.0335730886904,484757649987.05884,313710888445.41486,1.016904228489174,583240560.7574914,153987.17957275832,520010.7703540232,21681.321982529633,18
2024-02-12 00:00:00,25271.58184491799,25276.74811013445,25095.788566018884,25240.74548278883,4371.440042338395,19500000,-0.00014920932098053195,3751910130.392134,25240.74548278883,25215.067873951048,1.0501410917347118,2279.5129903477646,2406.1763892981216,492194536914.38214,241016145185.08356,1.0267675443092372,632318607.1424901,181486.78332616613,394724.4997840494,26994.55353498879,8
2024-02-12 01:00:00,25413.172626309482,25636.669050619024,25373.61061972773,25435.26062867953,5250.916812404606,19500000,-0.0005069255759099176,3901732352.080578,25435.26062867953,25441.98144200942,0.7717579455158878,3391.0126752230913,1590.9590032581516,495987582259.25085,252070392602.62186,1.04323261691138,667344978.126574,162577.9080743957,438916.1679106475,29840.198087549925,17
2024-02-12 02:00:00,24856.510300673654,24968.649389004837,24647.000840674373,24817.279469056873,3990.8620768871997,19500000,-6.827870026371144e-05,3724379908.0177593,24817.279469056873,24814.491540423143,0.9780507132370838,2335.274804772158,1687.2427810154586,483936949646.609,321452588886.72296,0.978077246711423,484880604.634669,114344.95472093354,496199.8294835686,37761.52553457984,11
2024-02-12 03:00:00,25596.190022667568,25798.28684090314,25312.02744501663,25546.140772619638,4133.341151460706,19500000,0.00020794769988606695,3877259120.74483,25546.140772619638,25531.819941646547,1.108711851778911,2295.73913797098,2266.6458338029793,498149745066.08295,242981069206.97202,1.0067849594758382,565615330.1286213,152009.11903812876,523111.0121296809,22316.96933124091,19
2024-02-12 04:00:00,25359.44909738619,25361.152183252594,25179.075168923293,25294.104991229946,3867.487882768843,19500000,0.00014087749187604768,3234145628.271847,25294.104991229946,25284.731691861925,0.9578934367943449,1957.2976250128752,1160.4758706425284,493235047328.98395,263416214357.77057,1.0074339867355895,453551652.29546076,144783.35529987316,435610.8409340302,20357.74959210979,17
2024-02-12 05:00:00,24560.016849682892,24630.79864661842,24452.64241575438,24472.97524263566,4601.953474729808,19500000,0.000459866340947748,3550166864.5622716,24472.97524263566,24471.640195553202,0.8186973167991287,1944.4024217277872,2117.321387505865,477223017231.3954,343322866976.95,1.0025614767911144,241669295.88810724,170822.1747672769,394998.9124461509,33473.943487999895,15
2024-02-12 06:00:00,23927.63932481535,24149.259985224042,23789.037470047846,23969.17388298045,1200.6533133708012,19500000,0.0006866459631891366,3573750274.9679146,23969.17388298045,23953.16639348542,1.2287987666651545,837.2054648958141,453.6580733590372,467398890718.1188,313855851487.797,1.0034456811485866,445019778.04341245,166272.47551921092,607338.3920412216,34253.902321859,13
2024-02-12 07:00:00,23487.66702744795,23673.929109733137,23391.065804356705,23487.01417256882,1407.3591489174532,19500000,0.0003278001314375405,3515684233.345145,23487.01417256882,23489.529502028596,1.1572556605796978,636.73448055605,596.4818229236123,457996776365.092,333805388216.7235,1.001114080461309,417530999.5245218,146839.69117543328,357016.0640528016,19283.16380135982,25
2024-02-12 08:00:00,23514.41650909937,23660.13878159668,23323.212334782704,23513.88614415085,2063.164091013811,19500000,0.0005147561927224678,3714503766.019067,23513.88614415085,23509.696519355442,0.8120142138268882,983.2886197161458,879.0964965264312,458520779810.9415,327636024400.72565,1.0063524820474845,320176165.1035673,145413.12949485827,366492.6145733295,16292.98425669701,21
2024-02-12 09:00:00,23383.20360345051,23458.248219825608,23303.62016449753,23387.79105170758,2793.6099131587025,19500000,0.00033003228767893597,3771544259.1957498,23387.79105170758,23375.83328256227,0.7719607957110869,1315.1609490960884,1166.4057006813282,456061925508.2978,247994538396.83353,1.0222204310198606,386654593.6920398,165513.10368280555,339277.7722782919,32718.970943819095,9
2024-02-12 10:00:00,23202.919871206235,23305.195453056833,22999.918174825154,23233.08863712644,3619.417794563203,19500000,0.0006129697767782151,3699193153.3916335,23233.08863712644,23272.348891529466,0.8266409125096124,2433.632902958975,2054.3273816272417,453045228423.9656,289819026567.17126,1.0366086257375295,512103118.3316321,207055.9216676634,366329.9965491559,13869.976068896172,14
2024-02-12 11:00:00,23455.2884489398,23752.617697890964,23391.091228843135,23525.1846899285,3506.38484365321,19500000,0.0006552560902873802,3534524055.630872,23525.1846899285,23537.305804266387,1.1152232767790837,2205.889559117184,1616.2298133946465,458741101453.6058,258550477403.31335,0.9773100273791908,308336194.3461324,174496.52923866542,567768.4609502731,13659.077138527184,15
2024-02-12 12:00:00,23692.401506015565,23796.46141898305,23650.69792811368,23688.010722592968,5211.134710357952,19500000,0.000385349551233678,3380000159.4381557,23688.010722592968,23681.313832195185,1.0566616798155781,2799.4160417249914,2976.204189681073,461916209090.56287,304463431152.3562,0.9948309593563546,365101447.5542015,232295.91447458547,571583.8961198092,20941.988999379293,20
2024-02-12 13:00:00,23803.96367078606,23947.19720333189,23731.009193111055,23840.599790337907,5293.567320550006,19500000,0.00031191404392737557,3913801095.6219707,23840.599790337907,23846.461250473476,1.1711855688719779,3634.7057731684927,2742.1881535212456,464891695911.5892,257799695884.4934,0.9873217564033703,901130646.0452763,216057.04406868186,435909.9189652539,22713.890093288057,13
2024-02-12 14:00:00,24043.352191582246,24176.15149999207,24030.824276334308,24039.217759563053,1927.1691545483143,19500000,3.843034841878979e-05,3686630098.6414266,24039.217759563053,24016.937728471206,0.9368519217881325,801.3844128166484,781.1510774616698,468764746311.47955,211129397088.71198,0.9830298292839983,255547144.62018585,236610.503741367,488582.13774841797,16026.747915275088,13
2024-02-12 15:00:00,24301.058618565716,24439.38389137562,24232.712871293254,24339.71220112594,3358.628734841272,19500000,8.759881571082706e-05,3304367421.0084715,24339.71220112594,24331.51527713944,0.8311484602965892,2243.9036004907875,1504.8977694496916,474624387921.9559,226956584928.39703,0.9515190575408192,450886920.82781595,229155.68826414156,441484.8945341769,23542.422877931785,23
2024-02-12 16:00:00,23285.910027425834,23466.21426743427,23132.195629124893,23337.236000098732,1950.9744138094316,19500000,-1.3511994050786251e-06,3529792755.4645867,23337.236000098732,23332.100000699553,1.2017385472460425,815.7574212704542,813.4735340559306,455076102001.9253,310045031104.7354,1.0007266736755889,304285284.0509502,240563.02181889684,348573.58504847396,23859.5784199299,17
2024-02-12 17:00:00,23180.929085747677,23281.14845351199,23137.104598045,23170.07166614529,2713.1795201689,19500000,0.00028637548326851674,3118244517.539199,23170.07166614529,23143.50036906638,0.8952164891040162,1403.6341462432804,1488.3750848162224,451816397489.8331,214703862989.40128,1.0143796110863585,359183975.1800888,121992.4330220276,689430.6572448432,19070.227567276812,14
2024-02-12 18:00:00,22190.383685525652,22373.834898170862,22158.982835728933,22183.68769349185,3501.321278997733,19500000,-0.00011610441120780451,3595071257.3031993,22183.68769349185,22194.499003488716,1.0380143519305463,1457.2550405478796,1247.4484469835252,432581910023.09106,272451682278.56012,0.9953470074430338,448269471.37336975,191349.44099547472,582420.5108289645,40539.79056053758,14
2024-02-12 19:00:00,22227.63472251934,22429.69526264144,22172.52032099158,22201.912387369637,542.2048932141972,19500000,4.2668137066027025e-05,3528467947.9112434,22201.912387369637,22192.907009683022,0.733457981611568,379.3757199357599,314.97966441668535,432937291553.70795,306231072967.2958,0.9997312631080875,326836155.88339335,220704.53454241497,474911.5623072439,25057.497496835327,18
2024-02-12 20:00:00,22299.136786485793,22506.98932832289,22184.85728117389,22202.075362338175,9952.927617805011,19500000,-0.0006065509655534899,3423888203.93031,22202.075362338175,22196.403472134945,0.8922917866049973,6711.42680698277,4718.955179008623,432940469565.5944,291079026546.7376,1.012553107837274,610367776.7432041,230903.8872622914,372809.1910230841,30901.0891845803,12
2024-02-12 21:00:00,22686.06456440338,22814.081165992313,22475.17994594737,22673.49032139911,3956.8531873923703,19500000,0.0006169269684317528,4069426898.001714,22673.49032139911,22662.86280620983,1.2237002547484452,2276.9303579718817,1913.2468792390855,442133061267.28265,253798365570.34305,1.042333590854909,832930070.7343464,134231.37871895882,422951.63971006934,14230.40431299051,14
2024-02-12 22:00:00,23243.343637427457,23346.11374602686,23001.584418369832,23220.81564885223,2213.097423366475,19500000,3.385762522410449e-05,3268208036.0387177,23220.81564885223,23291.85022751069,0.8665331498848505,1029.8723489695553,1007.0487811968898,452805905152.61847,232099823476.01868,0.9874070641143089,679366466.1533874,191826.2188957927,385198.81774978695,14193.614456167854,14
2024-02-12 23:00:00,23267.25844411486,23481.95496443715,23256.42494060757,23317.51053940029,7814.098472649239,19500000,0.00023667413120097308,3793335075.0734673,23317.51053940029,23304.39175470648,1.1769198914125985,3774.469908978358,3644.0965641045937,454691455518.30566,330452128904.6974,0.9648516365699833,730942420.9404094,165843.65169238168,451132.53666574723,25286.31914478321,13
2024-02-13 00:00:00,23028.216059278948,23281.18849655998,22853.185087219492,23087.639369055865,2505.602277492261,19500000,0.0005373360084134207,4270243348.630069,23087.639369055865,23042.18726551038,0.6273793237387267,1340.1539755441815,1253.559396452067,450208967696.58936,279093500275.5037,0.9972867955901916,279386232.51342255,258271.0924667946,470703.9574413068,38424.75939951434,13
2024-02-13 01:00:00,23388.893269066768,23520.56858478747,23143.218099593752,23315.085660790883,3185.166022158139,19500000,0.00019008803123235393,3907569601.1561174,23315.085660790883,23280.11461840262,0.8941530407584707,1582.4989498334426,1581.4686180063259,454644170385.42224,259886436624.36383,1.0565068379010985,440214026.85123277,115056.327744284,413236.3156820376,16269.041173622894,18
2024-02-13 02:00:00,23029.904896550022,23234.022159511253,22800.317604157586,23072.5189059135,2336.576481113447,19500000,0.0005333031106280294,3575879144.594289,23072.5189059135,23092.345181921544,0.9663096676878072,949.5710634933664,851.0842597397749,449914118665.3133,329614871215.7703,0.9651729832471484,584909929.6555821,134279.34922031287,330749.79078130826,22994.56112107464,16
2024-02-13 03:00:00,23026.00726401765,23247.17750504474,22945.90654018037,23074.18357831878,6808.968496455212,19500000,-0.00027252134364541005,3273987535.7445817,23074.18357831878,23107.328551428247,1.4169519644574398,4064.1153440457915,3232.435560873083,449946579777.21625,231499910433.72125,1.0195040708674086,687433988.1411519,103501.5165005467,677667.3397260779,15206.391723811736,20
2024-02-13 04:00:00,23534.2998236374,23695.337287290065,23467.107281509532,23536.14029902799,2828.5164960407024,19500000,0.0008192129768793107,3214812992.8667974,23536.14029902799,23522.447038706257,0.7915101499905292,1651.9338821741537,1149.4749700380485,458954735831.0458,267425839104.41428,1.0347373968785534,978313958.1085746,168746.7031674198,463937.6046208722,17754.836208366683,18
2024-02-13 05:00:00,23273.172372125457,23451.051534544884,23167.725789162105,23277.371256706905,3212.2986505569143,19500000,0.00042613305954662965,3468804560.204902,23277.371256706905,23309.469580111323,1.1436199875847854,2156.3942757129826,1577.5890726754078,453908739505.78467,219053503847.3389,0.9290339734181722,744047798.9629132,286633.6123958228,484715.98479973944,23340.221493027682,18
2024-02-13 06:00:00,23615.15405026461,23707.217803601234,23412.8725026245,23657.856789626894,5441.940993636491,19500000,0.0001627607477459923,3393202291.730839,23657.856789626894,23677.767005318754,1.2353895633479426,2955.2798621039055,2526.9673361184355,461328207397.7244,224880929399.01923,1.0123066757082546,694425504.5020704,160960.55200894715,406572.73537882185,19000.42518376661,11
2024-02-13 07:00:00,23968.324966448814,24102.47821815137,23793.693274520443,23982.95328336296,3994.0847326293674,19500000,0.0005275237997876336,3384378922.9319215,23982.95328336296,23980.807285561732,0.8656298130247848,2010.6729335075852,1413.5224837890871,467667589025.5777,266373580072.5085,1.018102319112193,1391207945.459983,166918.06305913505,323708.20169721934,14888.476881101104,9
2024-02-13 08:00:00,23589.535328974805,23728.305147492625,23420.695793361425,23531.6767849049,2901.044047121226,19500000,-0.0002505904657968116,3492539376.297659,23531.6767849049,23527.90121481387,0.9280174061408559,1605.5977823996323,1509.7618514447713,458867697305.6455,302805924721.6197,0.9919799439586043,504220198.618671,186756.27297449557,435103.796312645,14788.789297424904,17
2024-02-13 09:00:00,23958.233811225866,23997.51116094145,23899.640873416054,23996.916533941923,5193.668082613541,19500000,1.3415536369151872e-05,3555708697.1973724,23996.916533941923,24003.65655332209,1.0287307437838658,2380.821581063553,2270.1732714338846,467939872411.8675,258147539281.9393,0.9806068431673085,432190328.6245901,158091.20285731042,414718.64200018457,12508.923769710631,24
2024-02-13 10:00:00,24269.136359214834,24545.287250586593,24092.69591761346,24336.971895381605,10606.704866542661,19500000,0.0005332751189207138,3726804331.554373,24336.971895381605,24360.760210254335,0.7435665608340905,6233.158514792695,4936.70479883696,474570951959.9413,311735878280.3292,0.9822801294242806,520834640.9169839,178350.59105269788,509867.8615572988,25411.9582882172,10
2024-02-13 11:00:00,24435.05059958053,24584.110396888886,24180.661452518845,24389.072631017214,3493.6601680951094,19500000,-0.0004601180542684894,3246931724.022344,24389.072631017214,24401.201184296522,0.9129988642423076,2204.534030456275,1753.0937257908922,475586916304.8357,328895528030.11273,0.9901429451237314,336456321.99751586,179521.97760599252,530309.2016068025,26351.337392875117,14
2024-02-13 12:00:00,24046.10019297681,24077.152444682495,23926.369763334522,24022.447839199947,3160.166654437248,19500000,0.0002681373324876415,3394493837.64177,24022.447839199947,24008.59149185677,1.2907486620242958,1409.5560385776998,1567.0050791980432,468437732864.399,334124162414.6023,0.9909371190493667,498469775.3363829,131743.32974185108,515558.4164202754,26311.622243835856,18
2024-02-13 13:00:00,23586.223498005274,23808.318311361843,23428.529440478804,23615.53125176173,3246.4375699540046,19500000,0.00025965284795354617,3539411238.2246013,23615.53125176173,23613.77881292358,1.110189767221584,1608.6583997938544,1703.3364686146947,460502859409.35376,213404324580.64343,0.985276688717297,243167027.8253636,158972.7880335783,539098.9788073795,16768.329888822653,22
2024-02-13 14:00:00,23291.348830643354,23532.8267947131,23198.134052728947,23365.284395228464,5740.001498726518,19500000,0.0006907677450466487,3529285164.9077153,23365.284395228464,23413.913707749434,0.9691360660619254,3790.354276138447,2078.0270193006927,455623045706.955,310789362527.74664,0.9896657424195267,392557030.54094857,195924.22016156747,634589.2140265129,29785.750505360695,17
2024-02-13 15:00:00,23587.404936776045,23801.71474617312,23474.540751925713,23622.58479352947,2209.2340096950943,19500000,-0.00037488662591667087,4152240464.990377,23622.58479352947,23630.88137123676,1.0228721180556786,1218.744983496779,735.9342232919591,460640403473.82465,227622063528.00104,1.0357237547153988,463291242.2241395,205282.84300220682,478288.9601209918,27228.883990032067,9
2024-02-13 16:00:00,23175.16703517731,23268.569318524336,23053.518177837774,23177.7028815445,2593.701331759989,19500000,0.00058288931710949,3652142166.8691053,23177.7028815445,23200.16961828431,1.1231992348950035,1451.3081583338915,1298.8059857338255,451965206190.1178,298061421195.29846,0.963567136632546,709346099.0247779,225173.25656603448,551194.5792394412,22074.719572489743,15
2024-02-13 17:00:00,23438.25718174294,23638.467362115007,23202.347911666424,23383.74163178848,1381.988282222404,19500000,-6.784122294467081e-05,3150770348.747804,23383.74163178848,23398.70453700438,1.1670533054333512,852.3032118817051,512.4350139885767,455982961819.87537,256033858377.41382,0.9475282473018523,756668814.0767976,176991.85909695373,488342.41788378544,21014.151632811507,13
2024-02-13 18:00:00,22765.143044857356,22906.886747981625,22542.612409298363,22812.43696678259,1649.2337559191697,19500000,-3.4102837973556437e-05,3706873029.313364,22812.43696678259,22820.9541667836,0.8946856696626052,945.617603817519,551.4731921172669,444842520852.2605,294636100820.19226,1.0362035532170295,329983487.7657984,177894.5837670144,302547.30367248243,18128.94949738155,10
2024-02-13 19:00:00,22717.95185354578,22851.422647301068,22617.000962664177,22721.792740006007,2301.0020907255575,19500000,-0.00026660131608793793,3744871338.630362,22721.792740006007,22726.534753157215,1.359265103542579,968.4317938332402,780.8939508184757,443074958430.1171,227805781767.5723,0.9942394672197825,1113098465.1719365,196328.8260307745,428950.1297408142,23333.574083597403,13
2024-02-13 20:00:00,22804.703992496114,22804.8504679536,22695.9939104202,22773.952567574717,2898.7401860087507,19500000,-0.0002263556112400775,3549206015.2423687,22773.952567574717,22796.66709436721,1.3011775214747463,1858.6389110604312,1141.6399426034366,444092075067.707,285772013807.3147,0.9883530312255239,514831073.07632285,140267.61976362034,371928.79313134117,35781.072862664194,16
2024-02-13 21:00:00,23803.821686690768,24071.969723644732,23714.892749672566,23917.73070866351,7219.504948779691,19500000,0.00022105670423617672,3253275806.2676425,23917.73070866351,23937.310773194407,1.1450536892374925,4886.527780860142,4313.914935092045,466395748818.9384,227439857955.29605,0.9966634862880199,534059592.1113699,138836.9132083413,463372.5560220476,30988.051840896132,17
2024-02-13 22:00:00,23318.316771845348,23485.78327803245,23239.04768242524,23270.20394192479,3897.1328787572306,19500000,-0.00023369957443440664,4126289341.89094,23270.20394192479,23278.67181737125,0.8448535559864562,1621.1416884162036,1352.9991805240718,453768976867.5334,227303618636.80453,1.0062783010233738,254019757.1479074,157755.324969981,377678.26755450555,20396.872778529443,11
2024-02-13 23:00:00,23911.184754364276,24103.790404016752,23840.183184157402,23967.8663890168,1889.2982539585491,19500000,0.00032208530009587464,3290841969.9937015,23967.8663890168,23953.635168137662,0.8154258544957177,824.4423875338648,735.9968579555496,467373394585.8276,296472974305.99335,0.9842784631864491,378594793.23044944,118331.53412678516,499386.7766514916,25889.336338724534,14
2024-02-14 00:00:00,24058.170093368393,24177.633058186366,24021.422419663355,24042.206285089567,2071.4616689053505,19500000,-9.888981409092601e-05,3779515926.1540356,24042.206285089567,24053.88019005611,0.9367669384563561,1264.8190847306037,1193.6181515343858,468823022559.2466,258336228739.85342,1.0151779338294191,738350738.1502287,180182.44374737976,538318.4721238906,15828.55688059297,12
2024-02-14 01:00:00,24255.1159959146,24451.567027106594,24139.420169646157,24243.155240132324,5927.597944897305,19500000,-0.00026391014175459424,3642747502.7750707,24243.155240132324,24243.955071850225,1.0122271675403434,3445.96270999405,3491.3102520821185,472741527182.5803,312545223556.59174,0.9711321227857331,519257978.0076812,211561.39288646175,562819.3634567765,27419.78612772018,13
2024-02-14 02:00:00,24355.7534076613,24521.70686644115,24262.363026311923,24303.035923593332,5235.958359748819,19500000,-5.8342743907968325e-05,3761429257.976113,24303.035923593332,24297.974672698612,0.7020867036487699,2695.2362674531705,1930.2518008929383,473909200510.06995,310670148305.617,0.9909452146645245,506546098.07921565,136283.02776850725,611611.350953524,17166.97668601891,14
2024-02-14 03:00:00,24549.63671093885,24617.902877477547,24437.668498483927,24522.6164963166,3023.211497483714,19500000,0.00020101215752689174,4109423688.8574405,24522.6164963166,24590.759353879872,1.1039985414559426,1698.3634136372127,1705.501864259342,478191021678.1737,304363897628.1649,0.9335591123414574,531316723.89183855,181459.41474666112,316410.33642217866,27094.24623796447,18
2024-02-14 04:00:00,24333.553295668244,24684.29338947422,24140.447631077473,24449.80185863467,2389.2547285318315,19500000,1.67940214206942e-05,3749660388.5386286,24449.80185863467,24414.617339296805,1.2936820472271187,1459.8383912193335,816.3495253084093,476771136243.37604,319037204484.3602,1.0351671140459133,272382606.65107393,139067.85205148972,348084.3077310983,53676.0216808933,12
2024-02-14 05:00:00,25134.27177142196,25351.829409356935,25072.459647361815,25173.783497143875,5231.568507104379,19500000,0.00011026303549983952,3428219481.827875,25173.783497143875,25200.43027068673,1.1222042459992356,2884.388354007265,2764.6795240432334,490888778194.30554,337820120263.87384,0.9947173691032111,466774382.8415795,126229.3948238236,794575.3001507181,18564.311319791308,10
2024-02-14 06:00:00,24954.39763934325,25200.931848097924,24794.849471642752,24947.50189389068,1814.0849080031956,19500000,0.00030886223855082517,3916559324.609555,24947.50189389068,24928.475159064492,0.8735319609427141,801.9280204012134,551.304844774342,486476286930.8682,351930073402.66174,1.0201031227521147,852200292.3804638,272090.5681349436,541395.1749616025,52936.10995239535,9
2024-02-14 07:00:00,25511.47493274899,25769.307013074,25281.57026087879,25521.427262711586,3626.4707133212837,19500000,0.0004247264354850845,3408411023.050629,25521.427262711586,25527.327701576334,0.8530981450106191,1547.8894274388012,1530.319467067555,497667831622.8759,235971565711.14563,1.0142972375279875,749324767.390622,126682.81427092559,462725.64322729065,25519.308643884633,12
2024-02-14 08:00:00,25221.222612505833,25452.982879303723,25054.30373161224,25197.153750524674,9286.61593171127,19500000,6.97140742317072e-06,3632128368.8658977,25197.153750524674,25264.39456053992,1.0618051897379088,4937.300129275833,3475.0569008658204,491344498135.23114,305353263308.65497,1.0164944134111396,461466593.79942787,118204.34824710345,445257.2580395432,17590.46565374121,27
2024-02-14 09:00:00,25209.060990999747,25399.483063535892,25120.549050488866,25169.32534368959,3303.3019599742406,19500000,-0.00021326660467284753,3232602286.802675,25169.32534368959,25147.62009789255,0.9698045301822839,2235.8908928194173,1688.655903895093,490801844201.947,331111145141.85236,0.9997667341427696,906831732.3408786,171730.01619172198,437410.7528921773,17350.266577938964,14
2024-02-14 10:00:00,24667.902815020367,24818.236259367393,24552.977621617018,24637.920843581778,2022.7136104100775,19500000,0.00012282834367675487,3300492384.8310094,24637.920843581778,24622.54991849567,1.0926525092923534,1147.5537026498823,616.5571697498225,480439456449.84467,247465926059.60413,1.0116468217821752,293198554.3269779,174055.65260496203,300514.3208296537,44778.64731522627,11
2024-02-14 11:00:00,24854.99122316246,24908.458743642535,24708.255008532604,24865.6473934961,3659.8752874065117,19500000,0.00024119487583122153,3599680518.59211,24865.6473934961,24867.698467822895,1.1278850868439456,1857.262348378049,1608.4072657372933,484880124173.17395,256543451640.32895,0.9711614676216417,328918623.798483,192299.2507469338,379091.9925716871,25537.33059206642,16
2024-02-14 12:00:00,25502.85071161825,25736.457159219666,25373.65042895687,25597.37346765988,2356.6482146747744,19500000,-0.0003382175917915851,3692047195.5048285,25597.37346765988,25578.246676134022,1.2440573639812176,1585.10951748962,1199.5780280856068,499148782619.3677,264593430422.05634,0.9648646433131081,1022430988.672766,268419.6823051689,432626.68731062574,18585.81888092518,21
2024-02-14 13:00:00,25537.073166880502,25755.990670999105,25499.12001054997,25560.35769416793,1484.6614985125266,19500000,-0.00016718248910227549,3128466390.023103,25560.35769416793,25585.510526489183,0.7973793940539831,766.9607592138436,466.2007276859942,498426975036.27466,309871996271.9936,0.9969668219948423,611355540.5488961,134016.41161887406,383397.6671385777,20722.21965178285,9
2024-02-14 14:00:00,25483.655847055437,25616.38929283472,25348.687032482332,25462.45233880067,4232.372601249636,19500000,-0.00011575606878888227,3730406289.391313,25462.45233880067,25451.388153745105,1.0453207640593702,2339.4183252786506,2409.151363335889,496517820606.6131,277976083060.43207,0.979606708588127,432219908.07542515,140841.55167628205,393553.6987260285,25065.125415925784,12
2024-02-14 15:00:00,24849.292824016396,25119.827801868785,24714.344590768444,24903.604959229186,5213.033444143994,19500000,3.765334338388705e-05,3357443579.400467,24903.604959229186,24922.382517442915,0.9298844007846908,2267.407849693971,2128.7902826519353,485620296704.9691,315569871116.6772,1.0427639251974827,474547641.039228,243336.7034917654,738034.8202617906,21968.915413073955,14
2024-02-14 16:00:00,24823.442542832992,24850.66291196367,24725.863734149825,24792.141238294313,2551.780587194279,19500000,-0.0001283101710880357,3971362378.853762,24792.141238294313,24761.66700773015,0.9804662954590774,1585.2178602042304,892.050818890962,483446754146.7391,306056557415.71375,1.0112543328792134,351369015.2767144,205824.87016765197,420697.5271781486,24434.94952169148,13
2024-02-14 17:00:00,24060.848367968596,24152.50584748499,23870.121863774235,24017.214215144453,2468.5400029910256,19500000,0.00031211221752906987,3485379762.094886,24017.214215144453,23976.220877328058,1.1887255543877646,1506.0337603730618,907.5324392089288,468335677195.31683,303075729342.7042,0.9785055582963839,541924386.149824,198793.19345020605,467719.4838240677,37499.51464205777,23
2024-02-14 18:00:00,23591.039889431082,23710.402157247838,23568.508261617153,23585.055560061734,1843.1241242753867,19500000,-0.0003815399604375252,3276724782.137521,23585.055560061734,23582.01344216671,1.2148555424368803,1176.4167288501058,740.3309452411844,459908583421.2038,241771773855.22537,0.9918537868448326,525024443.50257885,140439.60618443432,464402.66018131736,15703.027397774173,18
2024-02-14 19:00:00,23549.452766977258,23797.081043886177,23470.183652597425,23694.643107964537,2765.653407456461,19500000,-0.00037391560915832735,3606719118.585369,23694.643107964537,23659.847338840988,1.3227180259139646,1376.071302199605,994.2870551297417,462045540605.3085,314288649928.54156,1.003990197459643,489039530.64913875,215662.95082415256,497769.252246356,26725.91835187849,15
2024-02-14 20:00:00,24268.271753235575,24356.88433258315,24073.0876658088,24330.464720873813,2250.293224119954,19500000,-1.666434534386955e-07,3331542343.4569726,24330.464720873813,24369.83795556474,1.0888455974146913,1194.4915709140853,1019.7735403304835,474444062057.03937,308014145142.7625,0.9979599113155325,305083941.24880105,198947.39162148617,402135.1265537199,21549.991877019253,20
2024-02-14 21:00:00,25836.255445522238,25875.92140775276,25672.419881917845,25739.157605470627,1798.0960905946133,19500000,4.730415875804301e-05,3967950737.3699884,25739.157605470627,25702.355668083925,0.9782369499781469,810.0468082521638,880.8504514822096,501913573306.67725,245533552166.10016,1.008152380988028,539364657.3815936,170652.4510115013,567727.1710270547,18963.7851800661,14
2024-02-14 22:00:00,25413.692394861977,25654.604298743347,25259.89461175728,25441.50187943901,7677.769967794639,19500000,-0.0003363931618574311,3585064909.1802835,25441.50187943901,25417.64572181231,0.9506819651325945,5292.681958563413,3301.663992275097,496109286649.06067,253041462296.6282,1.0020596363338692,392558224.5671186,140613.1873634649,483454.4781260667,30383.41715797516,10
2024-02-14 23:00:00,26081.117759503322,26311.863600254834,25974.177427021583,26185.02744902418,3764.033528617267,19500000,-8.20246527942694e-05,3541675900.029498,26185.02744902418,26198.476599823698,0.7068399622288382,1602.812817956219,1611.4190575860064,510608035255.9715,275876182476.0082,0.9582802975458976,327045249.12071407,167154.5125674851,342000.37935014116,14208.168285700936,13
2024-02-15 00:00:00,26380.6364632652,26393.48974954292,26232.345391275852,26315.623851995337,3968.7146440467545,19500000,-2.031314522572677e-05,3758719137.960622,26315.623851995337,26302.824881230335,1.307277864191642,2360.2104383613128,2121.31709214289,513154665113.90906,375019819247.5698,0.9354728629748826,805277097.4722152,245762.7016986128,433002.68165067455,10829.942087384876,14
2024-02-15 01:00:00,26239.465219222035,26243.792437385688,25998.382716049906,26238.764350783473,4636.429220778785,19500000,-1.798938410664366e-05,3307982106.269641,26238.764350783473,26201.54760308413,0.9376489228086756,2835.5344860112164,1809.6215714038508,511655904840.2777,280338807605.2025,0.9887917286532403,1155603485.962505,123810.57577161472,427440.482680049,23561.27855727437,16
2024-02-15 02:00:00,26527.905176917087,26653.508282594168,26378.55157448665,26469.410929208003,4383.128896988766,19500000,0.00014556444498678743,3233618764.5061865,26469.410929208003,26526.05451993472,1.1064751388747691,1960.6653475261214,2133.841490709479,516153513119.556,235347278410.3898,1.0168147811529507,1055254758.028476,133259.0467769862,423524.61278174235,21132.049021096787,11
2024-02-15 03:00:00,26519.54094442144,26563.13342794689,26442.12882788071,26504.85944290507,2424.656208429814,19500000,-9.847366532706856e-05,3703959154.828165,26504.85944290507,26480.961765683354,1.145451984208932,1235.5974371020395,1376.9052219739376,516844759136.6489,254539697691.8436,0.9891289289630927,629256238.116663,139114.05166261387,489852.3805160297,14678.598459961284,20
2024-02-15 04:00:00,26590.465292342098,26777.96156228032,26324.535129423693,26566.10103565523,3416.173388868241,19500000,0.000543350890002482,3283009415.3076224,26566.10103565523,26563.543841015806,0.7795307820293664,1410.66770446547,1251.8714604483846,518038970195.277,238117414105.886,1.0370969234021568,436267422.81503826,146868.76486516048,502296.0861427268,13184.98882383314,16
2024-02-15 05:00:00,26371.795788183204,26581.53686757653,26156.08706296657,26352.66326724737,2605.7732883438744,19500000,0.00024646139192007166,3282920264.2331085,26352.66326724737,26349.785753533717,0.8313791933709869,1477.4277942448184,1266.3282156199418,513876933711.3237,293347558837.7667,0.9985933990210331,471701895.6263263,162115.7440212352,490573.609253868,39308.26233532606,14
2024-02-15 06:00:00,25664.30597594818,25722.896741739627,25453.819328331017,25628.55474118138,3711.650043503543,19500000,-0.00014213405619239653,3833102952.5154448,25628.55474118138,25649.321793639836,1.362612729541788,2592.5186777298086,2169.056862655204,499756817453.03687,344405421861.0118,1.0407158819275593,570623913.5717779,206827.9892616916,473441.23283059493,25308.724429625552,20
2024-02-15 07:00:00,24965.10785782605,25112.945470824965,24839.600481180125,24851.91086082755,3536.332467596323,19500000,0.0001283534480102719,3738704989.049487,24851.91086082755,24865.88639405251,1.0598073042305538,1870.5978260809625,1622.9593886621303,484612261786.1372,283561528529.9541,1.0345571031779293,410095615.50212973,182654.8396280943,450056.1094009107,22156.666856195152,2
2024-02-15 08:00:00,25230.149104948177,25269.11571878415,25148.207759581357,25181.24680455902,2461.8536700202203,19500000,0.0001372045955816815,3242769665.4534063,25181.24680455902,25162.945048250105,0.890370925496542,1715.9180792106781,1460.0498749015196,491034312688.90094,344557913208.457,1.031538605955234,822224495.0355804,165249.25718836495,287724.4698213834,42555.886718273636,20
2024-02-15 09:00:00,24965.624461729418,25120.814588438265,24806.25890357556,25044.782972205187,1533.5654128142637,19500000,0.00046441644234933424,3411674681.2717752,25044.782972205187,25039.1271785551,0.9750471967570998,671.4986483770796,602.7123907667851,488373267958.00116,226731585580.13132,0.96389465097379,214905510.2475841,174424.69300575522,516886.46494576207,29930.064261961634,24
2024-02-15 10:00:00,24772.562440877664,24992.73985964547,24698.616717540794,24750.45229182865,3207.087644625848,19500000,-8.011472867490531e-05,3334876471.2541533,24750.45229182865,24747.31090419251,1.2426514724397744,1660.4257004625088,1505.0482847200308,482633819690.6587,285196460896.26355,1.000514220039196,431039278.96497524,190231.6349822492,487804.90449138544,37450.78803930626,10
2024-02-15 11:00:00,24813.65819738915,24948.66883806809,24701.27709337202,24757.13860221377,2691.5304628259946,19500000,0.000330201609316172,4132322951.7222657,24757.13860221377,24778.15641017834,1.2054619999934537,1804.9120431166173,1058.6077986633977,482764202743.1685,331235435591.8786,1.0366832046244694,668420882.573529,106891.9204216554,363323.0798947158,15460.038641137618,16
2024-02-15 12:00:00,25216.9158730439,25440.30968002722,24960.401379354385,25156.40461679955,1158.4218412751163,19500000,0.00011255634273474328,3854398629.301476,25156.40461679955,25129.529478448374,0.745860754439658,768.0436947398136,348.8191513530538,490549890027.59125,320042923413.2114,1.0081703417427412,345995435.6209673,212754.89362604983,467949.8708897704,15287.369184920271,10
2024-02-15 13:00:00,25228.296096719692,25306.714220492086,25156.162104012714,25249.839511433733,3842.3171360553224,19500000,0.0005474699549346298,3466226628.6292906,25249.839511433733,25303.321463059292,1.3866028580741323,1909.9292938418046,2302.2873420973374,492371870472.95776,347539533185.51794,1.016630797149969,440728872.84070176,132375.3549474508,503625.2385784979,26505.898458204858,17
2024-02-15 14:00:00,24981.258404088014,25063.702638071358,24905.34830083586,24923.19014026747,4830.334776364592,19500000,0.00048726743579182233,3754029281.4521613,24923.19014026747,24906.761187364515,1.2131613109014998,2915.508801261411,1796.9715814264493,486002207735.2157,258626277593.23212,0.9583633808465314,615199624.9382501,145673.39979722633,559192.6986533853,24943.03154632876,7
2024-02-15 15:00:00,25591.962199745187,25712.488092997948,25535.258266007288,25544.564648340503,10553.134856945682,19500000,0.0001590937913777801,3216324565.0062575,25544.564648340503,25546.895605274254,0.9699652335109602,7026.784281369319,6246.723401013143,498119010642.63983,298998545727.1623,1.0575636979182421,890512451.1659116,177213.2042438761,489950.8155571489,32045.069433887762,12
2024-02-15 16:00:00,26502.527732212,26629.761087277253,26250.017109767992,26366.869270299703,2451.3673461785706,19500000,2.1315213695181852e-05,3397101170.2131076,26366.869270299703,26338.920667315415,0.7879312110021142,1544.5164521858835,1215.6572080212086,514153950770.84424,335775216420.9226,0.9762587679230376,289140904.80401736,159715.36528383385,471804.6781124805,13504.298719487444,13
2024-02-15 17:00:00,26591.67704179084,26897.314432287592,26427.572203480344,26631.624571125765,2277.068278375433,19500000,0.0002519817729038367,3615113399.694932,26631.624571125765,26599.71565015124,1.2346675308056771,1340.1522748751665,1300.616047520895,519316679136.9524,259942398961.7223,0.9401672457474941,280692467.1140389,183823.73403998755,534642.9733098245,27202.90980783336,20
2024-02-15 18:00:00,27130.46746501063,27189.10855374329,26894.734839456985,27158.027462587463,1711.78075491059,19500000,4.58649918618502e-05,3716984134.651794,27158.027462587463,27136.995514585924,1.0999728526150556,763.0651021659868,1010.2259410240962,529581535520.4555,367922542778.174,0.989466227865248,332313023.6036953,168629.11215693408,416104.61914763757,29637.05128134571,8
2024-02-15 19:00:00,27826.796180502217,28081.063051090103,27795.962867337446,27843.843242099698,3308.7341170527498,19500000,0.0006040921317935005,3557070927.4514623,27843.843242099698,27819.604530088447,0.7470974287737299,1395.957596684581,1556.2589954206364,542954943220.9441,295063985572.096,0.926575484454368,262296384.20883414,151397.9270831062,480412.6225466202,29168.703631796037,18
2024-02-15 20:00:00,28455.257304100225,28729.187618953878,28399.293545332646,28483.183478990264,3298.288875103159,19500000,0.0001235410234531036,3656751715.4756804,28483.183478990264,28474.2324385117,0.9546451148307302,1927.4759994654485,1978.6679143646766,555422077840.3102,265487416013.69934,0.967446245656265,269869378.8419266,238515.49180161298,390732.0700174872,19496.528160280333,15
2024-02-15 21:00:00,28786.721322915888,28997.58597776538,28634.209097486848,28838.05425625764,1986.9415632982182,19500000,-2.169278975385115e-05,3607449741.3236966,28838.05425625764,28812.7066150688,1.8686842779687771,1092.9821792985992,1053.4743758397904,562342057997.024,382229737982.5822,1.0767553549931335,328791878.6665895,194272.36233167813,552417.4787687811,25734.416835859745,13
2024-02-15 22:00:00,29026.874623604344,29288.56747702362,28921.185345802307,29188.149394379943,2731.305718489435,19500000,-3.788452582217769e-05,3538305608.4938912,29188.149394379943,29211.370097303738,1.0033058036392004,1287.5675543761922,1248.6010232927451,569168913190.4089,376508306126.8087,0.9885987766749034,794638155.9820285,175523.69574850952,320634.70939068974,17453.62901371202,13
2024-02-15 23:00:00,29470.395544957693,29649.190506683273,29328.189849423088,29496.039370540275,1108.3937415107755,19500000,-0.00026391067555961217,3500978551.9096603,29496.039370540275,29475.894050674517,0.8620912815398222,540.708759135103,550.29863362574,575172767725.5354,411308304320.3797,0.9571663849606062,428229263.6109666,193518.80306913576,520917.74793665804,20173.319135581933,11
2024-02-16 00:00:00,28879.952971670245,28964.417507275703,28591.944877078302,28858.634633082915,4737.137711294922,19500000,0.00026696773842799687,3464723991.163831,28858.634633082915,28835.726201791305,0.8173406448481915,2452.066370488761,1697.2283652933618,562743375345.1168,403837264897.5295,1.0007589365969836,491292407.17623854,136443.73718242274,443983.10654551827,16108.769598046336,12
2024-02-16 01:00:00,29239.974851400606,29502.736456605315,29080.64866884319,29268.84692078881,2027.7059723750806,19500000,-0.00014600336079185073,3652051862.460986,29268.84692078881,29260.272059952404,1.4253534195447122,1112.5135663355904,615.0230654281894,570742514955.3817,304524083761.5249,0.9730658876490408,331061361.1566615,280321.6395191083,536637.1603921275,17542.824435256895,16
2024-02-16 02:00:00,28598.970371244694,28741.473080210348,28370.434938912204,28488.697393487473,2929.748389091465,19500000,0.0004294444756563241,3704689354.1145225,28488.697393487473,28519.830949602492,1.1847738327299195,1514.9075314411677,1104.6229699738012,555529599173.0057,356877121260.2252,1.025935575990218,625095396.2328352,124006.67821743965,378469.6357005231,20490.390548312458,19
2024-02-16 03:00:00,28043.08810108513,28302.72283898474,27764.875840783374,28042.337922964784,1460.6740545384193,19500000,-0.0002878805162004719,3642254639.8183436,28042.337922964784,28051.16778702906,1.3250998601953214,753.9816909017995,628.8074120198717,546825589497.8133,409975321682.78723,0.9733136566184188,1027408666.294934,167425.23369115771,450447.45662399067,19009.972249719627,15
2024-02-16 04:00:00,28860.257292769296,29039.967616890255,28767.15741053697,28785.93034785013,2227.918900542753,19500000,0.00013817243469197511,3262345447.3061924,28785.93034785013,28785.939285021166,1.050889613932028,968.5205555371547,820.8004707389167,561325641783.0775,293652998988.13336,1.0081220113040548,340167277.21133167,151507.9579607214,447810.76291254204,17542.16283563345,20
2024-02-16 05:00:00,29291.982554591723,29442.636883922565,29003.783683703186,29276.675513399576,2592.0501965594776,19500000,0.00044506712754923604,3309575505.0694304,29276.675513399576,29237.64839422437,1.285057991712932,1709.91622275742,1177.3371140919687,570895172511.2917,337891729812.08246,0.9655882288938262,967184032.7866236,150075.8941529946,482519.5475560555,14914.972965060975,23
2024-02-16 06:00:00,30213.551758538553,30428.391065841693,30012.377002748573,30163.696759547565,2964.1766303297513,19500000,-0.0005456741193870908,3701154165.1289473,30163.696759547565,30132.24481775562,0.8439482698516263,1727.3627401748822,1474.3317842323386,588192086811.1775,425292235074.003,1.0779708443437166,561302061.8577864,145282.55943282635,358788.23180545616,39669.136116979804,16
2024-02-16 07:00:00,30020.00361941137,30171.284313572734,29852.104052732917,30003.24731260612,3789.0335204561907,19500000,0.0007054796631376557,4032828646.374565,30003.24731260612,29967.89118773948,1.0330526905887698,1681.6892306431466,1882.1575191615666,585063322595.8193,281370930437.1796,1.0151087116008195,488448891.0499046,134198.12070731263,502445.7825226263,18955.15332917491,16
2024-02-16 08:00:00,29402.93418801034,29668.885594950545,29052.3168918222,29322.661371506674,6121.347565707629,19500000,-2.75855591594328e-05,3628892117.7747436,29322.661371506674,29363.91399353851,1.0590906928046653,3226.943789549839,3477.717086060298,571791896744.3801,416536084407.901,0.995634826075526,569374833.1455909,219056.62810641096,305841.16403391457,24318.427421860913,14
2024-02-16 09:00:00,29188.178202908857,29242.014618660578,29036.85097053278,29184.913032771412,4299.936230195865,19500000,0.0001423286146486418,3468772170.735015,29184.913032771412,29203.31596268168,1.3184929586537248,2257.5300464288325,2536.514016928246,569105804139.0425,339441266518.98474,0.9912112524810615,567193231.3050851,120430.04228295067,387097.38786218903,12994.850117198455,17
2024-02-16 10:00:00,29276.47446436395,29561.43664321004,29119.23101743219,29247.453929257594,4822.666508334873,19500000,0.0002714347676549031,3649832950.2381334,29247.453929257594,29225.178468511258,1.0658457420774075,2798.044861802797,2735.4574555219465,570325351620.5231,409443548755.37415,0.9833920005025191,1019768795.6579715,208124.34127586646,323661.66280793666,33100.20450923567,22
2024-02-16 11:00:00,29318.0889742044,29556.207722836214,29216.794378329992,29296.62433752518,6142.898971871112,19500000,0.00031783871683466604,3273266608.9276543,29296.62433752518,29283.01981592302,0.88240658510717,3579.2269535955093,2985.771327607066,571284174581.741,363571774624.66125,0.9771725956057745,597394521.2592121,191402.61754290762,522115.3815737148,23159.218674892956,20
2024-02-16 12:00:00,29954.188706905683,30229.443820503435,29756.84548934046,29971.469384470183,3963.38580720192,19500000,0.00018216518147790465,3980667885.227798,29971.469384470183,29949.73137215823,1.012897228783799,2352.533600940193,1433.672561141791,584443652997.1686,380724517005.0219,0.9763480982145644,602406405.9595352,147971.83300209598,479273.2415976757,19280.271251416903,12
2024-02-16 13:00:00,29782.77293521723,29926.59627841868,29589.150665531037,29758.669465280902,2926.745700111971,19500000,0.00039921537511191025,3638828155.864146,29758.669465280902,29735.283281097047,0.715135931413784,1783.4737116975843,1706.3961970434625,580294054572.9775,395700035304.82684,1.0503498655138586,409890279.9681651,185934.886894829,484662.3439304967,19330.85259935031,16
2024-02-16 14:00:00,30105.865104694796,30357.91187379279,29907.683921370157,29971.92738007465,4937.211381531699,19500000,0.0002557212138765438,3397967932.3656325,29971.92738007465,29988.72068189324,0.628641745432657,2127.9687844753394,1740.160233826791,584452583911.4557,274775021490.31433,0.9834215812683629,678660020.9367586,156455.24061188332,594001.9488607249,28590.30511449288,11
2024-02-16 15:00:00,29372.172321023107,29478.220174674938,29163.8023371437,29388.06520695523,5097.495618864865,19500000,0.0006282643420096911,3537394806.20778,29388.06520695523,29382.553880270156,1.1808898613044194,2505.300122000309,1760.8188113364406,573067271535.627,365806318954.0017,0.9361174328008474,330878306.1325093,123592.90449662668,415322.9403722818,9082.19671569532,12
2024-02-16 16:00:00,29681.785362900067,29907.94518583801,29465.889072349637,29656.9053016906,4122.779781097842,19500000,0.00025669826285637916,3436904681.6974573,29656.9053016906,29721.591986930336,0.9277910091078757,1670.5682838785074,1629.6144555849598,578309653382.9667,420535892353.82306,0.9650209683736032,506787122.0819682,123920.01378505041,499776.92921448196,17201.330223510748,14
2024-02-16 17:00:00,29736.330943796074,29778.09566770572,29543.859136737297,29661.71518179139,1440.4145044793197,19500000,0.0006893906559649262,3981536345.223237,29661.71518179139,29701.76917029915,0.9490598084113322,772.627470293426,679.9932824642976,578403446044.9321,426189127755.3452,1.0278317385999742,1537330676.250536,191733.2532648503,448293.9656051112,21253.457111484513,13
2024-02-16 18:00:00,29289.78459327436,29379.719438049302,29221.854940785677,29223.1410284001,1957.1995381746558,19500000,0.00037032365207129674,3527378483.7852354,29223.1410284001,29264.330471166315,1.1807966477244833,1035.0239202721857,987.2932376327817,569851250053.8019,421972818119.97473,0.9924302783022599,178183420.8901163,189262.94696372357,434848.55023354926,21180.08591631946,14
2024-02-16 19:00:00,29089.22241124765,29218.882577051943,28958.63684425449,29088.5407842583,2598.1968079135268,19500000,-0.00044172503773047875,3629748720.00946,29088.5407842583,29110.978433083303,1.3223389190726529,1611.656488952589,789.8201399284748,567226545293.0369,365152011265.00867,0.9959775519959089,532588052.4194427,172905.91015297602,574540.0958373372,46704.39679931931,12
2024-02-16 20:00:00,28846.325509501512,29077.91083294817,28844.577965314373,28984.488112558458,4401.98348496633,19500000,0.0008833308035163524,3753288089.207974,28984.488112558458,28975.13600456493,1.112820285792692,1981.4872056942736,2348.0474028037975,565197518194.8899,361718529647.3918,1.0350944335425727,540848179.6701599,147579.2893379713,670900.3348660175,19904.914875078935,12
2024-02-16 21:00:00,28860.981554490965,28972.678492843985,28809.564288184745,28831.18724306402,2949.3107868595393,19500000,-7.230323254316563e-05,3378638557.6341352,28831.18724306402,28851.3053827124,1.4705177740874587,1738.466339016499,1039.6493492681504,562208151239.7484,346173777203.1087,0.9766850023248309,442860058.47117746,155187.9305437533,405836.913674324,29645.573383631512,16
2024-02-16 22:00:00,29741.27127936751,30118.87700069193,29613.202420114863,29873.879894228383,5262.883327801458,19500000,0.0005486632045605206,3640900060.112795,29873.879894228383,29866.446296198275,1.1057654684948761,2589.382065426595,2046.9745529325085,582540657937.4535,368320656143.55457,1.018972531663927,447055048.3081852,150033.17431249944,522690.04454307735,37929.98184207287,25
2024-02-16 23:00:00,29905.761612530187,29982.522492951062,29793.673188320445,29818.100141422565,5753.814553068231,19500000,0.00010803803293583152,3664489403.0924892,29818.100141422565,29869.693685975486,1.062306717913138,2960.768792472262,2282.1125529904043,581452952757.74,368429162158.1566,0.9799635055063722,503233034.10823464,105162.701317679,471570.2594291049,26935.06439147772,15
2024-02-17 00:00:00,29686.02999263798,29907.274384933273,29594.164993872102,29675.97138913251,5429.407192621203,19500000,0.0004183270772807738,3165806550.3712783,29675.97138913251,29690.936369676027,1.049252246729278,3343.353256283734,2170.3175670600526,578681442088.0839,267768912335.0146,1.0172762991025701,438643991.9729526,165266.28699155294,472702.96275521617,17995.10721637331,11
2024-02-17 01:00:00,28516.58954059696,28537.609708787408,28273.137914683823,28459.68871774741,5446.727683260502,19500000,-0.00010654367325973819,3658121931.1725984,28459.68871774741,28470.0013807569,0.7732915671634103,2295.601894358889,2876.4728855007716,554963929996.0745,264529875929.85834,0.9882659424769102,530214336.64764774,185463.56289666874,464833.9601267026,14982.733607037078,20
2024-02-17 02:00:00,27907.588921099636,28172.11700450484,27821.461819936754,27958.031424198405,1774.9065411865192,19500000,0.00028772336292687636,3571812599.3784037,27958.031424198405,27964.37992883019,1.2107012305518279,892.4848940058274,554.2736872451633,545181612771.8689,346640083418.95764,0.9927535247543293,399193060.07677054,165529.08519110727,413901.95525619196,27546.371083948074,17
2024-02-17 03:00:00,27727.73550545793,28034.392824109236,27451.110142005997,27814.098697640315,3794.5372655270235,19500000,2.4042836381678377e-05,3622380717.4227653,27814.098697640315,27865.284049680886,0.6131821732973376,1963.2820801002044,1362.0694352270255,542374924603.98615,295195649837.2309,1.0246040097253384,1089469946.7203078,253289.22409112955,215993.5635441613,36080.49043590031,18
2024-02-17 04:00:00,27452.22878037243,27562.504047231327,27186.50544873241,27437.919664683868,2200.0502489607916,19500000,0.0005737009334769665,3595145776.466088,27437.919664683868,27401.32433017131,0.8893623164315151,1352.4254351041502,674.7461037043046,535039433461.33545,289150101276.7526,1.022440744230475,438642155.3160071,126609.07439289703,601367.7149380291,25946.420186620086,15
2024-02-17 05:00:00,28207.64184778169,28413.34537686107,28042.539726196617,28209.53772279581,1306.9700970919855,19500000,0.0002316004502251028,3660016856.082145,28209.53772279581,28264.215926388068,1.004596602227248,600.9021447692086,697.2552640791607,550085985594.5183,279461388937.0159,0.9950371604378625,609314165.0681801,137960.69031573745,385021.12521986215,31889.575425002677,17
2024-02-17 06:00:00,28091.802763480835,28376.77832900081,27820.169880468387,28119.44647538402,2581.8576390688495,19500000,0.00038078279239046984,3989722266.5881734,28119.44647538402,28117.02387800666,0.853890370953515,1766.5686981613826,1536.5066019298547,548329206269.98834,378523160973.45,0.9858512899001565,371249744.57323086,168258.16056079374,421547.8491136626,47934.18074082421,17
2024-02-17 07:00:00,28861.2416486335,29092.33735484303,28605.87745929102,28856.355616585937,5781.211159108126,19500000,-0.0005492230614419209,3262107862.7097993,28856.355616585937,28818.664917251564,0.9136102830514496,4042.9662243313805,2878.2577668654153,562698934523.4258,416002507007.79193,1.0479744275344496,704682011.9609873,172981.80638553374,423344.4460764358,28316.849221554858,16
2024-02-17 08:00:00,29054.80780709572,29168.25129028107,28802.733021044824,28894.87836015612,3753.2259596355475,19500000,7.432819606341242e-05,3488116745.895619,28894.87836015612,28876.032839294985,1.444661608607704,2423.356823594609,1790.4454959774264,563450128023.0443,359665655790.9605,1.017679924344939,650587991.9456341,101184.19459465431,378223.02784024953,15832.342813681691,11
2024-02-17 09:00:00,28967.559808031747,29107.8246473794,28702.51410456922,28919.292032006673,8175.561560343078,19500000,0.0002231654905174887,3781284071.384927,28919.292032006673,28874.443783890612,1.247079948304404,4005.320025973078,4679.853836630524,563926194624.1301,413710900796.2402,0.9882657457402635,573749871.0633802,189221.67682028396,464189.44215874776,22366.469737078307,15
2024-02-17 10:00:00,28931.465810946396,29156.94537256113,28831.36142290183,28870.865943830162,3257.1734964052343,19500000,0.00016708447193191216,3725526680.1154184,28870.865943830162,28892.62466669963,0.8718258954743671,1951.5680598000909,1226.2808590773695,562981885904.6881,402625079463.15735,0.9804074691013074,321679368.5296867,173178.68641513115,438509.83221037855,33225.221760168606,17
2024-02-17 11:00:00,28924.68445002451,29009.31651185621,28678.27480244104,28875.94549865491,10136.533723058385,19500000,0.00038834716411535514,3719118237.733389,28875.94549865491,28848.851402558932,0.9103616851798335,4307.463337416962,3243.069336120591,563080937223.7708,290199579929.4216,1.0307469252082642,359073903.2043692,95812.81890549605,383345.8273526662,20442.39199600526,11
2024-02-17 12:00:00,29977.268212619205,30218.25029779655,29742.050819810618,29888.829429289824,3257.6475803396,19500000,-9.771273541236332e-06,4468355037.366335,29888.829429289824,29896.859591338183,0.7746059816323344,2154.555318519217,1475.6849421955062,582832173871.1516,289118428660.5513,1.0034620025815948,952374782.4214066,158074.65221198034,455823.249828113,34603.55420450948,22
2024-02-17 13:00:00,28525.898181022592,28630.36706463832,28521.09843072333,28536.746235214734,3014.6534122529165,19500000,0.00011463613151038919,3765441071.981378,28536.746235214734,28571.966773403758,1.1514232169964942,1672.5232659140556,1139.8543555954561,556466551586.6873,285732238885.3351,0.9950934101462174,357487343.5862571,132968.11206074234,439498.97390096897,21588.562307043645,15
2024-02-17 14:00:00,27307.01676640291,27640.698826803397,27232.132782824294,27419.698638062124,1572.3159771067144,19500000,0.0004543680293244975,3924383177.887042,27419.698638062124,27404.01410626497,0.9512784235122355,712.1518269002821,684.4676420545775,534684123442.2114,256040344572.7192,1.003449255266878,626939666.3718685,145316.46841617097,532622.2428500728,24350.4163343394,17
2024-02-17 15:00:00,27115.920384341858,27149.69723628224,26856.859702904363,27126.151616415205,5194.114154590081,19500000,-0.000583606701033607,3497919623.0013924,27126.151616415205,27121.591610150947,0.6748307946145158,2587.8373577760203,2269.2563001703184,528959956520.0965,330527902081.811,1.0101339062391097,332493699.1405767,116479.9930577947,338379.5395161834,19826.55912693716,25
2024-02-17 16:00:00,27180.80374608353,27192.871288225364,27051.04161700704,27136.748011255706,2319.106904361971,19500000,0.0002768051504915024,3311168582.455057,27136.748011255706,27104.092554797255,1.020361236838743,1484.7451699527332,917.5535966665655,529166586219.48627,282995651277.7122,0.9982993255770769,726212546.880888,180601.30930117474,376593.6884690457,23106.307289970242,22
2024-02-17 17:00:00,27463.26871457722,27791.16677262135,27413.435389923212,27516.640011287593,2157.0054656432017,19500000,-1.6544779806597126e-07,3495892712.628232,27516.640011287593,27508.705392525888,1.0917651354028994,1425.927354364027,961.8030738583474,536574480220.10803,388412856390.20087,1.0361106060052898,368680530.8668833,252822.79193018997,511477.8309418897,23476.007668498554,14
2024-02-17 18:00:00,27771.20972960546,28022.552939176472,27719.129978268928,27781.008977713274,5656.809286161037,19500000,-0.0001736954373660864,3795024917.7234154,27781.008977713274,27855.29605205361,1.2124319210129881,3144.69956847027,2342.1767922621907,541729675065.4089,343468711881.3299,1.0377801542863596,330040141.1857241,173903.5116329697,389278.9307633698,13594.728986490709,16
2024-02-17 19:00:00,27532.94372240202,27814.50008784101,27401.002203937864,27571.089413277452,5319.376277537177,19500000,0.000200963267282794,3703507677.2475963,27571.089413277452,27595.294987044024,0.985436135238083,2894.2377911891367,1776.2344294706336,537636243558.91034,299938210105.7995,1.015956643576054,364874132.39493865,94859.67511715241,369283.36217276385,19293.470705218213,17
2024-02-17 20:00:00,28226.13065592451,28494.640176839563,27904.45675966208,28141.591668166486,5250.222226806443,19500000,0.0004682353890425966,3702448185.880638,28141.591668166486,28136.955891982656,0.9281756996873254,3282.5461665595244,2940.2174401118423,548761037529.24646,409042191325.229,1.041241569714869,388762416.8258178,174800.22149439936,393148.15785226854,15215.007784192207,16
2024-02-17 21:00:00,28773.370166897075,28899.488541106788,28512.5296823488,28730.30590826163,2487.1790435080825,19500000,0.00041174314944525425,3523964422.002052,28730.30590826163,28715.60495445253,1.4877321836385018,1611.3360719308337,1269.4116989406036,560240965211.1018,412314015668.70715,1.0002549030441468,570411929.9867555,155024.7874193492,433568.1435179543,19494.10551909182,17
2024-02-17 22:00:00,28876.72508388217,28959.553798449986,28713.16094923104,28839.1453345819,2905.9396232962463,19500000,5.946609072801142e-05,3479295927.2058764,28839.1453345819,28840.799738421912,1.0013180991500001,1829.155446686352,907.7942072678035,562363334024.347,384422898206.1462,1.0207099301501386,498818810.4443328,123592.71304380342,433897.7615157389,17351.78859482221,13
2024-02-17 23:00:00,29439.26298863475,29477.54138886903,29341.338103903538,29402.709463011706,2893.0679752355686,19500000,0.0003627222891282845,3533700363.47434,29402.709463011706,29409.473578440207,1.1547829062144632,1490.8801343686785,968.4137922464973,573352834528.7283,394182999346.9586,1.0301336895661581,313070063.3535087,177798.46306536076,424220.35855357914,29838.248400231998,16
2024-02-18 00:00:00,29564.23142109447,29714.623744286127,29550.612687424364,29566.434076234415,4408.364730819816,19500000,0.00036042036953375323,3798826484.110861,29566.434076234415,29557.000322772365,0.897710245997138,2612.298758512878,1450.1507158561333,576545464486.571,428477657591.54877,1.0305711484004982,479771829.9028639,202793.03015403906,360153.9904815004,29942.0756071149,10
2024-02-18 01:00:00,29250.746887456437,29315.11266470915,29103.92473732378,29239.194114469727,6481.986715450333,19500000,7.378861885204995e-05,3834320967.863922,29239.194114469727,29257.616537598486,1.1479548069189778,4260.013346911694,2064.662270077901,570164285232.1597,359281536252.88654,1.0274799744321503,307074036.30623746,137706.0513332942,516397.339253831,26058.212231213725,11
2024-02-18 02:00:00,29582.803429470576,29930.511962934306,29341.770039726656,29653.09220476295,3583.421243294555,19500000,-0.00010792416559646236,3307639625.9932437,29653.09220476295,29627.784847648265,0.7474216475959736,1596.5151813002344,1138.5139645206175,578235297992.8776,412863446042.2105,1.0189356758224506,627605878.8679707,107911.50772249713,576796.0128830075,15058.61046708946,18
2024-02-18 03:00:00,29591.767560467517,29722.927077981934,29375.8417609925,29721.73726855826,8001.990023604739,19500000,-9.057020933669894e-05,3810351978.9882054,29721.73726855826,29696.22449560781,0.9117280636953099,4132.55577406738,2777.7604033036437,579573876736.8861,272079980831.6271,1.0587138434691425,675363187.4031476,98428.13235680055,301919.0646896025,21387.449710250647,12
2024-02-18 04:00:00,29734.428607805556,29777.00733955849,29604.04748644538,29725.506132684615,4668.519183337988,19500000,0.0003513560046604411,3403064892.6786385,29725.506132684615,29739.482930626724,0.7853271881189846,1946.705576988453,2588.0441346076173,579647369587.35,357189580910.89886,0.9838091264420352,480540016.8440487,137802.7682977901,324257.0604055116,14703.521567127453,11
2024-02-18 05:00:00,30637.118959405794,30712.63205972117,30435.197779299215,30617.2795589045,2650.75637542426,19500000,8.73559558861928e-05,3721950635.369958,30617.2795589045,30584.560655587306,0.8860386871514139,1385.4527717103165,1453.860319698067,597036951398.6378,358672875132.6385,0.9953433763731937,540854774.1886811,156548.96770182252,540673.7872749628,21074.350928333082,12
2024-02-18 06:00:00,29226.116425702476,29284.263745869455,29028.41244828496,29155.602750946862,4511.367957680778,19500000,-0.0002138546659191765,3530278996.495964,29155.602750946862,29179.773248645,1.284146131082427,2849.76177737677,2413.328961726698,568534253643.4639,262274606495.24252,0.9935646857004959,977833183.3373166,143057.0254456107,605590.4842939338,26748.304046107958,13
2024-02-18 07:00:00,28432.45171479073,28496.646059753668,28179.265062028095,28343.377785464625,6995.134670818717,19500000,-0.00040545885065273747,4063307296.2579136,28343.377785464625,28345.807362451,0.8847367128321052,3211.526017050618,3388.5268401253616,552695866816.5602,263130540937.49487,0.9889579856570857,455523927.30499816,137197.8710238164,288994.8669907205,29662.27445107884,24
2024-02-18 08:00:00,27768.077902165925,27950.249712214605,27537.907696029317,27681.15914632045,8096.15463623792,19500000,0.0003495494356289138,3466994889.7574377,27681.15914632045,27633.328616246745,1.1544813841636232,4554.622505763199,4186.10109641302,539782603353.2488,246438652887.04044,0.9403368386975519,332548682.2017182,187582.66022573377,520782.25684377656,25383.469497577396,16
2024-02-18 09:00:00,27428.668215355574,27573.53850062975,27241.88814594986,27483.52663136562,5396.1751298702375,19500000,-6.403352667926712e-05,3636505199.154004,27483.52663136562,27489.284406162224,1.3545279759536464,2217.696959387773,2814.344722104947,535928769311.62964,288439276044.30566,1.0412459441712474,611654472.9625989,182719.32504940833,613893.0321972949,32129.872029494967,12
2024-02-18 10:00:00,27327.399725904434,27514.854939832978,27188.65610078837,27346.666274606403,3019.471897888983,19500000,0.0001991163266967945,3763169730.356761,27346.666274606403,27303.31779886745,0.994499719518665,2020.9174355019577,1711.4181354641926,533259992354.8248,248527615912.4952,0.9692187862286117,308409342.82357866,171082.01676266885,372323.19016212487,23811.570954676383,13
2024-02-18 11:00:00,26562.709260313648,26799.18588689499,26287.603820257045,26537.2157905908,2674.8628125101236,19500000,0.000471912072120737,3342829001.919694,26537.2157905908,26558.269409441087,1.2198811317558511,1727.9651443459275,1390.1339845451498,517475707916.52057,298556525792.4325,1.0050944472623828,445974536.2260306,199610.2403866947,606787.2809512506,20535.94241397284,19
2024-02-18 12:00:00,26153.83903583115,26311.43076238625,25910.686457700755,26022.06824321212,3976.012659620978,19500000,-0.0002926773430560455,3564078726.1042233,26022.06824321212,26018.19838878762,1.112063381135083,2215.9223394584847,2071.2552574824126,507430330742.63635,352067302934.04144,0.9573441646697534,381798668.40253675,138126.2169621677,426941.0147133071,28626.78660077735,14
2024-02-18 13:00:00,25656.166412638948,25834.356901361727,25576.371764479343,25580.44322534199,6884.220913197945,19500000,8.645878584614653e-05,3509267661.5783563,25580.44322534199,25630.352824370206,1.0235606544046127,4211.326444659154,3725.908001490252,498818642894.1688,316325314906.0581,1.0186214719215922,366413145.18468404,123792.26917932702,471147.938478131,28909.99985668185,23
2024-02-18 14:00:00,26931.938760576413,27030.375885021276,26808.26060309941,26871.778375673257,3702.948085020866,19500000,4.87917561343391e-05,3440542231.4358087,26871.778375673257,26903.25363483582,1.1619075775376366,1596.6180831195027,1728.9303700110452,523999678325.62854,341719564437.27985,0.9764381189217941,438980241.36317194,142830.88420420434,383139.0806457497,18821.375366234828,8
2024-02-18 15:00:00,27838.93462623041,27905.04659574258,27699.57101026767,27860.54259193485,3741.5900081555815,19500000,0.0002139228626883882,3460995702.4157066,27860.54259193485,27833.777177447224,1.4448241490481553,2445.364225217816,1361.5969201285443,543280580542.72955,249611352623.39865,0.9659211422767283,695371317.3913,140389.2649358272,540476.1045599482,24678.672240653206,15
2024-02-18 16:00:00,27586.00266567968,27723.409603966025,27436.88050020776,27634.816785663956,3058.5582603185035,19500000,0.0004717479995261304,3918446722.060609,27634.816785663956,27581.737491433778,0.8803341017338546,1879.724023371689,995.1409060305415,538878927320.44714,378216436635.7775,1.0058303039344512,755029602.7081935,97458.08196618795,522766.6269723084,20165.045984147902,15
2024-02-18 17:00:00,27480.629151716294,27745.62009038102,27285.77840489921,27437.338087084387,2530.2021220893057,19500000,-0.00029883554439872234,3417297740.0750647,27437.338087084387,27419.363852420527,0.8254387795470709,1103.143377368321,1077.1401083446333,535028092698.14557,264227429669.79547,0.9789779625855212,702729323.632009,142003.62154742097,624646.9387764944,12057.251707242842,13
2024-02-18 18:00:00,26757.55760476377,26983.338174368324,26566.360915453104,26816.58956751544,2748.835775557229,19500000,0.0002709393846117301,3751091235.0604777,26816.58956751544,26786.52123576429,0.8158025640370058,1908.2604477149334,900.2593889981617,522923496566.5511,282794549755.09937,0.9827752271174088,555034946.0872253,214531.66713734381,590143.7757000184,25135.386365805996,13
2024-02-18 19:00:00,25802.751022280703,25886.70118662712,25731.884245853784,25815.061520419225,3189.7983883032744,19500000,0.00040945713249811036,3676281440.637649,25815.061520419225,25864.774567604174,1.2200423776826121,1297.4796277065539,1118.953234586558,503393699648.17487,304572402059.5109,1.0051536884559886,437642697.12764615,198831.5688548865,441604.5119436616,14937.697725843991,21
2024-02-18 20:00:00,25751.44946626193,25873.506099347982,25580.227131354248,25757.362220676707,7037.793650542795,19500000,4.408688081296519e-05,3205845152.670737,25757.362220676707,25759.672278483515,1.2534171288523588,4142.116387632897,2161.672420185998,502268563303.1958,366152792829.35474,1.0239996836090326,188926763.2393889,185590.13838832898,823793.955020832,24305.72656801621,16
2024-02-18 21:00:00,25331.386962916295,25543.034003553556,25073.167121428014,25250.94190168244,2644.2509533222014,19500000,5.876590213206294e-05,3736942329.657215,25250.94190168244,25277.036699866974,0.8981597001626501,1193.9493754898074,1031.4215173766445,492393367082.80756,369021624147.1574,0.9754479853638487,562029218.8320838,168199.24045900017,579637.6985641664,13896.71985132548,12
2024-02-18 22:00:00,25192.763764627784,25379.167018481166,25089.150776210638,25210.648062374963,3060.4157078432095,19500000,0.00022553481069547668,3201607752.445721,25210.648062374963,25205.98331315799,0.652331304818771,1884.534505434639,1808.7036840288163,491607637216.31177,336652027572.5077,0.9702642257802551,194952658.49348634,233800.7723631769,492920.51212298597,17749.273720185407,16
2024-02-18 23:00:00,24299.891673336457,24555.92577242755,24202.165017900268,24419.019843993978,1933.933266128674,19500000,0.00020344512336693647,3769647551.0586033,24419.019843993978,24417.07444201673,0.8737584207620778,814.4216054595872,800.0283179732558,476170886957.88257,318460359366.03973,1.0007045100004683,224784582.26711667,124861.20336493477,362423.6536480548,19339.798680776483,16
2024-02-19 00:00:00,24076.37867765588,24289.493843748278,24009.07756736471,24052.11275856382,4265.503612401561,19500000,0.00027470578221013676,3442365331.9736977,24052.11275856382,24053.733221015318,1.1157991063919643,1809.9822775815048,1587.9095681139825,469016198791.9945,285304757732.47473,1.0161775774077424,454783908.4803865,127873.04560608878,325785.16959718056,31587.521460458593,12
2024-02-19 01:00:00,24092.398150710767,24288.36116022633,23992.658663729642,24126.127531461294,5903.729739243328,19500000,0.00026838415792036503,3587313319.3515215,24126.127531461294,24155.236652933378,0.9867440170002378,3187.350020475161,2485.675924711943,470459486863.49524,305651977851.79285,1.0438826557558187,539326069.0679334,215577.08302540527,331371.18423663767,18768.69276051579,14
2024-02-19 02:00:00,24307.983453188852,24464.218089798276,24114.668213173907,24305.911081410264,6716.0060765115895,19500000,-0.00019459169168469534,3232292917.8772674,24305.911081410264,24315.9159961206,1.036727947739602,4689.1345135294205,2621.9392227919934,473965266087.5001,233819982560.2853,0.9678601120511889,405068213.16982484,163881.8834097314,367054.97175387706,15954.699653223455,14
2024-02-19 03:00:00,24507.901846062792,24558.668738917684,24285.13163405542,24512.152483758993,3300.0148991814717,19500000,0.000397079949311483,3620183622.294454,24512.152483758993,24488.68617060983,0.9006226841117437,1593.7582730052243,1657.1455365174409,477986973433.30035,253695809725.05255,0.9904609869618886,896682553.5399048,137613.6531783568,582719.1000809474,24570.541997643657,11
2024-02-19 04:00:00,23862.583225618313,23901.05394158092,23720.931783801814,23875.65294884803,3972.6042525941502,19500000,0.00045003494865707144,3860860926.231274,23875.65294884803,23916.779098608462,1.2248493109269505,2319.0412939141706,1947.9268818313053,465575232502.53656,347036453657.527,1.0352735807522577,583666702.5186186,186835.0006158197,487681.4877321131,20638.38402937187,13
2024-02-19 05:00:00,24328.107823524435,24562.908638412406,24216.997332080515,24289.713530877678,2760.6593881166964,19500000,0.00015582486810708946,3360792901.792023,24289.713530877678,24285.030097642986,1.0710488053881682,1533.766376248637,850.8431529455177,473649413852.11475,352340460687.53467,1.0591928360841616,439099605.57858133,145857.18828968293,391337.39250800444,27921.943615660388,8
2024-02-19 06:00:00,23833.169254305318,24049.62583681045,23670.55799085242,23906.460000105126,3881.625700537256,19500000,-0.00034824659196490003,3414942980.696782,23906.460000105126,23897.960772484435,1.1244485013907144,2533.2882161385646,1759.9172410190065,466175970002.0499,254947777310.66898,0.9702072700207374,844726934.0056558,132008.10829137836,430553.2109231355,16259.555004829423,10
2024-02-19 07:00:00,24188.354786414326,24314.043176583826,24009.32559551674,24213.392122738034,3487.6470016414987,19500000,6.557628819997284e-05,3717694971.581643,24213.392122738034,24147.301540553584,1.0323245836045907,1697.008404661939,1084.1696201469285,472161146393.39166,246616646985.5897,0.9778356424058005,907355913.9816968,131092.9702173019,420185.1470418987,23464.787323904588,11
2024-02-19 08:00:00,24243.783667879772,24386.584601460014,24130.230735124947,24210.66164694344,3069.0771525792024,19500000,0.0001583217630821705,3725136997.2681494,24210.66164694344,24228.4419469587,1.1105702617473387,1738.580996969832,1544.387183258302,472107902115.3971,244955744991.81354,1.0114330028382958,595566420.194182,176378.46599706265,519182.1864148219,46206.23566279174,17
2024-02-19 09:00:00,23526.71127648164,23570.20180225443,23332.251747547063,23555.641598239534,3193.5130075892484,19500000,-0.00024338007133604516,2950574269.9347486,23555.641598239534,23560.376579936124,1.0960516766432082,2188.153771278282,1854.6087252173336,459335011165.6709,273515311127.77322,0.9826677057342074,355806263.1672974,171348.34594157242,371105.0471665659,20500.74103023854,16
2024-02-19 10:00:00,23334.16498418563,23601.94344860225,23316.968677128,23409.48766582032,3736.7111866947957,19500000,-8.041419073104018e-06,4212122477.8301244,23409.48766582032,23414.167823012624,0.8305933736311389,1867.5176078415016,2138.3193884776415,456485009483.4963,236062081056.98306,0.9772230473647014,389312074.3308771,237800.33967974773,474462.2219046529,23295.584680605498,10
2024-02-19 11:00:00,23615.06576872201,23666.226754430525,23580.995869662227,23583.531976091046,2573.2469434196805,19500000,-0.00032281081626756253,3739748793.8000083,23583.531976091046,23576.390300776755,1.0774666799905979,1368.5084980762635,930.7785021246191,459878873533.7754,296414463350.55695,1.007334118191067,271997794.2364745,151369.27926754026,469778.7673907457,13382.296056552172,19
2024-02-19 12:00:00,23930.448616863607,24122.98008550455,23847.455261397594,23876.816767456472,2640.5740190422953,19500000,0.0002821876674959332,3790461032.100019,23876.816767456472,23865.470078162994,1.1715195119912263,1760.3228114340968,1380.4750504449703,465597926965.4012,219969851853.13092,1.0464825986121933,477002957.0405307,150725.05643791892,373333.12552345765,17053.42280520616,16
2024-02-19 13:00:00,23809.822985960425,23939.21184699235,23772.677674499373,23811.965834654664,7000.109052437732,19500000,0.00014978659447061537,3543981906.429889,23811.965834654664,23805.546594741285,1.2598948854520282,3498.302099110732,3765.497200649734,464333333775.7659,223392237295.854,0.9607155311470185,318770964.55345863,233259.85826816212,607800.0281880875,25283.725594758962,13
2024-02-19 14:00:00,24458.905851767384,24623.116599810746,24243.929427094852,24555.203778263647,11559.621325997583,19500000,-0.00039373494944427333,3090416533.682606,24555.203778263647,24569.03230821412,1.0867824277670737,5943.981900771684,6465.414808568623,478826473676.1411,255252951846.534,1.0449500232333855,425327531.4521542,208232.7447638657,417018.45595872804,19950.92280722196,15
2024-02-19 15:00:00,25092.900496179325,25100.48104843166,24951.03091456471,25057.520792965108,1632.4161970818016,19500000,0.00020543945847459417,3783736176.472306,25057.520792965108,25076.041251931343,0.8244406655383075,801.9010196674744,616.8567816112436,488621655462.8196,333842424874.78925,0.9827569234425133,538468803.800795,168758.60093517794,362743.0368420074,26484.896025433634,10
2024-02-19 16:00:00,24848.953350267017,25135.122370188597,24780.635702384196,24931.72107361307,1588.0536054405122,19500000,8.304731578291264e-05,3426430746.856446,24931.72107361307,24928.45423059988,0.8502171717840882,1020.8952079668643,691.2010524134457,486168560935.45483,265927815409.4171,1.010373757637746,219424011.8779036,110166.35486777883,524696.876065779,25021.271591698234,17
2024-02-19 17:00:00,25326.740531191095,25371.432133362,25202.504759392283,25311.108427233987,1847.195064390971,19500000,0.00025492428482632145,3744352476.649381,25311.108427233987,25337.65819788603,0.9166499474965963,1254.4598916862888,676.9070857344302,493566614331.06274,291818810009.60394,1.0477255216330559,292654559.19767237,132858.01817005652,447261.67966581974,14832.725027105156,16
2024-02-19 18:00:00,26265.1438863473,26325.47639044184,26161.438357757343,26311.845508449205,2830.9165075923484,19500000,-1.7459730126628316e-05,3522708230.435466,26311.845508449205,26312.398736549963,1.0386198677763403,1668.3430747978384,869.920365390636,513080987414.7595,331956530654.04895,1.0097597077690634,396133081.8605465,125050.92091502101,480069.2592271422,29869.461555606777,13
2024-02-19 19:00:00,27303.272209635972,27573.613484394893,27220.963309817496,27366.754283118957,4665.2199237202685,19500000,-0.0001404438202229072,3653835045.453993,27366.754283118957,27355.69191805942,0.9758491926244033,2738.8994835035523,2321.8976295657353,533651708520.81964,366384971813.6943,0.9910752685540244,475077759.35717297,164244.7453780128,349082.6665221504,15171.812083267398,19
2024-02-19 20:00:00,26681.881002662867,26798.96458050529,26645.08680018054,26705.483844306385,4006.3122990947268,19500000,-0.00013125338793734204,3369399210.114622,26705.483844306385,26713.453176620962,0.7987187376679677,2071.2678091423977,1720.4670894215828,520756934963.9745,282319366511.60944,1.0215452686808422,398191530.57930714,143331.40155171155,520467.77335078147,17509.930012282442,10
2024-02-19 21:00:00,26208.180823380957,26319.866918156506,26036.27731305833,26217.79213784853,3248.717455597201,19500000,-6.14510649645214e-05,3841585908.9719334,26217.79213784853,26184.773806507226,0.7977627696551588,1311.6538347821481,1216.4337289537164,511246946688.0463,342172889883.6411,0.9948050139300267,435407454.4082013,242978.00971082278,683160.8889090936,23596.30650311276,15
2024-02-19 22:00:00,26975.995042174614,27077.5311201657,26939.144645253386,27010.79619769474,3883.4055762502817,19500000,0.00010564752897431411,3259793467.672401,27010.79619769474,27019.783184132524,0.6572411011521033,1756.0033028574273,2151.9161306571655,526710525855.0474,282222150527.535,1.0156405314878385,365773600.29926807,109879.62161209142,343668.6529668054,35245.985047862516,18
2024-02-19 23:00:00,26478.888052075312,26706.388959616987,26242.66599232612,26447.74829982428,2108.974146364117,19500000,0.00014438753962743762,4290398920.5103817,26447.74829982428,26409.60583049481,0.5358532274608095,936.8727619496278,946.3055402800428,515731091846.5735,331790369720.6974,0.9938595700486654,271708419.80914795,121742.69885036325,474891.5595161711,16298.642389880571,15
