timestamp,open,high,low,close,volume,circulating_supply,funding_rate,open_interest,spot_price,perp_price,long_short_ratio,taker_buy_volume,taker_sell_volume,market_cap,realized_cap,sopr,transfer_volume,tx_count,active_addresses,fees,github_commits
2024-01-01 00:00:00,2207.814506793996,2228.2210493436482,2201.250022383634,2213.669845646786,9144.60073052219,19500000,2.6763168474214344e-05,194184698.0709399,2213.669845646786,2218.8452920407276,0.8142031354222561,6116.041516163058,3061.288613430198,43166561990.112335,32305738580.252083,0.980727115322162,37657363.28419887,142388.1852335057,464597.0533570303,17403.16023469776,12
2024-01-01 01:00:00,2166.2101336751507,2183.9351591922127,2161.656920928972,2168.3185812104916,972.2839286802548,19500000,9.397163548726096e-05,190604725.63225397,2168.3185812104916,2172.075625917314,0.6678188790591739,566.6040851953246,482.4610868026279,42282212333.60458,29090472778.670227,0.985253539572402,15277400.902497442,154308.30625677796,491043.11325221474,49359.31682777429,17
2024-01-01 02:00:00,2203.178618475531,2217.313049286965,2194.52090203213,2201.328504407771,2454.879728089606,19500000,-0.0003752649016615,191704492.88606355,2201.328504407771,2204.3563855063708,0.9655828304951046,1508.5752682325533,836.880002165489,42925905835.95154,30510161059.60376,1.0460494960341835,17790394.888494022,150602.99392018566,263701.4190999501,31948.794985003195,18
2024-01-01 03:00:00,2242.89518291898,2261.082563400292,2238.3387508834303,2243.3546071660494,2975.464639638576,19500000,-0.0002483930614167,240973105.33104852,2243.3546071660494,2243.3892706777942,1.379783689938619,1690.8841719169477,969.0796312092216,43745414839.73796,29834358687.662563,0.9938729439914455,15187853.22341132,167367.7857415867,312674.49245066947,23971.77086067985,11
2024-01-01 04:00:00,2154.9115095604034,2171.1995552710255,2148.066320646553,2157.7189764987415,2017.125493382974,19500000,-0.0002364698183832,185380289.88236523,2157.7189764987415,2160.4518283603543,0.9768566794576338,916.265858666541,836.652121069729,42075520041.725464,20271037581.390842,0.9892111912064916,26088525.368577722,180723.5225340375,419693.2059724576,15239.404554330407,10
2024-01-01 05:00:00,2099.624899106151,2113.76079155693,2097.883549520433,2102.459908447254,4674.665629504008,19500000,0.0003292324671051,188562513.3281796,2102.459908447254,2102.467947206338,1.1373682897255657,3057.7711120476547,1751.628993914281,40997968214.72145,19248902767.17494,0.9947462458579384,14472525.526489645,192997.3151642437,580246.7518626114,16386.009616378647,17
2024-01-01 06:00:00,2105.049878892747,2120.8321107246334,2101.7127427067594,2108.0531677029617,4476.64356045896,19500000,0.0001736064845717,256614684.2971511,2108.0531677029617,2104.98907544372,1.6007348090277405,2902.619110182119,1538.8827698414586,41107036770.20775,29783019572.643288,1.013633649654972,20233400.28275166,138914.27442796718,645352.6412810175,27553.431211403946,16
2024-01-01 07:00:00,2091.2865112798313,2097.09157898084,2082.564740584464,2094.9716066795145,2910.6237688614447,19500000,0.0002833183600221,203924211.4839644,2094.9716066795145,2098.3302681216974,1.0841661537341003,1469.590355666737,1000.784111026632,40851946330.250534,20077063081.2508,0.968984089519784,17133984.800721183,109759.9293212058,407216.5968935942,14636.187554891918,21
2024-01-01 08:00:00,2104.034859324376,2109.782168161766,2076.056970428904,2094.477203229191,2603.633171715376,19500000,-0.0004518964969407,176561435.97984576,2094.477203229191,2097.0509480535525,0.8580933302303968,1638.0893721105838,981.2096546033304,40842305462.96922,23172610843.618076,1.0128164620137516,48227907.153787635,223663.7509997584,427568.8489280716,14774.615918570276,12
2024-01-01 09:00:00,2060.4778952254983,2071.3448511254264,2058.0728331469413,2059.2525943351334,2818.6732736353138,19500000,-0.0003450700058154,210920719.22618663,2059.2525943351334,2059.393984455823,0.8820436622223373,1586.665228265162,1299.5632060862413,40155425589.5351,25417312387.52248,1.0076746057017771,17953681.78758232,179218.58389241336,374230.36970309867,22084.89963538142,12
2024-01-01 10:00:00,2099.7179064889524,2118.0481753721006,2091.542948294386,2096.0006114484722,2828.796607514896,19500000,0.0002989646320769,183325678.88491628,2096.0006114484722,2093.642224557114,1.0001316503097428,1902.9731804701507,1491.9884607674987,40872011923.24521,20990618930.573452,0.9463403384777764,15949844.295039618,128198.408886061,502143.5329299989,22925.95607813887,19
2024-01-01 11:00:00,2126.990911409809,2143.5309817065768,2107.6704814468553,2129.073475139129,2866.4037834967858,19500000,-0.0007336008924998,212043675.27682537,2129.073475139129,2128.0383181750303,0.8811046020477773,1836.9271580154507,1593.241794057722,41516932765.21303,21488562948.13301,1.053827668102263,29470883.083040964,174455.72510824434,600612.902448459,24686.440941676075,8
2024-01-01 12:00:00,2131.3072594840264,2134.0278068636317,2112.3383121231827,2132.1002160272265,2713.515889591967,19500000,0.0004673888072799,193870491.38067284,2132.1002160272265,2128.4305611538734,0.8943863843113288,1118.7791576659465,1425.7500493744096,41575954212.530914,24524508005.36748,1.043824406822896,52394195.38579436,212564.06054766572,568754.4921353201,19305.444057877867,16
2024-01-01 13:00:00,2177.8196325166905,2193.849172288772,2163.0224188758734,2180.932058022891,3382.00719635466,19500000,-0.0004469951430568,190353654.27889693,2180.932058022891,2183.211308357592,1.2178058815736168,2244.9181782016367,1651.988688455875,42528175131.44637,23742141705.257008,0.9759831120176548,25473546.373751655,250770.6690423468,439854.767466781,29028.80708951389,13
2024-01-01 14:00:00,2189.9637520590377,2206.5218383125043,2184.697468391064,2201.6399661565347,4344.239668567189,19500000,0.0003530034675774,224258755.9793032,2201.6399661565347,2198.3302210536053,1.2278089705153707,3000.0012638141307,2486.1535087181587,42931979340.05243,28033410470.566525,0.9663272038690816,26273993.921456072,173278.0084705482,374105.700817432,17008.280388126204,17
2024-01-01 15:00:00,2158.377644984948,2180.2292465767914,2149.316547683834,2164.342613383989,1611.4181780764948,19500000,-0.000166575387427,206309910.1517972,2164.342613383989,2165.1798479204194,0.7193706859903053,1003.3444699952922,734.6794529453471,42204680960.98778,19942676496.35835,1.0068415449107573,44717741.87010744,212122.1695927823,443139.2797530447,26582.099206485986,16
2024-01-01 16:00:00,2172.6853225431905,2198.6247505857295,2168.096154998907,2180.5817265578494,1762.816424816727,19500000,0.0004146711145514,213130894.10542414,2180.5817265578494,2178.960042433518,0.8490528001798238,768.5422324471845,863.7924799930944,42521343667.87807,25369407257.20149,0.9572241013650612,37915465.27373425,120282.62752351051,583125.2859079897,23487.795002003942,12
2024-01-01 17:00:00,2129.749389213475,2152.071913514228,2127.010776225782,2139.375654498345,1243.5692922559117,19500000,0.0010624482741749,204151205.48523414,2139.375654498345,2136.537337447374,0.9113749575963326,798.6360760751348,526.6343906130305,41717825262.71772,20953944807.48843,1.0409284886110677,31634026.907560356,161300.4916411381,408356.7997147088,26375.60280514483,17
2024-01-01 18:00:00,2172.306403731924,2190.3892143820717,2164.0516742738205,2177.5122212826323,4597.181605187787,19500000,-0.0005819532890363,190282876.0694059,2177.5122212826323,2178.2489936333795,1.1272914282290576,2731.860056968055,1830.6678693917568,42461488315.01133,26836403805.78822,0.9859463879274282,21139240.59050989,149678.78411507464,307710.34899284324,31401.138072217185,8
2024-01-01 19:00:00,2181.3215976606675,2188.7073659392563,2163.029240870552,2175.5565656058366,3378.413996657413,19500000,0.0003086131443581,207053186.92055625,2175.5565656058366,2175.0479218180867,1.2568582034312483,1694.7742707286093,1349.7221145736346,42423353029.31381,20569556114.105522,1.0486542078492644,32022875.628611494,177307.79620554522,411678.5681057329,19214.11216203031,18
2024-01-01 20:00:00,2167.5519573536826,2177.4181706600434,2159.75022960149,2167.7446098797327,3837.720148611677,19500000,-0.0004424488140781,217196957.405744,2167.7446098797327,2169.7783642560657,1.7166823928597974,2552.886616934786,1322.0761107078772,42271019892.65478,21528189120.14085,0.975267898888412,15483171.278697541,243482.0455452333,418400.6935276464,18064.00820222711,15
2024-01-01 21:00:00,2144.1570426169346,2162.6848827411072,2125.5736284021627,2138.636947925427,1458.627028499521,19500000,0.0002280306766652,199307008.41778183,2138.636947925427,2136.139864157132,0.9110708079178512,830.9360688588381,786.169767783486,41703420484.54583,28824015300.368187,0.9966339374329984,20792599.466740597,173246.78304030254,307349.36237571534,13272.929620480028,22
2024-01-01 22:00:00,2193.5936612782075,2209.4603702090394,2185.2987967201416,2191.7920845603207,7277.000677437666,19500000,3.796835093443184e-05,227738662.9996208,2191.7920845603207,2190.3513875233057,0.9202170223780952,4772.827410525176,2303.974279392387,42739945648.926254,22248282853.8107,1.038016378197321,47306722.430615515,128743.49785881846,463428.534927797,12019.66540552713,6
2024-01-01 23:00:00,2188.66729422639,2200.042972586698,2177.689436661727,2185.2471253777235,2198.5966422622946,19500000,0.0001389346967385,211052374.8141681,2185.2471253777235,2180.2480618177265,1.1249223410855809,1321.4316081762524,1104.5872061360658,42612318944.86561,28597962515.155903,0.9903028156108352,44919159.658527486,118674.57414852276,489529.95425282256,20893.800195429863,11
2024-01-02 00:00:00,2162.9195388125167,2174.802655398176,2145.817905210605,2166.8237087496514,3242.509686545576,19500000,-0.0001735058828984,200542451.45043793,2166.8237087496514,2162.3072969411296,0.8724557488946665,1577.6587529145158,1813.6590706358163,42253062320.6182,22475198624.486614,1.0081627522952723,31787121.644284513,245596.44875610783,641765.6744411964,21327.298177889705,15
2024-01-02 01:00:00,2154.08717428769,2155.172397768604,2132.9324053815694,2151.8322651505136,4569.65199153198,19500000,0.0003341623328489,201177231.9957536,2151.8322651505136,2155.916856823769,0.97220132420796,3164.509634209481,2052.817928393437,41960729170.43501,21840905775.111694,1.0327797626691404,12333582.910222985,185062.4015934788,338921.77537571767,15901.600806854563,17
2024-01-02 02:00:00,2178.2509684291313,2181.3660285334486,2168.0764416023953,2175.0809435414862,1819.85138856438,19500000,-0.0003345073513911,199346859.2208586,2175.0809435414862,2179.830446470578,0.9203441325543256,1039.684127214483,584.281913663109,42414078399.058975,22892847603.9504,0.983318576474975,16457457.815085858,182047.02953990505,512012.4838570789,16960.969812290023,15
2024-01-02 03:00:00,2188.7285411590806,2195.485379973155,2176.219611697802,2191.255704496259,2268.417704032332,19500000,0.0004724911788696,178389300.83303383,2191.255704496259,2191.6780168928617,0.591951374949704,1259.032103376127,972.074237617814,42729486237.677055,30520800138.371082,0.9621478272835692,20333674.96335294,149352.8868463399,536792.6811015945,34788.291471752746,13
2024-01-02 04:00:00,2212.11233742721,2220.372000853558,2203.4931884365446,2209.639572336744,3260.337143615575,19500000,-2.2775091983054784e-05,195754548.8425048,2209.639572336744,2208.040171652001,1.0249528853587933,1698.80808608641,1313.8114757009678,43087971660.5665,24523506049.47027,0.9562386821107728,24912949.679956377,174026.9491135547,490864.885284537,28645.508374434805,11
2024-01-02 05:00:00,2231.507950012526,2252.5765905565722,2227.7950826339134,2228.983903212408,12440.798318317782,19500000,-0.0003208072032209,200690168.21095484,2228.983903212408,2228.5415637518804,0.9641849057118348,5485.188547035495,7410.508267348257,43465186112.64196,22737862790.185825,1.0175029824831363,16182054.609455625,127167.45286808116,361725.0505785247,15085.932070458615,19
2024-01-02 06:00:00,2324.2073941247195,2338.5184846052507,2307.0580629574606,2326.7647534627567,3465.3273186729457,19500000,0.0005784810470022,190715070.84956032,2326.7647534627567,2329.0300316019825,1.2894892504015816,2099.516599353544,1758.2362518873103,45371912692.52376,27721868516.017166,1.0116633516099285,24180387.213556852,179297.1185525046,357544.34087745065,19289.10262624186,14
2024-01-02 07:00:00,2302.9765137502113,2313.5800568616755,2299.0383436935867,2308.1595711564883,6655.378310807649,19500000,7.979720415725407e-05,202569190.52313003,2308.1595711564883,2307.203095174204,1.0010986846195045,3522.2908159394265,3436.8902130463443,45009111637.55153,25461313443.428234,1.0318498951924326,54108183.660246186,121331.58710512724,451097.756712468,24879.533769186328,12
2024-01-02 08:00:00,2279.4508633239143,2287.278247697314,2269.7469555260877,2284.8620029883473,5447.088760744601,19500000,0.0006722907911326,197506589.3366449,2284.8620029883473,2285.633449782073,0.7780616660553957,3706.110694540695,2477.0531320539853,44554809058.27277,30611793959.746902,0.9917786584305224,31324536.338531204,148773.14214361965,450464.9416246079,18252.634279784976,14
2024-01-02 09:00:00,2248.589591654626,2256.196694468841,2237.250868186346,2248.200628027275,3583.17664963074,19500000,0.000466406838794,209759723.0243889,2248.200628027275,2248.396769929375,0.9496898944264842,2470.704751618289,1837.539972318858,43839912246.53186,32754275208.480877,0.9570778822719838,29125031.68756903,138590.20785359904,395581.9437815935,17281.492417435118,17
2024-01-02 10:00:00,2277.7852056129104,2296.365797347144,2272.0973426521246,2276.2964627976608,1817.8360955040475,19500000,-0.0001394437114359,207912296.38196278,2276.2964627976608,2275.229306175036,0.6582196632588625,1145.7680147732417,939.405509565966,44387781024.55438,26986542777.30281,0.9294174308115528,17761712.91231401,72089.09685743219,572820.3393882276,19901.019983776863,10
2024-01-02 11:00:00,2324.8206598454067,2337.437651736815,2322.6224175181947,2328.511470819691,5063.821960916775,19500000,7.450305971897533e-05,199824525.97185332,2328.511470819691,2327.5190761218687,0.7849120803392927,2393.913877319977,1619.9554555622274,45405973680.98398,26586317723.61443,1.086038876030551,13852606.828698924,149239.52482530574,408337.6495247113,30552.39218920421,13
2024-01-02 12:00:00,2323.566825451336,2341.5165140847585,2315.3574013605726,2323.4432863856955,1409.4358954552326,19500000,0.000136311381899,176741871.8441717,2323.4432863856955,2324.357145124409,1.135531920565377,866.5125969446,516.9556564848094,45307144084.521065,25050801103.283966,1.015807690556125,16326487.322694847,129999.17638066028,302930.8531965623,31395.51699223337,17
2024-01-02 13:00:00,2287.5641341190935,2305.926525255761,2263.1975072477394,2284.956829125106,6637.147533472657,19500000,0.0005578909599959,227539799.82609245,2284.956829125106,2282.953177589489,0.9517355294448906,2695.521665603136,2016.9645336007973,44556658167.939575,33061112528.18566,1.0041037526824688,13630523.993085302,154415.5353444849,423025.90492005966,17665.448606058308,17
2024-01-02 14:00:00,2250.591621251113,2253.0857442085576,2233.9853731747107,2247.8124676594807,3294.4768191732346,19500000,0.0002312553140101,194944727.25315148,2247.8124676594807,2249.0526517613466,1.2026189630785638,2134.5579176259,1492.2076500743262,43832343119.35988,26079585917.017605,1.0083591928094144,27497124.984325025,162824.90502515942,487017.17561647965,25290.02500490005,5
2024-01-02 15:00:00,2284.548281012314,2298.453406928163,2268.7929907177945,2277.4795305972743,792.2588952585486,19500000,0.0001528877863289,195898453.77522886,2277.4795305972743,2276.6332671226724,0.6747733311723095,434.22566829609457,445.83573621556087,44410850846.64684,22356380480.328495,0.9570598315530268,31112873.425520025,253212.15806797933,473729.7215811021,21984.138040488717,10
2024-01-02 16:00:00,2317.7227995420944,2339.951987672357,2310.918956153978,2311.8185037085814,2514.2930573009294,19500000,4.00361238705077e-05,191840765.2725623,2311.8185037085814,2312.344135650605,0.952664694358796,1712.2886223818198,1214.0675375795076,45080460822.31734,33394017265.36102,0.9761538402711086,18136951.329843607,175637.45756155596,472997.0910371493,16277.341899740708,13
2024-01-02 17:00:00,2332.621962111393,2346.701787955634,2318.6198557169773,2337.302604258199,4133.889087176365,19500000,8.483288924360828e-05,189614756.37999544,2337.302604258199,2340.7710738287265,0.9092797288125256,2122.041068593156,1860.507458311237,45577400783.03488,33648183280.943893,1.0522999038397374,28310565.78456813,176933.3095311669,596478.0983245991,20148.349352413254,9
2024-01-02 18:00:00,2314.3962474361906,2315.5752955203666,2304.5013865479027,2306.629428443706,2647.809738564244,19500000,0.0004913776257034,223093728.90054554,2306.629428443706,2306.4721346653996,1.2106649044841455,1268.173985291311,1529.8773382336774,44979273854.65227,26120252170.88715,1.0197504185755666,48022270.630683124,184223.2209790115,353996.35153325816,15074.04611441054,10
2024-01-02 19:00:00,2315.1351044144094,2338.99471158884,2302.574476168669,2317.5962827607927,4262.038753852705,19500000,0.0001011116052392,220291329.18657783,2317.5962827607927,2319.959777508765,1.1440247800813974,2977.106104954589,1498.8122165874686,45193127513.83546,25057591846.885674,0.977092070271162,58390095.93073286,202390.0647648164,406467.1245687456,31223.196375943506,11
2024-01-02 20:00:00,2328.098511431237,2348.671132978546,2305.7738819596084,2323.243523442525,1948.836713064592,19500000,-1.8499181389452395e-05,204305989.90816703,2323.243523442525,2319.3125190686405,1.1370650555994777,1089.796040869949,628.2684983265223,45303248707.129234,29634269981.301926,0.9631955401575027,36315022.13500213,182329.334939844,602601.1461003369,35092.46144698345,13
2024-01-02 21:00:00,2333.977784663852,2346.164450046233,2323.7754254338097,2333.6604692605447,1551.5486088185532,19500000,-6.935214968410603e-05,195481810.84316322,2333.6604692605447,2332.7961677363355,1.3610847710924474,1022.4003453774344,892.4379144018988,45506379150.58062,31794271352.539913,0.984529176731663,24881664.000976354,174630.615951157,298501.4360249707,19473.85499692301,15
2024-01-02 22:00:00,2372.9691775381043,2388.0424342758915,2365.8642350521022,2374.926826769172,2876.349684287822,19500000,-6.612954615084858e-05,207181824.52983767,2374.926826769172,2375.2300779008388,0.9290270513047476,1936.695569545125,1641.9197100088072,46311073121.99885,27766250314.454014,0.9905370805833136,35848762.43601614,194426.93766430084,437687.782816935,18129.146142211444,16
2024-01-02 23:00:00,2377.1839982769397,2390.861379104237,2376.057587852922,2385.809639463498,3028.379187137545,19500000,-0.0003206287988128,198337694.72138754,2385.809639463498,2390.6369213017715,1.3060615613357838,1682.387632545795,1529.0036549317276,46523287969.538216,25552632000.339558,1.061474381075401,45823237.97241937,88728.94101047234,565680.2244444933,30223.599279362857,18
2024-01-03 00:00:00,2417.837683590333,2438.487388545326,2417.238594787483,2418.6675986342048,2504.408416294981,19500000,-0.0001251125924979,194192418.3786104,2418.6675986342048,2414.1689927954117,0.8115240709495206,1344.1515036659157,936.1322100244564,47164018173.36699,25488293959.721283,0.9943519787210212,11955316.7191582,274378.2467008156,563996.4579256541,31724.50476746009,15
2024-01-03 01:00:00,2414.6268238990706,2434.2580365151575,2404.2432869985173,2422.1810409152276,5506.285700639796,19500000,0.000549526082695,202576141.24184382,2422.1810409152276,2422.1902213158933,0.805593867493756,3115.8186883101903,3253.825044859312,47232530297.84693,25882463917.54909,0.9643134464760096,48274089.30506215,242179.0145400996,504853.3522841951,15767.033933691358,19
2024-01-03 02:00:00,2441.184832112225,2442.0118517087,2414.948785119752,2436.471238577767,1948.6582005612315,19500000,3.802022182975104e-05,190332916.03605083,2436.471238577767,2440.264066190439,1.162472630213292,1275.0496404933633,1032.0169935820138,47511189152.26646,23062400721.82609,0.9982419290916976,21460898.824703757,171833.95952843886,507416.7110908086,21069.60162434185,17
2024-01-03 03:00:00,2475.1612282512706,2492.0669496364535,2461.652647657201,2467.6753246260773,3486.253014647011,19500000,0.0003113235005668,201189749.35869837,2467.6753246260773,2465.984916675135,0.7401161484898292,2403.416098017316,1750.6860114670064,48119668830.20851,32893938236.14736,1.00793015405134,21543672.76639842,114319.03683451434,359257.7496261721,21640.42740889728,15
2024-01-03 04:00:00,2393.2166350784432,2419.8208335519353,2379.4782432194893,2397.0370854687667,3084.00694177907,19500000,-0.0006436269553702,200417967.2916659,2397.0370854687667,2396.766606655496,1.121372213147153,1537.3670760423536,1131.4401037331622,46742223166.64095,22505817634.23392,0.9615836026723787,23152347.03632299,220265.2119428347,582238.4884719009,17479.20413088969,13
2024-01-03 05:00:00,2383.437472430652,2403.199755920395,2365.6987274957432,2381.998884486995,1368.7347116504152,19500000,0.0002704933926897,206913789.3586544,2381.998884486995,2383.0272862677866,1.020469319614969,850.7905975862794,621.3053013109854,46448978247.4964,26452430604.626892,1.0120649660335783,30328898.497969996,136834.9693261837,348010.40500275645,24730.547718952726,16
2024-01-03 06:00:00,2356.5076485218715,2366.473082920314,2355.074188041616,2359.931396977647,1541.4593987188528,19500000,5.159418868926589e-05,187642093.7415371,2359.931396977647,2360.6028176462864,1.2390817061749868,748.5517105394675,842.828183108682,46018662241.064125,32235290635.172573,1.0362674785681472,17108332.86404604,185992.2442311047,352186.9410468645,17854.598971316773,15
2024-01-03 07:00:00,2327.273085153124,2331.4446602386506,2323.710021313784,2330.2020780014377,2998.7640760768086,19500000,-4.44320068671526e-05,208695918.3756863,2330.2020780014377,2334.083659824815,0.9881815994717846,1749.1368401851598,1673.544460224525,45438940521.02804,25956166362.024918,1.004160138497523,23810858.93531123,118098.41715978918,478099.8238768629,18730.748858256226,15
2024-01-03 08:00:00,2321.236315864493,2343.0640943490744,2309.9684819189224,2317.646306285191,8027.271808549822,19500000,0.0001542879872263,183380353.23207968,2317.646306285191,2318.917474585201,1.011272854375314,5148.988155415611,3760.207184877661,45194102972.561226,24333794852.005383,0.9760880454445096,32923221.546733137,283963.70927727106,400871.8587001278,21366.87663384713,16
2024-01-03 09:00:00,2388.042264985277,2410.605519998289,2372.040156771828,2388.2263411694316,3982.37998584629,19500000,-4.874757614360831e-05,188342481.59820944,2388.2263411694316,2391.636186007707,1.1072206967549898,2652.049613455787,1819.3031177392625,46570413652.80392,34204856593.36071,0.9841338868728956,29122056.662932705,113487.25393585576,461085.7621956469,14090.855436061574,15
2024-01-03 10:00:00,2355.6285894008056,2368.170316886312,2337.1548988925574,2347.4610772676497,1257.8794266890186,19500000,-0.0005371624759665,189001196.08929425,2347.4610772676497,2346.8507177691004,0.8758767362307633,672.4810276637863,640.6444681952499,45775491006.71918,22336751688.565674,0.950234920700144,31074674.231105205,165586.08962881623,482218.88868730457,11885.37603799183,9
2024-01-03 11:00:00,2391.2948278105578,2408.977905627128,2373.738059118215,2393.603374387082,629.3930658188273,19500000,0.0003766743823515,180964921.11637953,2393.603374387082,2392.0702106013327,0.8682798039393863,321.57372512375474,288.5607676367721,46675265800.5481,33394106942.381958,0.995984942976924,23440841.478868168,95745.91054060662,631353.968052449,29012.49011859964,12
2024-01-03 12:00:00,2319.239200538511,2329.9680024882305,2294.53151332256,2314.6130467121125,4300.672980385901,19500000,0.0001729052684044,213859729.60166126,2314.6130467121125,2314.3220461692754,1.099533377979752,2047.272942037503,1829.094760564327,45134954410.88619,21151279529.18662,1.0093233987048973,35217789.176263526,161086.1166435588,482504.2061407238,17639.625042953012,12
2024-01-03 13:00:00,2299.8401726504917,2309.4941051939027,2281.9542364742574,2299.392189368702,2840.948512119312,19500000,5.817263575644467e-06,182462222.24378425,2299.392189368702,2296.956895988076,0.9941595602416434,1250.0887983849404,925.0858576596396,44838147692.68969,25739734328.3368,0.9731010224540356,40716515.52877993,146338.64464579275,390933.6530082095,41791.95872086708,15
2024-01-03 14:00:00,2310.791657408966,2313.551861901312,2284.227415827956,2307.1197470878074,5274.467391207758,19500000,-0.0001898556116217,186448309.7766398,2307.1197470878074,2308.46597844479,0.9217670141937042,2687.2107013700665,1781.7936886325692,44988835068.21224,28771094093.16866,1.058191004530829,39751320.995968945,216272.79907307148,506509.1114934105,39797.18171264017,14
2024-01-03 15:00:00,2332.4742522710217,2336.8208433814725,2314.8789745737,2334.562086898359,1919.156488618834,19500000,-0.0003409572548321,218001068.71184587,2334.562086898359,2333.8946866948463,0.9835794908756984,1269.7011540215651,1013.47322596616,45523960694.518,25539466169.07175,1.0237683848635344,31661816.92361776,146335.19744351806,374613.1453160379,18921.543383966324,19
2024-01-03 16:00:00,2368.0095251446596,2373.7559257146445,2347.829840635583,2368.2442600097884,3551.4322397716173,19500000,0.0001671678121204,188372376.93238774,2368.2442600097884,2366.890124229479,1.3756301287097097,1866.7849813667317,1091.7074982126162,46180763070.19087,28187903120.253044,0.9462166798315468,38846748.972301945,216350.68151624096,531060.4337085044,44432.03061935506,11
2024-01-03 17:00:00,2405.8055182561257,2426.493982172287,2385.780402472067,2406.361382341823,4550.92929392543,19500000,0.0005840322880676,194224738.30889437,2406.361382341823,2407.8019708199495,0.9152082157951704,2253.5653464859606,1436.6897304141876,46924046955.66555,23987596264.64079,0.9468321232447732,37806898.347166,125991.51697889638,448168.9603406432,29180.978618468227,16
2024-01-03 18:00:00,2385.8794333467904,2393.36078884904,2368.4561727157784,2389.875578308473,2383.3639209360213,19500000,0.0001609499430223,181835972.04648337,2389.875578308473,2387.3812274599973,0.9099151526572824,1481.8319057387243,1361.8376358760972,46602573777.01522,28926700124.2318,0.9704792859188854,77841173.29754311,151677.1608424069,479312.8349073482,18149.63735617,16
2024-01-03 19:00:00,2371.250745334175,2376.6263388073653,2349.1273860512492,2368.114974940825,2408.976421472848,19500000,-0.0003148284818278,210756501.31920764,2368.114974940825,2370.176424269176,0.7107113956092312,1119.3919412839098,1231.4666605710388,46178242011.346085,22644314403.21851,1.0471955622027782,43436242.63204051,152439.33239537163,309857.93727714394,10152.224043529734,16
2024-01-03 20:00:00,2412.4755999537792,2425.7107802728437,2386.8225371820286,2409.3422551427702,3018.850520458783,19500000,0.0001675350181115,210989052.41086772,2409.3422551427702,2408.430710885977,0.9915651867148154,1439.647672306511,909.4704294605554,46982173975.28402,32362678975.95876,1.0267276513165708,25753478.19783548,184222.0428943322,282053.1707662661,27077.17879696237,14
2024-01-03 21:00:00,2403.2310575287624,2408.40115777606,2388.974751860396,2400.381542061053,3910.1779884269536,19500000,8.399711132598163e-05,209177467.9520484,2400.381542061053,2403.4038539251314,1.1403972906314317,2661.942014144037,1539.0969366791544,46807440070.19054,29261061447.693005,1.0487113658667486,18530085.109412763,178455.33175226292,327654.5573318187,22234.240899375225,14
2024-01-03 22:00:00,2347.340982099726,2351.1719994956325,2325.210671324106,2340.147529344321,2959.669831676189,19500000,0.0003592130878222,205833941.5115365,2340.147529344321,2339.4624802238804,1.1820374749020317,1256.3114982149484,1565.6521354386996,45632876822.21426,27132379219.655792,1.0003062785968826,24037407.10647996,194961.28682442143,627283.6885645863,25069.53080857981,15
2024-01-03 23:00:00,2294.5637225470186,2307.4893726722353,2276.1502494411047,2287.931718662963,4851.281466263438,19500000,0.0002820199532235,198334396.46038523,2287.931718662963,2289.6062780042766,1.0218794402840172,2543.960354520332,2063.154146246965,44614668513.92778,20808283123.71095,0.9937153201611316,23367669.13391034,173982.09155853404,351642.0505824957,20565.06717329957,16
2024-01-04 00:00:00,2244.7833505082067,2254.73705033794,2225.679413913052,2246.4679529679693,2366.180676617631,19500000,-0.0007957467602329,189069980.72831994,2246.4679529679693,2247.095980881506,1.2106612701867974,1355.8815286452816,1042.632307891473,43806125082.87541,26280709409.007618,0.9625747154181812,32741270.44905884,192014.987268438,512195.650236915,15628.366709780325,19
2024-01-04 01:00:00,2270.8364082923663,2285.0554613291347,2259.3552219722483,2269.1433898874516,1534.2583708896675,19500000,0.0002635726613285,184725290.21762413,2269.1433898874516,2271.0583242459047,1.1574809863641145,719.6871774814932,671.4524012567692,44248296102.80531,27392829354.996433,1.010490517747504,20165331.15003023,130031.76136987835,389110.4207220519,19377.967439730088,23
2024-01-04 02:00:00,2273.0054303424345,2296.6042352338877,2254.3729963203436,2275.8438659493345,8010.33357533908,19500000,-0.0002010438228512,218603544.55878064,2275.8438659493345,2276.321672296004,1.2493083097251056,3879.434551402078,2888.8492717488302,44378955386.012024,23507543941.208206,0.9941149549924894,42988739.82620575,179368.86569949976,421676.6133442597,27227.72911584776,20
2024-01-04 03:00:00,2307.8291720623324,2311.3138355974015,2289.274500531683,2307.721376937807,2203.237462990169,19500000,-0.0003265186224346,209610634.86599332,2307.721376937807,2304.113491308693,1.2175742151215745,1027.9283907775605,1137.790231334389,45000566850.28724,29397839912.574062,0.992959834285544,15305957.717848888,243300.2318868604,438474.06708395976,19804.95404714001,15
2024-01-04 04:00:00,2285.5697778489175,2309.2168445791685,2263.585199818707,2288.3146087008754,2243.4697863721844,19500000,4.3457976887930894e-05,186532038.0479035,2288.3146087008754,2290.8518771547565,1.368883767135391,1129.7119350317682,742.3684130105833,44622134869.66707,21107588137.105614,1.048541525231585,13888446.309737943,106937.71147109925,614617.6742348968,19769.08519669129,9
2024-01-04 05:00:00,2303.2502196293854,2324.0368217861874,2290.096717682302,2295.811467641186,2884.475440799358,19500000,0.000223291332709,197799499.67647082,2295.811467641186,2295.839745329055,0.966630821748282,1931.305511501943,1304.288639120116,44768323619.00313,22948543728.76303,0.9962096319140632,25280186.46185366,183919.23292740615,497276.30991608254,13963.24603917115,24
2024-01-04 06:00:00,2326.640313450219,2345.930199397922,2308.450861244321,2324.94915403629,3082.790754459756,19500000,-0.000392220383086,192492682.6595657,2324.94915403629,2327.0172336878377,0.7668902264885341,1632.2643463097868,1082.01870240541,45336508503.70766,30432791214.938595,1.0399294433214306,19049554.750222914,192758.7998279812,477828.24559493887,22637.433046111808,9
2024-01-04 07:00:00,2309.83267170063,2325.428342298292,2292.349097845496,2310.840332706487,2456.906159710676,19500000,0.0003113729251172,180153720.97101247,2310.840332706487,2312.666466138015,1.1419573328258104,1290.7324692049526,771.3698718568303,45061386487.7765,22267835111.48351,0.9523577601657216,16131498.781403955,234520.1039603398,573400.4896785524,15778.766417587583,13
2024-01-04 08:00:00,2337.8486724590425,2352.3467628579,2310.4443196461493,2332.2809647105114,2955.0860558330905,19500000,0.0003290016542594,199992418.51724645,2332.2809647105114,2330.710648144242,1.1689555266789262,1524.7483528697426,1013.5152184038852,45479478811.854965,23815995167.12557,1.0806433669858877,20681495.562272083,195147.65054743912,389788.9147103019,29014.699501462383,15
2024-01-04 09:00:00,2291.845855642135,2316.5523127931215,2271.0610501592114,2301.83866861204,2922.278456418854,19500000,0.0001140928588898,190724110.3024938,2301.83866861204,2299.9631410414,1.368888475357301,2014.1357680648243,1638.815163664474,44885854037.93478,28962893760.82428,0.9888018861473388,19677444.226567015,166888.1298081328,547801.6760400343,17672.58291754697,15
2024-01-04 10:00:00,2276.207788361307,2301.194585849715,2263.1531480288327,2285.413904512145,3253.249635159538,19500000,-0.0001602870890681,182703462.48984542,2285.413904512145,2287.1402035638403,1.2920861351797088,1415.7811584897756,1147.890588402233,44565571137.986824,29798881051.951767,1.0212155206982207,26792475.43597028,181229.2890499892,529803.0003780226,20156.63458236086,18
2024-01-04 11:00:00,2271.8689115819957,2272.2433655732843,2255.1218840667702,2268.258575872569,917.136458147252,19500000,-0.0001938134012567,175166463.87735403,2268.258575872569,2267.7975545185714,1.475643980076038,606.7432039106934,351.7317025674274,44231042229.5151,20587196021.96638,1.0259881873583954,20819270.683459055,135434.1118134074,528596.0838794927,42158.64611691923,16
2024-01-04 12:00:00,2215.142037148839,2236.36514862463,2211.168886921759,2214.8741771403056,7634.541423995975,19500000,0.000407779639474,173983952.55563006,2214.8741771403056,2217.169737587828,1.131982812164333,3803.133986764784,2606.6495415307854,43190046454.235954,21075741696.099476,0.985079298088737,21507755.80038454,147710.26748472414,428907.543951013,20091.010057791464,12
2024-01-04 13:00:00,2237.895272784268,2251.000471679353,2214.967167890522,2236.774888793439,2769.316570345837,19500000,-0.0003533668059487,191397660.92477593,2236.774888793439,2236.599970888163,1.0468253608312847,1902.3916483295868,1441.8821425810145,43617110331.47205,25465213133.67899,1.0245709027017715,26632201.357984543,116549.84214602211,405362.50541415537,19299.36658954929,23
2024-01-04 14:00:00,2210.2169600896464,2233.41383342092,2204.580520877785,2216.095801761721,3985.07459391736,19500000,0.0004193411382457,195832509.5233473,2216.095801761721,2218.585385453182,0.7580570561058122,1970.891064661785,1728.0668259698666,43213868134.35356,27131329433.466084,1.0261300952974373,40035396.55086615,236040.19294270372,371771.7133038954,26256.965777501304,15
2024-01-04 15:00:00,2216.768297989519,2225.235163132612,2200.7025752548425,2216.8713102835504,1496.5972785651747,19500000,5.0440252260869e-05,183835858.01612535,2216.8713102835504,2218.0314089811363,1.0635573786965091,635.8477753797392,872.6516728080393,43228990550.529236,25337997155.198326,0.978605664968627,48055929.690938056,182141.53519457,376458.6628648389,12892.763440393674,9
2024-01-04 16:00:00,2247.482784404744,2247.7614096532475,2220.6990458007294,2238.5130206005856,2355.4801461283723,19500000,7.124965010714288e-05,207706599.06959298,2238.5130206005856,2239.381507675682,0.8953857290503497,1309.6765585756102,1176.0850530594994,43651003901.71142,28116528190.04207,0.9789609932745432,28308847.074829977,129439.89031602428,368279.4742388825,32056.1007911971,15
2024-01-04 17:00:00,2262.543178854734,2274.0761456320265,2248.853479186056,2258.819742109466,2129.9250426493186,19500000,-0.0004124263116239,196139006.54934564,2258.819742109466,2258.2008002041925,1.0432094832487842,997.5709981787192,978.523275227398,44046984971.13459,29810905694.56769,1.0013592047045423,29203384.082465872,174179.07935991988,476093.5046989452,29678.6144439612,20
2024-01-04 18:00:00,2290.08628649384,2301.7013778627456,2284.4743875619574,2289.3092649615996,6215.875620369807,19500000,5.598501096142403e-05,206483018.28962776,2289.3092649615996,2290.0702945784,1.0109622875964497,3890.4975590642375,3089.2235459574144,44641530666.75119,32805416036.42272,0.99653518156944,24798732.459673688,217474.51005609203,422663.9666953272,25779.51655140008,13
2024-01-04 19:00:00,2283.026414975698,2295.018269348302,2278.712399490123,2285.0329202524085,2224.067924691812,19500000,0.0002840756548034,194306048.398149,2285.0329202524085,2287.9871312671135,1.0989407021408495,1328.1948726096014,694.1930168495403,44558141944.921974,24728174219.038616,1.041793902875486,32348472.319058385,208605.06065874948,482279.9528835401,7997.391875598059,18
2024-01-04 20:00:00,2264.207952357951,2273.694128867216,2244.8151017939094,2265.996153487164,4354.826257184724,19500000,-0.0003009230263555,185137341.74756917,2265.996153487164,2266.099901081722,0.9807221000059178,2638.766676974245,2548.435955896561,44186924992.999695,22046245698.42209,1.0210800455483524,31191795.407334134,129067.44119701836,487758.8505211956,20377.29338315504,15
2024-01-04 21:00:00,2252.977359440171,2268.265054970879,2241.470131431855,2262.6124587828067,2153.3709428232423,19500000,0.0002495907601755,198978495.08332545,2262.6124587828067,2264.040561942751,1.2056321535593766,986.344769884059,1263.8756024254494,44120942946.26473,23349914911.685425,0.9978872929161072,45349829.70926835,74350.09993701085,357914.277770528,15035.060693046216,13
2024-01-04 22:00:00,2188.876854278214,2200.4241619320137,2185.7775774310544,2187.7495488489426,2377.2283522740127,19500000,0.0001267036761037,178226174.56381288,2187.7495488489426,2188.0697480397275,0.5800558641528383,1456.2641279989248,910.102763099231,42661116202.55438,21093760473.381905,1.01818233876123,12535761.712588377,179664.50349321467,355772.3338414949,30860.49096399953,21
2024-01-04 23:00:00,2129.145447603727,2137.1356650308635,2110.310596215463,2125.551212311283,2636.545765895618,19500000,-9.312668414969203e-05,205865373.80634755,2125.551212311283,2126.02861970663,1.0387298981425126,1300.86985665133,1287.922668196011,41448248640.070015,23553949306.158745,0.9386004076660992,24294943.70717294,130389.6549393497,422636.5730489242,30205.16835117682,19
2024-01-05 00:00:00,2063.7422403282317,2090.3463144080642,2058.5793546384207,2070.266143022899,5664.209164286744,19500000,0.0003564019259473,182928508.3512878,2070.266143022899,2074.0410885778124,1.2718823338834808,3962.693240276601,2042.3698021659047,40370189788.94653,28734297243.44645,0.9815406707910478,30561568.735144224,190152.54101780543,378880.39556590025,24745.599815262125,13
2024-01-05 01:00:00,2026.902011103157,2033.0965269552685,2009.1383482749854,2029.5868171136415,1158.722831808149,19500000,-0.0005606770306935,212199304.88250145,2029.5868171136415,2032.2287912240802,1.453551252293902,717.8639023580829,537.9272699948046,39576942933.71601,21930295240.95665,1.0086346302495666,26405010.010409854,206399.2331210928,370985.2458108036,15353.007172909409,18
2024-01-05 02:00:00,2041.3474523067478,2052.6246180246358,2035.0280165395645,2046.083992017426,1544.0563443333738,19500000,0.0002040042246231,191903163.60754594,2046.083992017426,2046.451067291805,1.157650207754136,891.1111278678129,820.2595077441862,39898637844.339806,19735733959.651535,1.0334609650567734,18327417.001025338,215003.2187205179,621031.6972074211,34485.29440977438,18
2024-01-05 03:00:00,2005.6848405530159,2015.472037835225,2001.6680388738482,2009.5647119444584,1125.9106086693478,19500000,0.0005858305474219,214663144.47808528,2009.5647119444584,2010.1966277831013,1.400706293154236,743.2533754431163,655.2197576656989,39186511882.91694,23777978239.851482,1.005993080039674,15868256.650120307,251748.3160281874,325568.78704273474,20359.88166048451,16
2024-01-05 04:00:00,1994.836004788137,2005.6741318530096,1992.9300477208114,1994.622653459331,1730.6441169251605,19500000,0.0005319829417301,180234267.9319478,1994.622653459331,1993.4221489184993,1.0343644696697254,998.224294616442,695.3123668609047,38895141742.456955,29077352388.970596,1.0437471699993297,36840446.036018856,221701.9584875891,663054.77686138,37858.51952526448,20
2024-01-05 05:00:00,2038.801090325106,2057.557978215686,2028.3719879339856,2047.3360336059734,1986.639852832773,19500000,0.0002169420161615,186763997.10364118,2047.3360336059734,2047.1866363298777,1.0005726791035117,1124.0904153283934,1009.3155139628392,39923052655.31648,20219204305.38877,1.0260381957407578,19713368.469843645,252051.12104155487,468726.7601409879,23851.82754626985,20
2024-01-05 06:00:00,2035.5009581655418,2048.6043015073524,2023.8398202995286,2033.0033304715614,1329.767472142016,19500000,9.495767160746256e-06,203271422.7858385,2033.0033304715614,2033.8356375371352,1.1116919439707604,626.579359629517,684.7346834884391,39643564944.19545,27090925075.417107,0.9853501172778596,13224975.850371365,229754.1460119176,538879.7122422203,25643.4230310526,14
2024-01-05 07:00:00,2066.530385907207,2086.1624611627794,2047.9166274811155,2063.4193476339806,2065.083884683145,19500000,-9.074076696428924e-05,216525238.51174936,2063.4193476339806,2065.3808621068215,0.9993613474472008,1246.1409999403184,756.5324130256349,40236677278.862625,28045273204.667526,0.9957990806213868,37588437.59336782,234815.26873494132,526320.9956437313,19185.47352905813,13
2024-01-05 08:00:00,2024.433279260208,2031.2274827900535,2015.0277098687682,2025.4504709706105,1088.594571745767,19500000,9.122261828307392e-06,225291712.15693235,2025.4504709706105,2027.1705258362167,0.8551558947684864,557.788595976455,532.0066606629431,39496284183.9269,22528739863.41372,1.0122526505871572,32061646.68502305,161100.3859977526,500514.4935466042,33593.45963671256,10
2024-01-05 09:00:00,2007.3382961893533,2031.3228047406121,2000.43674657672,2017.3471969072762,1791.8531419076508,19500000,0.0002631421743753,197823781.37905774,2017.3471969072762,2015.3111709798939,0.902083628380544,739.9005793651014,889.8815514635794,39338270339.69188,25013846247.920383,0.986540933414309,25475512.821853157,117908.99678132209,616840.869656832,26437.273418362616,15
2024-01-05 10:00:00,1975.6315369229878,1980.072200713709,1970.4621998918342,1979.576510736778,5432.801445969893,19500000,-0.0001421731416378,228397378.20394385,1979.576510736778,1981.7084804528984,0.800570579458059,3503.171090583806,2875.162566407302,38601741959.367165,22377894394.508785,1.0459387053374978,18508807.709277768,302721.2105115742,356295.83513057046,33957.58442041065,18
2024-01-05 11:00:00,1971.2444535270242,1976.4167717424803,1960.9262417221776,1966.395707385331,3647.488162946527,19500000,0.0003272271454151,192653682.1985364,1966.395707385331,1966.4177827740125,1.1114610587805296,1515.7572935763626,2188.4351844248345,38344716294.013954,20272777919.67719,0.9667382159712312,25500314.130658645,165336.5270693344,428790.7533302559,23231.45270558716,8
2024-01-05 12:00:00,1988.8109729283678,2009.1965548388014,1970.3578320447307,1999.9225195709046,3273.888941763731,19500000,0.0007399481554009,215286297.38870385,1999.9225195709046,1998.1486055840205,1.0022809599401985,1969.866358019691,1021.6815753390116,38998489131.63264,22534716927.25657,1.0094831935127315,43393184.451826215,221278.4220789616,373036.1524918651,21717.82003337488,17
2024-01-05 13:00:00,1930.8624003044379,1932.8042564819034,1927.674959645776,1932.2053735133618,1805.5322846922036,19500000,8.14350294617815e-05,182854886.53661194,1932.2053735133618,1934.9807638214602,0.93047764923805,807.1023026554087,651.2401717224302,37678004783.51055,18032204819.710514,1.0220634044081518,13987829.552690132,141836.64573583376,315143.72821570013,26331.969462320063,16
2024-01-05 14:00:00,1944.661086404707,1961.3013382586075,1925.4444040113187,1949.2613462166503,1382.9269640567877,19500000,-0.0003033184409849,203910952.01895604,1949.2613462166503,1952.308585538344,0.8928499410464962,732.6344001111721,475.0679518385021,38010596251.224686,25166315334.16084,0.990596590316167,14274522.452825272,207104.8800071354,387608.766560589,33954.00700663893,11
2024-01-05 15:00:00,1961.8993563549982,1975.2071278153187,1952.3439297790233,1958.7474562917237,1686.5190705964146,19500000,-0.0003034234238949,163486743.08769625,1958.7474562917237,1959.4599447681173,1.1062891087305695,1109.2699678973702,584.0925135460247,38195575397.688614,26689460416.610397,0.9838360200205224,20758612.465065327,88323.29503593688,643392.0616882168,29882.260594908195,15
2024-01-05 16:00:00,1933.1892043890966,1950.2582343747142,1931.4804539002716,1935.80297958934,2917.2453786880938,19500000,0.0003329696655134,180249151.23877046,1935.80297958934,1937.368644653781,1.1689309768337084,1249.5316494685549,1272.7200553988332,37748158101.992134,20467805531.51971,0.9977175611065,26401210.82196183,146882.63599021605,427327.79201905016,22959.042397695517,20
2024-01-05 17:00:00,1882.326744583076,1892.0503646434336,1876.1298386508106,1880.8072253012979,4601.273490223896,19500000,8.207614631186692e-05,204670525.21278575,1880.8072253012979,1882.4387300406863,0.7976361010172758,2761.432215452276,2593.0981375078773,36675740893.37531,22736870571.937584,1.0243599553835552,21879510.14682695,158799.42853648114,657830.8712320902,12617.429714376853,18
2024-01-05 18:00:00,1885.841106703284,1897.2305434571922,1882.6104209658747,1883.71077892999,4680.609935732373,19500000,0.0003630492688192,177518040.45375317,1883.71077892999,1886.5283810570654,0.7729530775719979,2732.4727861618217,2034.272558197565,36732360189.1348,19087771133.986107,0.9850045600741644,34508096.523791544,182709.4001038676,671430.2601163003,28088.508227834256,14
2024-01-05 19:00:00,1870.8998540776636,1878.3098382858855,1849.3276219481108,1864.0542050816073,4085.9362828575177,19500000,-6.0090274747804845e-05,204021079.0431752,1864.0542050816073,1865.5977696985344,1.2103408221246923,2697.7758932716138,2045.1913784244523,36349056999.09135,17746995800.12952,0.9679323643927212,41247929.84994167,212778.3237427682,805345.0295726297,14305.345545447914,10
2024-01-05 20:00:00,1872.1759307977932,1873.7087683417633,1862.5800385365953,1872.9361253931274,2061.5668262941285,19500000,0.0003491870642619,211999517.33570543,1872.9361253931274,1870.6367436675912,0.7595518826463165,931.4580746574158,851.3234905987839,36522254445.16599,23706068327.19337,1.0345175433097908,29831797.59810001,123805.15394582138,647645.400316178,22259.00059331569,15
2024-01-05 21:00:00,1875.3516134595618,1877.226062199512,1867.6273079980485,1873.942242600906,3017.774494031695,19500000,5.251024796508237e-05,189419045.5284056,1873.942242600906,1877.89590046547,1.1157171329853135,1931.1832972532343,1194.733888096557,36541873730.71767,17914006036.1996,1.0119788941880676,33389460.149266005,191950.35449379985,709011.0374806338,21274.62110301184,19
2024-01-05 22:00:00,1929.392931730667,1947.815605269204,1916.6193934543544,1935.140513776397,2538.5002553577,19500000,-0.0001197512165971,182463674.9483221,1935.140513776397,1937.3962236483924,1.3817928736311758,1358.1899340040122,1396.8619455223802,37735240018.63974,25833308368.20205,1.0302357229146857,29752321.694428675,221165.53873566503,472141.26413485216,14395.47867098836,7
2024-01-05 23:00:00,1930.6772067208658,1949.89816597027,1913.9446865608138,1926.0915157917786,2695.6782414122067,19500000,-2.029954364071533e-05,189830661.40972966,1926.0915157917786,1925.3027346944912,1.3824357239045884,1424.9171170314346,1338.8470201951136,37558784557.93968,19963484215.82568,1.0227799519380232,26785764.86514692,292575.46011714725,463084.8820085089,24630.749646333574,20
2024-01-06 00:00:00,1884.383483156517,1887.5522772011316,1866.6726887443142,1887.254029933162,8254.914083444579,19500000,-0.0002591163066269,182509524.87405002,1887.254029933162,1885.4995912690288,1.1590196495846103,4197.9152532532125,3345.457361655434,36801453583.69666,25597398904.72994,1.065396679248459,15905164.50879585,194202.5559063276,469286.0950631406,42036.57375650362,18
2024-01-06 01:00:00,1892.0979755229166,1904.784232958859,1873.9099847460193,1894.2223616769536,1235.214454676209,19500000,0.0006968078675744,195580148.7896257,1894.2223616769536,1895.3680128014678,1.1523022562362513,636.9658094896744,709.319526977786,36937336052.7006,20705274414.08025,1.0334491610681964,17687720.915452044,145092.02926033625,442418.8960736919,20054.690402161446,22
2024-01-06 02:00:00,1902.68077924384,1917.0553789449461,1889.7295398768233,1902.7654439143248,2650.918842865124,19500000,7.108545593245389e-05,198787138.86209723,1902.7654439143248,1902.4262568732881,1.568910595103828,1473.8787685119714,1191.7297632665018,37103926156.32933,20802419266.568504,0.9782776131437554,15544392.419795291,118427.80764500808,455856.1722601126,27715.96552067073,15
2024-01-06 03:00:00,1949.2826091751854,1971.5614321109424,1933.34106553035,1955.394720771293,5463.661528510344,19500000,0.0002933542266046,192401924.04939118,1955.394720771293,1956.235531416459,0.6269558643715448,2360.520036531735,1947.699306635842,38130197055.040215,25744434855.344303,1.0141080390169477,25145159.939749356,257120.61541616265,514235.4497671823,44654.34757309609,13
2024-01-06 04:00:00,1989.4371043785939,2000.2836129784075,1972.7696842526434,1988.527273494827,1432.3249647731657,19500000,-6.106073986123977e-05,225431442.3136363,1988.527273494827,1990.2044110013612,0.9113145738666526,755.579723036884,637.3367105729432,38776281833.149124,23385189671.039665,0.9832753383686936,29282163.043113638,195699.4775823005,403058.273181485,28532.06911328236,11
2024-01-06 05:00:00,2006.8469029035693,2019.2876675524983,1993.1306198692102,2002.9712885689144,2160.5676938354395,19500000,-0.0002155783465939,186142971.55403015,2002.9712885689144,2002.037018859471,1.1849473815137122,1286.82194260773,1085.4904507450308,39057940127.09383,19931002343.4765,0.986376215084865,14944784.773188844,161863.08330944928,335868.5534519273,18152.19933261746,21
2024-01-06 06:00:00,2063.8712695798586,2078.250775553376,2048.1322229607626,2062.662822165693,2288.108450833527,19500000,2.9835846724619457e-05,220386319.17125952,2062.662822165693,2060.5669339858773,0.9347675393990096,1257.218820546266,938.4305606153788,40221925032.23102,28361386924.476063,0.957624987981541,27470298.518652655,108558.60305193796,475786.1461729924,23649.66996458388,8
2024-01-06 07:00:00,2008.0009281649957,2031.7053217050363,2006.429486564337,2014.4022859357945,2666.0550221005656,19500000,0.0004303577600137,181411550.41410315,2014.4022859357945,2015.380919768026,1.2814031157261232,1199.055155311868,1474.689466745814,39280844575.74799,21684831662.266125,0.9914166045440038,18802330.350763366,128953.09496170608,385169.5989927108,25443.969903177847,13
2024-01-06 08:00:00,1988.498515650628,1991.4233547232218,1973.4252776638652,1988.9910268015408,1342.1410551892934,19500000,-5.621953741948508e-05,198321520.3575776,1988.9910268015408,1988.1290222462696,0.9921600816731568,683.0364003149843,617.3086439663358,38785325022.63004,18649265282.350674,1.016351028656041,17398562.900274213,190580.52205485184,393228.16720297147,33865.224469247245,18
2024-01-06 09:00:00,1955.5645562048046,1973.6766469610352,1933.8852932609786,1952.6666859670593,4014.39941613311,19500000,-0.0001611595918188,216743750.17088756,1952.6666859670593,1953.147229009416,1.0266989699583386,2139.2272926086835,1767.6582226768992,38077000376.35766,21886671752.589024,0.9980193488459878,20778682.506454278,177807.76184519945,429960.8142805884,31704.53793651352,14
2024-01-06 10:00:00,1930.4183182354707,1938.2004001147716,1928.7779500352558,1937.6962618587204,4159.472911480183,19500000,0.0001466392733107,215848316.04520422,1937.6962618587204,1935.2870728695486,0.9465467350489742,2498.439166383221,2319.377944597264,37785077106.24505,23509441541.031075,0.9670189479025392,17045338.233395908,100049.1766165511,410680.720612748,9595.359876941826,17
2024-01-06 11:00:00,1881.2081530086186,1901.0251252912267,1865.4790747002849,1885.260581007934,3843.688235101251,19500000,0.0002497067802153,190651416.56650013,1885.260581007934,1884.9736769163712,0.9007728231254246,2576.1547689943395,1686.8999884902244,36762581329.65471,23269449355.554523,0.9543094200259504,34012598.34253812,190642.1022661352,552389.3929093413,17036.930247182507,15
2024-01-06 12:00:00,1912.900395418437,1914.3683633415433,1891.7370367990673,1909.5527828614904,1929.10831629205,19500000,0.0005928544506559,206122968.65060908,1909.5527828614904,1911.1089765129243,0.8963520837040262,1090.1635200418182,818.5651101876684,37236279265.799065,26090803794.93728,1.063355378064417,24949794.384627804,109962.08328514892,427902.9481086877,21568.560117532776,15
2024-01-06 13:00:00,1902.3018646876774,1906.0042807862462,1896.974341002668,1901.2748133951727,3112.729880995661,19500000,0.0002061251435117,203926916.0459977,1901.2748133951727,1902.6169850919187,1.0557308325422876,1876.6973372814705,1030.6713011698178,37074858861.205864,22705460961.13369,1.009754822591245,36971707.984413035,228319.7338794734,557986.4330711698,16242.944051396273,16
2024-01-06 14:00:00,1847.8671712758685,1847.9391299284468,1836.6560574252544,1846.3458872032597,1901.274786077077,19500000,0.0002931978035593,188834734.8970538,1846.3458872032597,1845.074940294814,0.8564896946997242,804.5375210092328,777.1414366516593,36003744800.46356,18618009702.67219,0.9752779249120034,22346479.847925063,171465.7776981177,461023.0172948434,7258.819797474424,24
2024-01-06 15:00:00,1816.1320628319222,1824.2185126230709,1792.6142184391465,1809.402912191684,2524.256062573761,19500000,0.000315782571076,207129322.22834998,1809.402912191684,1807.4699915308493,1.2100249469355913,1732.4981806367334,1057.9522927214189,35283356787.73784,18647250506.49,1.0138535037910863,22687019.291169558,144950.07297696185,434649.0485981146,17717.612027936335,21
2024-01-06 16:00:00,1822.6725385618324,1828.7668123673577,1803.4807110729514,1820.9661011093515,8749.34363666468,19500000,-0.0002459046145797,228849989.69044498,1820.9661011093515,1821.1769028641288,1.1395633753020284,4327.098199420923,3098.9011128033258,35508838971.632355,17053197200.699745,1.0656755823341826,56453675.80586224,208467.53168836588,456637.024537404,22002.62003509233,9
2024-01-06 17:00:00,1854.369280147468,1857.447401705306,1849.5642561999591,1851.9325517036743,3127.0573226264773,19500000,-0.0001889996211408,204752800.74483326,1851.9325517036743,1853.1567398582183,1.2459313072081772,1583.1901121129197,1489.5642509860138,36112684758.22165,24223568700.131977,1.0186138707893768,13941125.760139115,177792.92726547932,341695.0758283777,18815.09204563284,11
2024-01-06 18:00:00,1938.0284276326377,1946.7706831832713,1920.8507513623151,1927.5780803134899,1646.2194770776289,19500000,-0.0002251688868816,206309167.87337086,1927.5780803134899,1928.5518448404443,0.7978897322654216,768.5422285765102,564.9045285722357,37587772566.11305,18109129681.291435,0.916387963929144,44605619.35757985,226665.78576058225,473361.87476661353,16332.577690003289,18
2024-01-06 19:00:00,2042.5803437858876,2051.6764078901474,2028.320178574546,2043.4541434061064,3262.234504315375,19500000,-0.0002996437267074,208062756.1681379,2043.4541434061064,2042.6119136644002,0.7118448423558464,1387.75789060508,1197.5889152886,39847355796.41907,25173319559.654274,1.0795687506396083,51721676.243437685,166062.40050288953,524309.7209803683,22302.17279456136,15
2024-01-06 20:00:00,2057.378772641885,2076.4860526350553,2052.8204751065355,2060.6671141858137,1516.411605548207,19500000,0.0003386379624611,175421073.77970198,2060.6671141858137,2061.486897931665,0.9991631991868896,965.9754786684464,710.1774013445697,40183008726.62337,25278496630.273556,0.9445226055912886,36248367.53577046,168502.32747740287,539377.0197201226,24414.35242707836,8
2024-01-06 21:00:00,2022.2166005579497,2040.2776298719125,2013.9259344697623,2020.4878856775608,1636.7941215172282,19500000,0.0001870150274991,204564907.6904848,2020.4878856775608,2023.7254254958234,1.7856100520760816,772.8074742128498,623.119451713028,39399513770.71244,27014318659.818863,0.9938196416386952,23379958.021101076,151552.50201485454,337582.4929299882,19137.802869494157,13
2024-01-06 22:00:00,1938.037147141467,1950.6841428907928,1935.886084496587,1936.3370779273007,1771.2458216628688,19500000,0.0001238488189274,181767169.98563826,1936.3370779273007,1936.9279408994691,1.2881946674920146,858.711169684865,871.2766929683589,37758573019.58235,17836731148.312504,0.9659978709990144,47220502.67490265,173814.12945037062,326506.11600721505,33240.461965175266,16
2024-01-06 23:00:00,1944.8762053568005,1949.3493380053499,1941.890398714306,1946.9271583594125,2387.1256730418245,19500000,-0.0006778149546206,188081690.62080523,1946.9271583594125,1943.9422310053847,0.8950378584109964,1085.0414369618036,1210.640190062814,37965079588.008545,19395349406.317253,0.9777999367008036,23461547.498553745,248820.67118758807,397375.2371418391,22411.15992609984,14
2024-01-07 00:00:00,1911.7643571660665,1921.3787845549002,1901.013942321956,1915.7199242462536,4762.292732698144,19500000,0.0007166430575855,234398507.59830022,1915.7199242462536,1916.3007711749915,1.0886108423666316,3297.723818753782,1859.1377596685504,37356538522.80195,27003872928.10773,1.0085322905494791,20120780.04277762,143531.37874422112,583577.4594501191,16958.863544468863,12
2024-01-07 01:00:00,1908.8393690358193,1926.2731482503614,1887.6525612560204,1900.0616753111303,3980.644815133996,19500000,-0.000168281601246,193215552.78836384,1900.0616753111303,1904.1353257856472,1.1566378384950329,2524.964560922207,1298.5512409171483,37051202668.56704,23033660023.69974,0.9378692947360416,22845633.628435597,191374.7424807437,462404.3846713327,15719.209890398994,15
2024-01-07 02:00:00,1878.3577986177784,1880.0245498872557,1864.9498192901638,1877.1307427651036,3871.888548899735,19500000,0.0007155438267816,185833928.98147762,1877.1307427651036,1874.9018549661275,0.7605772092221337,2628.8957614757373,1730.0974498619698,36604049483.919525,21497816830.45988,0.9972926324353124,21242201.77317843,130599.29586201308,378912.6384368219,20663.188421772094,18
2024-01-07 03:00:00,1869.2979794655366,1879.6562169901333,1854.7481029123205,1872.039714097612,1720.788194063979,19500000,-0.0003347724441953,216215145.2092303,1872.039714097612,1872.2825638164536,1.315116393403817,1133.1682965980142,564.1940095815522,36504774424.903435,24615274515.272987,1.034420272682241,18272881.916523647,97082.55428022702,330847.26294674614,30761.71560814672,14
2024-01-07 04:00:00,1916.0741554007784,1934.1332428233698,1904.6280424825843,1912.5705926786125,2274.107217015145,19500000,-0.0001437203475669,182774506.48610324,1912.5705926786125,1912.3289672445817,0.9670695860488332,1527.94771458714,1033.742519649687,37295126557.23294,26880803169.292835,0.9747027902623736,41598765.10828624,171418.75217659102,385849.2928238461,17203.934510577117,19
2024-01-07 05:00:00,1918.3603838524293,1937.0203943234253,1913.1138462985448,1918.7792347532093,3415.2314814513265,19500000,-0.0005608548147528,190237599.91085288,1918.7792347532093,1919.155090907908,0.9820273016549038,1856.896244949296,1768.6300554845402,37416195077.68758,19789533749.98424,0.9582914482017352,19583512.38224175,178545.96532351832,380670.6232480196,26337.88945777192,13
2024-01-07 06:00:00,1911.9249868033794,1920.7583313816406,1911.6270955061475,1912.8924568256446,2177.298152012011,19500000,0.0002086374927828,217890255.68072283,1912.8924568256446,1913.4553295498172,1.004768264048908,982.3151277245306,1058.3823181858163,37301402908.10007,26873523001.282463,0.9958208469353276,26369513.54001757,158337.98654773706,533451.5572012054,22660.23880190753,18
2024-01-07 07:00:00,1875.9727233934348,1888.4929069709451,1869.993510974543,1873.8654759479498,2593.6379417096678,19500000,-0.0002303770462433,197845961.06786814,1873.8654759479498,1876.1890166437756,1.257226403891471,1291.7979479604078,1126.8845711993556,36540376780.98502,17634692328.32248,0.9898497552984588,14977642.549792416,111971.9594980463,541722.3337933479,40053.44197901052,21
2024-01-07 08:00:00,1807.6409084891156,1820.6012336752976,1801.9940586026173,1812.32352574353,3717.026673167727,19500000,-0.0002219000462295,174014666.28835353,1812.32352574353,1812.6584128406384,0.8598163735677666,1812.925696035898,2169.8424374239817,35340308751.99883,26268625168.910206,0.982143169889966,27014982.53993306,175619.5468564507,358620.3638257182,24762.246138413702,19
2024-01-07 09:00:00,1796.2274161415341,1809.7612809206976,1791.7627671386701,1794.9615116235686,2503.922194865936,19500000,-0.0003117542651523,205940340.46096188,1794.9615116235686,1797.4336395202802,0.7107788055001616,1540.2630777442002,827.606805013974,35001749476.659584,17481817949.368813,0.9643496177164717,16805343.992122013,173959.6071680224,514336.609461494,17863.80947524376,8
2024-01-07 10:00:00,1800.0717732568962,1800.64025987632,1792.8498767291533,1793.2111096300066,3337.6751961225127,19500000,0.0003332065188213,191014640.64915368,1793.2111096300066,1793.1794493065229,1.0667227080773902,1360.7762049407604,1882.4503194878696,34967616637.785126,18528322868.69963,1.0155755374355837,16641058.066786667,130327.3761840254,503909.2038510113,27471.677906208515,16
2024-01-07 11:00:00,1859.6688754480276,1862.3497210782512,1855.0113415734152,1857.9366183495213,6610.167203149091,19500000,0.0003134390954702,223018664.93296158,1857.9366183495213,1857.4718800775581,0.6644925467401528,2925.743718413677,3569.745850612388,36229764057.81567,17353266523.697533,1.017857905343252,25542715.905641735,116032.67449797469,349431.8528834809,27750.429520438425,20
2024-01-07 12:00:00,1861.5683102081175,1874.4123937565885,1849.1684120044658,1862.9700539747,2735.5029734972845,19500000,0.0006436101673236,187836591.8310777,1862.9700539747,1861.9096831220672,0.9415566911708626,1654.6114725031807,1165.1097324528405,36327916052.50665,25106330026.292454,0.9680305979663054,40725574.221267164,152802.72939282432,435058.7072823553,19553.248128850704,15
2024-01-07 13:00:00,1898.2114152176732,1904.557371009149,1886.2605529736445,1900.1385558080644,5375.833468381347,19500000,-0.0001057119863218,214469047.27002683,1900.1385558080644,1896.8758525403555,1.2679163172426124,2349.4150484453944,1859.286578190604,37052701838.257256,27614252967.5608,0.9721823906618872,31824385.113158137,191612.86966303893,473621.6132668329,15534.230521942727,11
2024-01-07 14:00:00,1879.902434144351,1893.9779172271287,1862.312494631417,1881.4464995573082,3942.9522891056313,19500000,0.000165645811314,227266466.63564008,1881.4464995573082,1882.1535121793747,1.1227923820480885,1634.3046547043416,1367.2582766649357,36688206741.36751,19778353696.736526,1.0040947598201715,32711133.78713701,180622.3529779326,457095.2550631716,25869.25708086845,14
2024-01-07 15:00:00,1836.6329300424452,1844.020230618343,1821.9735083654853,1837.5662765478103,1431.3581149174888,19500000,-0.0002868005592205,184194431.08452296,1837.5662765478103,1841.5243948375803,1.2317934700906084,619.4410496084788,825.2376812803142,35832542392.6823,19624895389.105534,0.97105085025737,25332812.09716029,130586.45156884684,314233.5520153482,22450.19441467859,10
2024-01-07 16:00:00,1801.2552561681912,1818.600163932368,1791.0285192713727,1802.6173373804425,1718.0264278949635,19500000,-5.117068205954026e-07,194145971.5162209,1802.6173373804425,1803.623622330139,1.1320954239915817,1043.1895055555883,635.8611652342003,35151038078.918625,18759897097.602436,1.0053598594809037,23331660.133035038,168422.54866382116,454174.3757806641,13975.13520116868,12
2024-01-07 17:00:00,1780.0938888648457,1794.6774751211503,1774.3934626677528,1776.8376155926474,1964.910661658657,19500000,-5.565359398435325e-05,203396519.16486686,1776.8376155926474,1778.23553788549,1.619418117117474,868.092770956259,1104.7409807421743,34648333504.056625,17201110772.43935,1.0440413958584818,36617402.431828216,203166.5980234756,502450.7872439149,23774.201465452952,18
2024-01-07 18:00:00,1847.867216847716,1863.4336453019473,1837.4439186263216,1854.2949787220275,1944.1546640138895,19500000,0.0002393349872486,184100110.43107322,1854.2949787220275,1853.7145263078705,0.8890089948913817,862.9933574262748,876.7915239651771,36158752085.07954,24813338502.451,0.9982053195631506,21301904.53182373,121398.47219981105,606778.3420664674,18195.00037385956,14
2024-01-07 19:00:00,1827.4094092864868,1841.5333668319713,1823.14072056162,1824.2643773160637,2849.375501429886,19500000,0.0004051065419254,201480165.8473708,1824.2643773160637,1824.0010750519057,1.0828823572656192,1336.6137221579124,1249.5092590447416,35573155357.66324,16655918801.529549,0.9635915089768228,37257043.34597888,165344.89466621957,387023.9126787484,13979.110504014165,11
2024-01-07 20:00:00,1853.891507583618,1860.3307949006353,1845.9033690630579,1855.3003726868203,4053.443411966896,19500000,0.0003973200072494,193654128.53126,1855.3003726868203,1857.3127084443565,0.9161051812183184,2534.509578857003,1969.379183458138,36178357267.393,26784004244.258614,1.0117631049196525,43748009.90396659,227501.0755473708,396689.5915980349,19818.38055611671,10
2024-01-07 21:00:00,1823.6530812888682,1832.666664938269,1815.167670908647,1822.2792730151048,5583.545279389883,19500000,-0.0001528436816652,193342251.55835935,1822.2792730151048,1826.1219017289438,1.2108956034780625,2569.0219789956545,2035.2677206688168,35534445823.79454,25875993600.876663,0.9946703581144116,19058489.30460838,118334.0647997322,424312.9904128107,32366.38361010042,16
2024-01-07 22:00:00,1852.5498840279522,1860.4016378586907,1844.6244197987435,1856.7349196417204,3477.564753617464,19500000,0.0003995403713868,197943655.04219598,1856.7349196417204,1859.683318024687,0.9877605437744256,1427.9319712849867,1490.175453363243,36206330933.01355,17579322335.017548,0.9954952888752606,20212255.938154556,217266.843966092,468946.1322693648,31647.627049632232,18
2024-01-07 23:00:00,1876.2447067955768,1892.3970379639873,1866.0359411668685,1871.272245914666,2385.490928001861,19500000,8.677445886766089e-05,198297519.28382432,1871.272245914666,1872.9662050660393,1.410252795472047,1602.4750162214636,1387.2711128525818,36489808795.33599,22217081182.87333,1.0142596861863638,21451383.57704595,243969.1015050353,451081.6090856786,29261.432488446244,15
2024-01-08 00:00:00,1870.2534544926527,1885.6469050243338,1852.810834952801,1865.6057270616036,1052.453493819025,19500000,2.620931230895522e-06,199772218.46246332,1865.6057270616036,1865.8578647565303,0.8992778819716557,697.6667137304992,390.9623493447905,36379311677.70127,27206464962.69102,1.0207311220833497,14839347.948368223,153960.07872124558,499249.6736480483,23879.362401075978,15
2024-01-08 01:00:00,1867.8497038512312,1884.7005037609035,1848.5943378840598,1864.2718286827776,3088.049027218828,19500000,-0.0001125534460456,187947231.63705027,1864.2718286827776,1864.8492289294563,1.325017020668726,1406.4386516665031,1780.183271915493,36353300659.31416,25657642469.264206,1.0010650649641992,22116108.96926894,149379.87621405447,353261.0890483998,26337.239336262868,21
2024-01-08 02:00:00,1834.6260527204875,1856.3482989273257,1820.5266397546825,1840.2009591029293,3019.616443524259,19500000,-6.79807383084656e-05,188604760.35023868,1840.2009591029293,1838.9983743069367,1.125950880887983,1448.2164315838745,1806.52451751498,35883918702.507126,23846303561.243595,0.9981795904987216,44909405.21923166,210717.48987148496,478959.2203783209,22688.04413073369,13
2024-01-08 03:00:00,1859.9564907232561,1877.8045636841694,1845.2207520593413,1856.8773384678389,3266.467408621841,19500000,0.0006226941538588,195308496.3787992,1856.8773384678389,1854.3739567490736,0.993528815070108,1491.3621119795976,1030.8061640230967,36209108100.122856,16538085885.50546,1.0619062447142018,17563750.218027774,155354.89226935044,381382.0562410799,15811.37271433716,12
2024-01-08 04:00:00,1841.731090738958,1845.9364301083451,1830.3341869789222,1840.2410288529443,8545.158539436092,19500000,0.0001922232299482,196465479.09835514,1840.2410288529443,1838.3514723866354,1.1145920545115875,5262.624428782849,3925.763215957743,35884700062.632416,16884226263.611101,1.036016619967219,45338011.73353513,90374.58114584704,429910.8839610037,16786.821622652616,12
2024-01-08 05:00:00,1790.0950775020265,1812.5950316364847,1789.538641125821,1795.8607648012044,5543.039486680765,19500000,0.0001523835542503,190368068.5486422,1795.8607648012044,1796.1297848057682,1.0536421512268082,2632.9585297968792,1948.632194837015,35019284913.62349,24100451510.126553,1.025006383541955,22436510.50240809,158784.20392263235,622564.6301409081,18358.45889246728,16
2024-01-08 06:00:00,1750.6324003302495,1760.7178052054687,1737.976483516146,1750.7174760390287,4413.972952451755,19500000,2.1325942438915987e-05,202346691.26684335,1750.7174760390287,1750.381351831685,1.0737862307981605,2999.007391671639,2147.460858719459,34138990782.76106,19217980074.47547,1.0039361783764058,62158128.829896584,183065.81135205328,334486.37933575903,33537.10520749346,9
2024-01-08 07:00:00,1758.2275924893609,1765.656017631721,1747.3715976463334,1756.9466571854891,1842.6525854023348,19500000,0.0008337935834314,170525766.48623407,1756.9466571854891,1754.5406211601714,0.9594700150529598,1194.5774961705597,1099.8107685864256,34260459815.11704,22287441959.85135,0.9698277029231508,20314646.374188703,195833.6715501836,418363.7323919282,30424.61364999439,19
2024-01-08 08:00:00,1815.5179633698724,1825.6916521132048,1808.5911852836716,1813.5010771537586,2306.5371866240253,19500000,0.0004915031466539,185978308.8028916,1813.5010771537586,1813.614741273364,0.8690820828431857,1329.7655990668975,1312.567897163631,35363271004.49829,23755436011.626183,1.0338215915780198,25190692.180145342,130593.23679129891,342857.725466214,15931.231884227896,22
2024-01-08 09:00:00,1820.1402633278637,1826.3761067643652,1813.5301407150853,1819.4952109113776,2842.893630817261,19500000,-0.0001163186344396,192803805.91214514,1819.4952109113776,1819.0977779820942,0.9351818992218458,1144.7805789597332,1641.641829536732,35480156612.771866,20459818697.15467,1.0043288244015407,18541178.478256427,152138.97938448904,456166.7013880645,22382.11171436661,11
2024-01-08 10:00:00,1816.4220012425333,1821.663341546219,1798.3799442495908,1815.3646188224645,2022.9182741240184,19500000,1.791548358861275e-05,184118235.10310498,1815.3646188224645,1813.417006969238,0.7141737523697239,1345.444606806987,736.3522530762036,35399610067.03806,17452521949.828186,0.982684929585306,20266859.98215573,207778.2773890888,545602.835799714,19520.448910644373,17
2024-01-08 11:00:00,1831.335991477042,1835.755267801019,1814.5539262897396,1825.9544967806585,3828.514938604067,19500000,3.5726636988726905e-05,224618451.01141828,1825.9544967806585,1825.4611622012808,1.1833976512445283,2367.27987608952,1771.438087334857,35606112687.22284,20153357124.900696,0.9927057863923692,45574074.58462374,160331.74351225822,457682.5148790763,21025.04947963401,17
2024-01-08 12:00:00,1879.0605856785148,1880.609457539971,1865.5434636029433,1874.464272157353,3563.342987331725,19500000,0.0001437615934847,197467950.65805587,1874.464272157353,1874.0501036516841,0.7811150768836457,2267.612483772048,1320.037932843196,36552053307.06838,26000006717.181324,0.9710145230128556,32261740.46248274,111058.8479488513,432205.6645704484,18754.46533629915,12
2024-01-08 13:00:00,1872.0983874526469,1892.2449111775186,1860.4741215762228,1882.895114986397,1729.947090455932,19500000,-0.0001103677977894,199978312.37518683,1882.895114986397,1881.9223414394128,0.9574043954110754,729.2549772835881,985.77127392422,36716454742.23474,20169293440.493187,1.031719871289576,40269504.08177602,221772.9749853365,577047.8470084575,33580.723865345484,16
2024-01-08 14:00:00,1866.4848896027465,1884.2510950247427,1858.7624516249982,1867.67063093474,5423.021191536479,19500000,0.0002316449570085,189693363.40617234,1867.67063093474,1869.5881126491488,1.1383831979122705,3321.9695221867464,1937.8960040474808,36419577303.22743,17073309651.725494,1.0204911124936535,15765620.126784734,154271.95174377837,472645.29767623136,21901.886177840268,12
2024-01-08 15:00:00,1909.0169437128068,1921.6794645742991,1900.0410844510272,1909.64579399726,3137.4171192142403,19500000,0.0005356264396117,196921472.92107314,1909.64579399726,1906.2028906122175,1.1827938901722477,2012.266684232085,1086.135133998741,37238092982.94657,27472009311.123623,1.0054489738458503,34674298.301203445,213801.7995027929,521212.5543109907,23502.14661736696,18
2024-01-08 16:00:00,1919.5342034476191,1936.3197550683904,1913.9616179693408,1926.2842833346128,1255.720043183719,19500000,-0.0002940884327012,178903592.4602699,1926.2842833346128,1922.6516983772783,0.701222255436784,862.6678744968704,381.2978710814623,37562543525.024956,24573531392.204346,0.998716432791242,18092364.918999493,114821.70650331464,510451.7910557413,23559.33618454644,8
2024-01-08 17:00:00,1986.941205756831,1995.4570950545142,1977.8290233103426,1986.5670038452201,2905.406442408364,19500000,-0.0002384440211276,194509690.68652496,1986.5670038452201,1986.772187976573,0.9817980779449512,1668.1133723383207,1030.211678185935,38738056574.98179,23717647295.397305,0.9795799336825048,15629184.114031248,157905.7023233983,248886.4180999268,16182.229060159922,19
2024-01-08 18:00:00,1999.0401012682407,2008.3236760092639,1980.3887858332191,1994.0599056565593,3430.9869111133703,19500000,-4.494756658919207e-05,182930568.54644427,1994.0599056565593,1994.4509950213355,1.0963088430013042,1895.320247797537,1224.618226466065,38884168160.3029,27169620519.525047,0.9360978206872445,29358256.070178214,184874.779242042,435681.2769661072,22755.590019800977,15
2024-01-08 19:00:00,1941.7853492754657,1950.0868695817649,1941.009762825918,1946.0143024661927,4848.3619311018,19500000,-3.103866803234888e-05,192842744.5122673,1946.0143024661927,1946.9955123324057,1.0104575235056088,2558.088053089082,1567.2187219004743,37947278898.09076,21757004181.244427,0.957612193100198,29238393.211676467,159247.32640450547,356605.39247912786,30293.69992272672,10
2024-01-08 20:00:00,1894.9505156383966,1910.5447432866404,1878.6211998142512,1893.6764465699946,2518.1047102670927,19500000,0.0006995397624237,160657380.01603016,1893.6764465699946,1892.8451727766983,1.3084130511622558,1537.0166279136438,1410.9503010192395,36926690708.11489,27530130689.784184,0.9777206398144213,27259597.550978485,121085.04748048296,374795.7991985114,34262.51901682929,13
2024-01-08 21:00:00,1953.8570271021981,1961.3256026378842,1948.3280114578179,1957.44237045884,4509.624338179532,19500000,0.0004005127660044,180156711.5081439,1957.44237045884,1955.8413317469451,0.8484353589171014,3049.617185328389,2408.136432000683,38170126223.94738,26996658492.328197,0.9732110085395844,35555352.70740791,89616.89785281896,594167.9018588009,15609.820426319782,15
2024-01-08 22:00:00,2023.578127556414,2040.8220546720886,2009.7659968690193,2026.301119728296,3273.355856250889,19500000,0.0003832967056354,221668153.7578357,2026.301119728296,2026.4889251523969,0.6637775331785407,1898.305852809557,1231.909306770008,39512871834.70177,21106330851.9016,1.008680818738482,37844810.94874173,238188.1728233831,410462.10564565565,13966.538335115887,13
2024-01-08 23:00:00,2025.2073060676496,2040.5985780454887,2006.2627065345885,2019.2408788271794,1544.526539560831,19500000,2.0690291945979863e-05,210713453.07759964,2019.2408788271794,2018.5511502929712,1.1759369138518472,723.1243007196306,826.286654892134,39375197137.13,22101865004.444954,1.0243448122591996,48036401.302351184,173166.62330955215,645973.4217788809,22440.897940558625,8
2024-01-09 00:00:00,2001.85086876823,2015.545990157852,1988.7862284966698,2004.0254681471229,1469.1166977126688,19500000,1.4105977963955777e-05,219113639.08352858,2004.0254681471229,2007.334257291782,0.898150864778391,595.3921342382629,626.797704778244,39078496628.8689,20818009632.049984,0.9961468234329688,16575573.718610547,217880.11584686456,333855.09013618244,30722.675381789217,11
2024-01-09 01:00:00,2065.579415351538,2083.403844922244,2051.1219213015397,2063.6717056803714,5225.365022062439,19500000,-0.0003355116241296,220320884.56000236,2063.6717056803714,2063.2089742490584,0.7034854256785016,3060.6736186935186,2783.322516128845,40241598260.76724,26068598011.789608,1.042267508053643,48660803.339961484,205287.61500091868,356206.4807998083,24535.56401120129,15
2024-01-09 02:00:00,2011.1293045064788,2024.5594882182781,1991.8405263810023,2018.6841010273722,5420.7642454600245,19500000,0.0003345220684143,208076612.70965216,2018.6841010273722,2018.7786054172923,0.968794776854785,3574.3400936061885,2151.51377266144,39364339970.03376,25264016832.985844,0.976513068412401,56655662.82951821,188945.0869391652,515282.27288943983,27013.413632463056,12
2024-01-09 03:00:00,1990.4665121295925,2008.0148076835994,1972.9993889833256,1983.0802617354223,3503.278821888924,19500000,0.0002473163814426,190154681.37596515,1983.0802617354223,1988.1875226137745,1.2790423005416331,1470.65046656292,1644.4260045701926,38670065103.84074,23463130140.49111,0.9959338861975516,23047915.73489176,150191.38521080156,413215.9828110082,14646.04033670707,11
2024-01-09 04:00:00,2011.3827856763753,2026.0540220976786,1994.2493665321108,2008.9613747023761,6297.155865910701,19500000,0.0004857992094034,181469441.3995204,2008.9613747023761,2008.7710050670162,0.776739286474883,3269.9327075527253,2610.0650786012266,39174746806.696335,28979601701.88597,0.998470384621672,13690068.939679144,183954.13356424103,470459.6466221894,18553.314934135924,20
2024-01-09 05:00:00,1992.640593893908,2009.2901974953095,1978.5835241503748,1993.3681726496131,5055.86848854782,19500000,3.675108599314982e-05,216114188.12425002,1993.3681726496131,1994.6761348609666,1.5955191844923653,3448.173484817731,1801.4198213697732,38870679366.66745,22999104104.866993,1.0327655898650323,15343129.481586223,232846.3881012291,432586.9539432365,11397.693715545453,16
2024-01-09 06:00:00,1995.6578607479544,2008.9205979620722,1988.6536429420132,1993.3633141507119,4195.695361417774,19500000,5.746625613988094e-05,198191311.96284315,1993.3633141507119,1994.8509799962287,0.8457120710046476,2309.74329790103,1995.8497608956045,38870584625.93888,26630887375.7308,1.0031766124624653,22183012.55887527,166167.68898572176,429976.0345048007,21104.753642975746,11
2024-01-09 07:00:00,1981.4538446229637,2003.8739417041627,1975.840270180355,1987.0566267004472,1890.022959064658,19500000,0.0001510136585681,240709105.5662109,1987.0566267004472,1988.7086688460474,1.0175544707670865,881.1239197479649,992.733122818704,38747604220.65872,25086304641.26931,1.0040070674367438,59723404.83805261,261823.33491832847,416296.4002988199,11507.26861015647,15
2024-01-09 08:00:00,2005.4494933822245,2025.36558949338,1992.234288054585,2000.717673074268,7084.852799257175,19500000,0.0003675692726521,191494580.93010727,2000.717673074268,2001.4969271296138,0.7836235940357699,3585.622205371602,3726.1517757235656,39013994624.94823,23621236922.086666,0.9503547065497624,26867015.600380007,111875.79127298402,458583.9596795584,32853.005473582096,9
2024-01-09 09:00:00,2056.7095715125815,2066.6902535131408,2050.9981315968525,2058.043120789484,3897.734305926268,19500000,-0.0003410646866292,230880212.78901958,2058.043120789484,2058.6478578150272,1.0083567944218113,2036.339598999516,1585.9367383643096,40131840855.39493,18566134627.947304,0.9730027987236772,20846659.124839146,108909.53333413698,502991.0509167329,35117.20430022242,15
2024-01-09 10:00:00,2061.139666016921,2078.764029756697,2053.5805785324965,2061.981241040717,2457.944259504687,19500000,0.0003208168401215,194712479.2393015,2061.981241040717,2062.394326588299,0.9736050364040436,1069.665030400129,1119.872661898595,40208634200.29398,26024978460.52147,1.0328785682109274,20285502.025167897,208359.202351674,611019.6696535076,22975.71454267814,19
2024-01-09 11:00:00,2086.8635999487574,2104.471314199045,2078.704785206551,2088.9176561384397,2134.238094027674,19500000,9.385133134815084e-05,219411998.92479947,2088.9176561384397,2087.9233440718494,0.742376478946023,1276.7816313288604,1129.2970423593108,40733894294.69957,26182872503.775204,0.9377397320920844,15720701.619420739,132629.42841651436,424852.56971289,13991.818818739635,23
2024-01-09 12:00:00,2002.8689832801297,2014.2785667142714,1990.774367288075,2005.1976249074992,3389.344743732156,19500000,-0.0002175911803861,225834558.07122448,2005.1976249074992,2006.050874200306,1.7597388085254937,1957.852614363441,1072.2167637820037,39101353685.696236,19060431827.175995,1.040289779572919,37860098.98044404,271260.32024716504,408918.9875161001,24654.477258291965,19
2024-01-09 13:00:00,2006.2285793566714,2024.8252951053653,1999.0397341665546,2003.4451104761542,1292.6768922773429,19500000,-0.0005253817257962,181677176.03059497,2003.4451104761542,2007.709735571078,0.9056816324068414,768.2596759558005,415.681583867909,39067179654.285,26908476844.013542,1.0149899346686269,25719252.871317822,227370.3222594717,398517.8976329647,38474.069256038485,14
2024-01-09 14:00:00,1971.1464568374906,1978.9211695731092,1954.2924525691913,1970.1381131598725,4229.489747418349,19500000,5.905788643649399e-05,189666544.6284524,1970.1381131598725,1972.7203375429513,0.9058400702163236,2466.796902230067,1746.215990662767,38417693206.617516,22670212571.107033,0.9775743601490874,61805919.96507814,242048.3737493732,593597.5069868544,25405.49199490077,8
2024-01-09 15:00:00,1925.3928690907412,1936.2803095198628,1914.47306675174,1922.8863938241332,1850.506367260903,19500000,0.0005343138949822,181531466.93675733,1922.8863938241332,1923.6630822932893,1.2138621984669171,749.4580774612556,679.2125963600982,37496284679.570595,20519609475.968037,0.9750385307077812,34307058.043167524,203030.0093457807,507912.7599457986,31429.279235253023,15
2024-01-09 16:00:00,1889.565201359412,1891.6003233455624,1876.2202583883952,1889.598438222445,3587.834350289591,19500000,0.0006024054000224,178693453.81352904,1889.598438222445,1891.4045727161526,1.4374216339203796,1622.9168814728705,1479.600662529341,36847169545.337685,25689397652.02354,1.0568786589954493,37190073.14432219,129262.96464642104,302607.9386263018,19042.91521184668,16
2024-01-09 17:00:00,1879.1278213254832,1883.370425810834,1875.6722237403762,1877.2010628638523,2296.6109869120646,19500000,0.000206612863201,207978081.41330916,1877.2010628638523,1875.7571650304535,1.2526826523958603,1032.7207384029923,753.577602052356,36605420725.84511,20243210857.866787,1.0423421741943826,24221130.56425307,107491.23624950153,299951.4356719632,16960.408339032998,25
2024-01-09 18:00:00,1910.494049803231,1928.1707238897507,1901.5153889123505,1912.0958076578347,2611.7888368023905,19500000,0.0006886016991526,194092932.65480375,1912.0958076578347,1911.7888930407114,0.7864422194449706,1121.4641142593437,1247.396640785242,37285868249.327774,23734514714.562187,0.9964167768536952,17247293.161951058,236528.424368602,374740.25967537833,21563.156016212477,18
2024-01-09 19:00:00,1870.5296337399543,1877.9472699338708,1861.6995972856603,1862.2251084993677,2041.7142725033343,19500000,8.711767511297654e-05,197997945.453113,1862.2251084993677,1864.1764407891446,1.0437101344336728,1267.1751239671376,1023.9649353031856,36313389615.73767,23072599607.46819,1.0040377518835717,18814633.715196013,111871.6989441084,463253.2171264298,12357.128642150345,18
2024-01-09 20:00:00,1857.7088168800751,1870.8966231980826,1845.152377367944,1863.5526586723797,2750.080008973576,19500000,0.0003859910654928,206142253.01434562,1863.5526586723797,1866.5104283155065,0.6864138889855798,1199.1480891507515,1478.3114280084271,36339276844.111404,16928353945.776712,0.9806145591726918,15430847.197460394,241885.90376896752,439461.7546376442,43443.93644122497,12
2024-01-09 21:00:00,1850.4336349047674,1854.985350400848,1839.4346843379801,1845.7788121142937,7667.069689128193,19500000,-3.536926667192817e-05,169945262.7856978,1845.7788121142937,1844.540541548076,1.1976257033361122,4603.755033753147,3796.4023169184447,35992686836.22873,20762384611.03334,1.0040435193347832,38406443.162684195,192413.8288320607,490389.7246410099,22968.868026348293,20
2024-01-09 22:00:00,1838.9227280828086,1847.9630622538082,1816.4971024958165,1833.905502082375,5958.236419626574,19500000,-5.437965178524457e-05,218548646.58814144,1833.905502082375,1833.2020373711891,0.7210566108099211,2702.1620598167274,2495.991145024249,35761157290.606316,18482568555.969246,0.9797828893429212,22876296.18514456,159681.55608913163,427158.8818152757,28567.697096125088,17
2024-01-09 23:00:00,1868.0539710554929,1886.3219585371494,1861.9991557934784,1871.2431637356535,3559.0163429211634,19500000,-0.0001032527350641,191739909.41629648,1871.2431637356535,1875.5121725938607,0.8515983659863736,1549.9268945439512,2065.932352351857,36489241692.845245,18604813396.85298,0.9976437092747746,39058775.045828484,181772.63395303045,585068.2313949208,19178.544159833225,14
2024-01-10 00:00:00,1900.1141237784861,1917.1232636113023,1881.0145759689974,1891.6799792637066,2943.494815762859,19500000,-0.0005181586841372,205749508.92222843,1891.6799792637066,1892.0512427406002,0.9993599041425538,1320.9198329572782,1524.4348018391506,36887759595.64228,23847514825.635536,1.0543098813929423,28174945.038609073,182831.9554759851,516289.1603369804,13864.322447768684,18
2024-01-10 01:00:00,1947.0244332909826,1948.3895784141462,1938.1542069442285,1943.155648158998,4546.44367003449,19500000,0.000486127677984,207208260.20072964,1943.155648158998,1946.8930398397044,1.093082090698536,2512.005771054077,2083.655018975865,37891535139.10045,17180893483.787334,0.9971315786034872,23734744.944457516,154723.8823086478,449331.1044823561,33784.06258797483,8
2024-01-10 02:00:00,1941.1169502838964,1952.2748929317438,1925.3402928130315,1937.3540700689543,5244.7622821788045,19500000,-9.248973174140486e-05,220022777.0738556,1937.3540700689543,1937.948561341509,0.9491514304332676,3113.5256093239414,1898.8930505611809,37778404366.34461,27983359215.428463,0.9685593435617912,16713657.7462362,232447.99666413252,556302.7203378147,15721.2710076231,16
2024-01-10 03:00:00,1910.8732782371108,1919.802280160484,1901.8421032201436,1910.7661905420025,1968.625394515424,19500000,-0.0001404316339265,195523144.23718342,1910.7661905420025,1911.4276601213026,1.3550207059334094,1266.9629271905235,973.8642101428946,37259940715.56905,21186646954.968727,0.9590088385604508,30105878.1923584,230464.06179693312,318131.07269837655,24456.507846343327,19
2024-01-10 04:00:00,1901.5941970513502,1914.1069332645234,1894.5463515379267,1902.420708134838,2867.742936805036,19500000,-0.0002539915044838,166363699.3365317,1902.420708134838,1902.0297780148207,1.155632619383398,1257.702181720396,1369.393587954856,37097203808.62934,20019174331.92067,1.0038135327209343,24449606.988637634,169213.21491775618,434949.4330566446,25157.85476321021,25
2024-01-10 05:00:00,1911.0601923804682,1920.4122025166914,1907.167566314078,1911.8609134831788,1198.7335281113717,19500000,3.8692169039115104e-05,198073377.8736162,1911.8609134831788,1913.8541339083833,1.137627496972962,701.0865253453345,605.3592325806349,37281287812.92198,27065928631.191456,0.9771731453652164,38280511.151792064,140084.54375972706,454749.7111634591,22520.59248309661,20
2024-01-10 06:00:00,1920.315108302564,1927.970345025878,1916.6765054480495,1918.816395280411,5226.781915384074,19500000,0.0006290476931679,200361632.63000757,1918.816395280411,1921.6136027446057,0.7820159201492475,3304.1200132368585,2792.8652137068398,37416919707.96801,22300545608.18059,1.007398094259476,20043463.24567064,225593.16724235317,499022.91722940205,17406.94823153072,13
2024-01-10 07:00:00,1883.0997588289704,1891.985743386691,1875.58622379769,1877.837358960727,8370.861864491344,19500000,0.0007281336552468,181512855.34700483,1877.837358960727,1876.0815768422567,1.4047699876260404,4132.874906730106,4809.184747234049,36617828499.73418,23226599835.46357,0.9514149072061436,34141390.90280904,98160.57184064772,313943.02501643205,21059.56918428627,18
2024-01-10 08:00:00,1882.1093302206739,1893.0631901248014,1862.630861922776,1881.427071264895,3102.741369098261,19500000,-0.0003982600627406,199510446.95352128,1881.427071264895,1880.9521039617916,0.8516215603213365,1315.2975953987998,1814.2255550161688,36687827889.66545,24168298301.215767,1.0207075040372764,51439518.258719124,181856.49240415293,419961.625666722,16563.963683831375,17
2024-01-10 09:00:00,1886.7779487081243,1899.6933161784968,1878.998560833624,1890.22361322528,1030.18629886071,19500000,-6.334398792884685e-06,191557087.93344107,1890.22361322528,1892.14233862133,1.415536323650619,460.2705378984123,503.8184306673468,36859360457.89296,26222610876.982445,0.96819505384621,29757753.329355415,195808.76576545867,479304.8764817176,28078.32787534072,14
2024-01-10 10:00:00,1991.3088039037088,2000.7106579240258,1987.9924678802618,1988.030831067733,4041.799361413302,19500000,-0.0002103073310281,177088043.9495278,1988.030831067733,1987.9720874648015,1.4984616443012702,1727.7382495378367,2383.7999549623464,38766601205.8208,18953867336.285603,1.0013889177783202,36531829.7814926,132311.20512056502,486714.2261850813,26146.329026672018,16
2024-01-10 11:00:00,2068.0830500986117,2084.9965635215763,2044.608905261831,2064.2800239289923,1896.8604750721768,19500000,0.0003965013223634,208051602.91863123,2064.2800239289923,2063.467966164595,1.107971988061709,1263.6193635196848,1087.7104799495448,40253460466.61534,19100104114.943176,0.9898509034768008,33542840.635027926,207616.18130374828,560859.6462640722,21885.492865502485,15
2024-01-10 12:00:00,2032.2125071940377,2047.3656589316151,2029.149668344854,2029.5551719304087,2139.4953857686432,19500000,0.0001859780641881,188475747.13833296,2029.5551719304087,2031.807048947269,1.2292480236453651,1097.5835986878787,643.5266371618382,39576325852.64296,29607573174.924446,1.0515516688683662,57014404.2524509,161684.71831053728,515195.1636904122,18573.56400193026,18
2024-01-10 13:00:00,2021.1342466368592,2028.0339642934086,2009.677634144162,2018.1252263379283,4077.699233149626,19500000,-9.097079821395048e-05,190863213.36852908,2018.1252263379283,2020.5539456090764,0.5397852236019935,2271.2971550094867,2003.3134458911336,39353441913.58961,17813931312.49435,1.005144675202886,30959859.69709226,141998.95387981727,437062.1965385949,41448.01912576873,15
2024-01-10 14:00:00,1959.0470020013508,1975.8012843157896,1944.991278863361,1960.1090993877558,3385.568312734909,19500000,0.0001217719241773,190007024.1149294,1960.1090993877558,1959.4237627443008,0.9617502445265624,2134.961199830998,1196.9366074384843,38222127438.06124,25320570384.21953,1.0583641584434378,35305928.251684755,207068.68626550052,506355.7425627594,14903.938772594633,19
2024-01-10 15:00:00,1933.6826388854201,1953.819688318638,1915.997192081626,1937.2820669932464,2335.4166997789966,19500000,-4.322558642231253e-05,217653780.19650266,1937.2820669932464,1937.8872090662464,1.2466165581882755,1194.447765600284,907.4443663960394,37777000306.36831,23924915047.642303,1.0168222720018727,26299684.341297984,124067.23220146232,424950.2035350789,13857.973791143544,20
2024-01-10 16:00:00,1946.3585145285563,1952.736729537706,1932.483191496361,1949.7440244354482,2154.2484264917634,19500000,0.0005842738283124,196525865.8250975,1949.7440244354482,1947.5827823258965,1.2031005950599942,1281.1978823056536,838.5413290959423,38020008476.49124,23411402173.143986,1.0427621776693743,19576148.932280295,202257.7866171804,455592.8380231117,21491.1866283618,20
2024-01-10 17:00:00,1991.0036915237445,2009.1767904475287,1981.7728856288306,1997.5374898278053,3174.5400275225743,19500000,0.0002640878545048,198421852.79666552,1997.5374898278053,1995.9484868866818,0.7835309876977994,1342.8429900129756,1412.4763221099386,38951981051.6422,26711258205.98909,0.9937360538073124,16457759.596953126,99152.41062332087,518637.50544126274,20385.63575232948,20
2024-01-10 18:00:00,1969.7512683761545,1975.3712049889043,1949.6332581665818,1968.8182508742923,2429.078445194129,19500000,0.0003009470262749,190340858.30037454,1968.8182508742923,1969.2595914745277,0.9429477482854134,1322.0786408819552,736.6419731818376,38391955892.0487,28707273440.323536,1.0103650914847098,44293457.261992335,174804.9590553114,438423.159857368,30615.89925273068,14
2024-01-10 19:00:00,1943.0980839684553,1957.787677191994,1942.3340697901078,1943.4224364436882,1711.9381576795236,19500000,-0.0007000752434098,204608151.53869024,1943.4224364436882,1943.677815342972,0.6021353042481887,734.3456134098282,634.6821078062109,37896737510.651924,17586577780.83136,1.0365593076705686,17827168.248085886,164548.5576732258,475631.1490663744,26737.83644257495,9
2024-01-10 20:00:00,1860.2751704607447,1866.3595851929388,1841.9162598577163,1861.9136086501494,2524.298318081788,19500000,7.996339635135676e-05,219645040.74124858,1861.9136086501494,1860.2995602579426,1.086105723469591,1197.7422988503597,779.3424902269305,36307315368.67791,23031877635.924545,1.0271487984575214,35960213.55254678,142212.2669758494,536199.5973565287,22222.435732151414,16
2024-01-10 21:00:00,1845.080086970298,1868.5132455421567,1829.4081325893176,1856.051649357896,3532.6243358340416,19500000,0.0007249632877177,207658772.0705272,1856.051649357896,1854.9083699389475,0.6861454275261338,1723.9286182108517,1749.2410070937333,36193007162.478966,24069555010.51719,1.015929798345537,31515327.04780555,179405.9182103719,510136.17157400405,25593.69560848548,5
2024-01-10 22:00:00,1812.6782039452871,1821.8476377499076,1795.8396919949323,1817.2114832035445,2726.9751400848245,19500000,0.000497838721011,208307781.59301698,1817.2114832035445,1815.4577934926604,1.2536954734211072,1677.840014272092,1545.6120778699224,35435623922.46912,19198375824.105564,0.9901619550163682,38520150.2018846,159549.1760782153,566195.3116095612,25454.548384920778,9
2024-01-10 23:00:00,1802.281852691922,1811.4941039813864,1793.6693005921934,1798.25074761324,1470.3352292398122,19500000,-0.000454126875776,206968325.52233824,1798.25074761324,1799.2488844159043,1.2668645279523636,885.4818316796631,881.2257141380043,35065889578.45818,25172343930.058163,0.9952367051857984,21718893.267939944,211858.50611174316,704814.3118045751,41401.277468093656,18
2024-01-11 00:00:00,1764.8170554456972,1783.930222924273,1762.3029310891652,1767.1660644714511,4887.969742573674,19500000,5.97225019492179e-06,176557735.61004204,1767.1660644714511,1763.8656358623807,0.9094881021285728,3050.6993580217595,2124.1506772282382,34459738257.1933,20231238326.267414,1.034129858548101,19448605.72670748,187219.63909169644,509194.6070944138,23765.946533658054,13
2024-01-11 01:00:00,1765.2862213156432,1772.0173907528522,1752.3130690662856,1764.0140437487516,757.9324620905564,19500000,-0.0002604558397756,183823827.87447783,1764.0140437487516,1762.4060087138457,1.1098836456496737,317.2148313359562,286.5305562920324,34398273853.100655,17176555787.043253,1.0403773374619645,31044326.911620963,182257.09118431745,403423.2305453189,17955.950805912347,16
2024-01-11 02:00:00,1698.5112039492565,1718.1645731269316,1689.7492735984324,1703.2485698887976,2384.6733230793184,19500000,0.0006133304681088,193963181.85474598,1703.2485698887976,1700.2458422186544,0.9575093961039391,1664.917541391266,1325.714013607805,33213347112.831554,23459329211.593765,0.98221411812161,23739270.95155781,175074.2241334548,490099.9405343675,23377.99162555181,19
2024-01-11 03:00:00,1658.924872327204,1675.297541460881,1645.5110972286366,1654.1651593602057,2186.1576249972427,19500000,0.0001732834846827,186046794.40359908,1654.1651593602057,1655.0237051600973,1.0495711781648605,910.1542782138262,730.0619942855194,32256220607.524006,23639864322.05693,0.9776872307693508,16308003.72942054,144633.52175379443,485902.70302261546,10040.640399466018,14
2024-01-11 04:00:00,1725.80445336233,1741.4042890412072,1709.8473344034244,1726.3017237579722,3210.2029516409043,19500000,-0.0001303386679194,181073746.2816355,1726.3017237579722,1723.3622918954125,0.7949692179408937,2079.326579873041,1901.3123412692864,33662883613.280457,16153285360.425842,0.9728759863518937,57944031.192953944,150926.63133321214,500169.4093419177,21811.78584053877,14
2024-01-11 05:00:00,1683.5637885756564,1686.3562489896267,1672.1543463521755,1682.5877517383915,3947.472990395679,19500000,0.0001102473830622,169744317.30267057,1682.5877517383915,1682.8093976743935,1.1325803495043083,2455.6466823213,2030.7823606256927,32810461158.898632,22163606290.202892,1.024891018471905,19443330.02414839,173174.3137373075,596600.6552966658,30573.67860079428,18
2024-01-11 06:00:00,1653.9030835400529,1667.4594361074344,1641.1246003167273,1646.2454746253325,5236.362747464312,19500000,-0.0006822096587205,177034567.69814247,1646.2454746253325,1649.109158164259,0.720192280737898,3024.1489175169686,2362.54423690504,32101786755.19399,16516506223.730223,0.9721157493381244,17932492.01059965,155851.68989503398,315898.9611370821,26387.75183042798,12
2024-01-11 07:00:00,1713.2014035880027,1713.7521874761107,1701.1879584504975,1708.0211799680837,2087.6567909131663,19500000,-0.0002254883910369,193165107.73817056,1708.0211799680837,1711.0502427693698,0.6935124878014453,1109.9176586820167,686.8289824510525,33306413009.377632,15055053741.626945,1.0245281021806525,24220830.830230203,214886.05880991876,598850.7005892121,24090.354546817485,13
2024-01-11 08:00:00,1809.270128154808,1817.5003879212748,1806.8548278881606,1810.3801287726938,3996.967264525856,19500000,0.0001109331177478,196078137.1940819,1810.3801287726938,1807.2917876079298,0.9759092647519187,2506.6568750906463,1220.9087471715688,35302412511.067535,18646174634.456276,1.0163707102936304,44044953.19725584,166601.92235368906,640550.5843913539,26762.89645654201,19
2024-01-11 09:00:00,1766.5321046329211,1784.030535065987,1763.1348153697347,1768.6304792326368,3287.587177288213,19500000,0.0003537026105359,185049442.51244605,1768.6304792326368,1769.3351185973002,0.958631381563764,2044.7389790282705,1523.3352742051227,34488294345.036415,24365047065.934296,0.9836472446690264,11216358.926091868,178794.3697186188,495644.45925527945,30668.058845340394,13
2024-01-11 10:00:00,1754.6847748896248,1767.9212810112238,1752.1694330328646,1755.8279769676014,1266.7759281706874,19500000,-0.0004823942361792,198419081.13477543,1755.8279769676014,1754.2670962946954,1.0559706022417583,558.8426352477771,537.3095366570791,34238645550.86823,16857573912.299402,1.046915779415538,42607095.2306294,114614.4328607476,498035.6880771358,33778.17024869614,10
2024-01-11 11:00:00,1769.843129555456,1779.2717994070604,1753.7138127207731,1768.040088466765,7709.974257584102,19500000,-1.4346592310728786e-05,190444470.19098923,1768.040088466765,1766.1073801334817,0.8781819292952535,4917.342491709701,4262.068745068658,34476781725.10191,16866064543.516104,0.9561322327569632,18531610.46421782,206036.28396521203,421540.4584068995,25190.866569550428,14
2024-01-11 12:00:00,1830.0350522462406,1837.5198027211259,1817.135620708367,1830.4202610208029,1451.8769351404726,19500000,0.0004029057215556,215145218.55767262,1830.4202610208029,1830.3956053433722,1.458105999827034,614.9673018571036,715.3276339265133,35693195089.905655,23975629977.902378,1.0497859779927567,29662316.762473874,140745.22240389825,442973.3095827492,20033.608548970195,8
2024-01-11 13:00:00,1793.407871830318,1809.4059834527413,1783.8966225366253,1794.8266612886594,3676.618181221992,19500000,-0.0003354359973119,194637195.00260073,1794.8266612886594,1797.2107136710765,1.0326424452886618,2022.7423864958864,1579.3608423454252,34999119895.12885,20016272866.007477,1.0095665759273649,20361880.77903773,125409.11656587652,508688.14794632106,11003.221833302769,20
2024-01-11 14:00:00,1791.4636342300303,1804.1751150003856,1779.5351693614089,1786.2222107555892,3622.718435742916,19500000,0.0001687548504352,208465553.96683002,1786.2222107555892,1787.4719569766735,1.0476780722105068,2150.1723219974733,1332.4435136938705,34831333109.733986,17225690255.762943,0.9377960093002392,59194823.067786425,245621.3747669308,502178.2817501178,29538.566518162923,16
2024-01-11 15:00:00,1813.9761402234715,1822.8892849367487,1801.8498132982313,1814.3905829277094,3421.4454643659788,19500000,0.0001197923509318,200401819.65207013,1814.3905829277094,1813.2744770198967,1.0402351313974272,2211.9872700023525,1519.5551555059506,35380616367.09033,18362543890.57127,1.0477563890746484,28047945.44007712,193765.7783622415,511008.72632689023,25708.08348917914,15
2024-01-11 16:00:00,1838.837539805986,1855.2488768354858,1815.5395412553682,1830.4191161356807,2327.876037458523,19500000,0.0006143140961069,176249686.88407367,1830.4191161356807,1831.892665753679,1.222113789432697,1254.5693688037122,812.1919539862953,35693172764.645775,24570486880.37998,1.0291663751265996,20102229.476635914,207788.0668199784,501487.3763690519,23058.68682646613,14
2024-01-11 17:00:00,1817.2117358338178,1821.3903781999354,1800.871031109866,1816.8819987726101,4508.078667137296,19500000,3.095914206650872e-05,195745372.39867097,1816.8819987726101,1812.9871336937952,1.1221017428562852,2123.563920838093,2254.5072664629342,35429198976.065895,22567713732.790882,0.9871536494976088,23656332.061621655,182339.21422349743,529494.4671800884,17918.420688834893,18
2024-01-11 18:00:00,1818.6776340831893,1821.776506350634,1802.29383561296,1812.2069014525807,1366.2380092110063,19500000,4.851982048747893e-05,178612279.51098484,1812.2069014525807,1811.0236285703859,1.0924289154724878,747.6025485509041,658.1424273893566,35338034578.325325,23969033743.22567,0.9710583830427582,27658198.06529689,159008.39857345453,517792.4338050736,29423.40135003695,21
2024-01-11 19:00:00,1764.4902748773764,1775.8324847855883,1748.7737399912507,1763.2302020815487,2884.438710697341,19500000,0.0003564879259494,195472104.49290866,1763.2302020815487,1761.9538146469004,1.1585819738219911,1370.2884721215155,1566.3119770044348,34382988940.5902,16480865881.709007,0.9529279976848484,28649557.310215216,151766.58552178243,360457.83522834873,20390.59557374549,17
2024-01-11 20:00:00,1758.4066086966466,1775.4982214548718,1746.0530106051456,1755.0265659206727,2248.599061003076,19500000,-0.0002979046004148,185760253.55477545,1755.0265659206727,1755.339523471928,0.6942501564741022,1256.1070432824663,977.823048138136,34223018035.453114,20103671456.179108,1.0724633848543117,31803372.62952263,197753.69019463228,522538.32462800713,21800.17697113505,14
2024-01-11 21:00:00,1743.3455046841773,1750.1924586355776,1735.0728057059464,1745.8756662889148,2124.6259215965947,19500000,3.373503803474242e-05,203288141.92404136,1745.8756662889148,1745.6961414493467,0.699513958493501,1144.6474310722335,814.9949453645243,34044575492.63384,23461202150.797848,0.9722985437751448,26669097.689666353,216020.75295783932,641598.0673425435,21659.58635631361,13
2024-01-11 22:00:00,1751.1814320012281,1758.556380775378,1736.0261500389502,1754.1767211086176,3693.662874966703,19500000,-3.671750325215315e-05,177093705.35801303,1754.1767211086176,1754.1039734815906,0.9849033651590732,2342.3412805988464,2034.907608651076,34206446061.618046,18120448346.573143,0.9620923431399724,15382067.481100615,160003.99505828772,440063.647837388,25208.9788963782,9
2024-01-11 23:00:00,1736.5703192612718,1738.9928148506942,1728.2716706050164,1734.9751624333244,5108.899364057545,19500000,5.832645618846994e-05,197402243.91955706,1734.9751624333244,1734.8455259044413,0.9612365249323488,2411.53861398793,2591.7401742280717,33832015667.449825,16941608199.009665,1.0080375737305045,23288514.052923944,273248.17200089,597133.5024662222,15605.994725395343,25
2024-01-12 00:00:00,1755.0529417972816,1770.1562877901472,1744.6550957730094,1751.5898621219417,2510.8386983501887,19500000,0.0003545219346888,206409197.65388513,1751.5898621219417,1751.8042694043083,1.1229531640755943,1154.9746412086138,1285.5814247847352,34156002311.377865,19282264508.020096,0.9508631959971664,34012588.23238416,154920.96499094943,368258.6928989759,26075.86775662557,9
2024-01-12 01:00:00,1787.7515165845407,1791.7989420467545,1782.1569725735083,1787.6075909274205,4404.317306948272,19500000,0.0002662484455246,212018809.29601908,1787.6075909274205,1788.7518939031424,1.004011404668606,2388.26573210608,2019.05079729768,34858348023.084694,19172579155.987843,0.9705535480466632,20411821.65159735,114863.28669232308,439787.73809619376,17742.771862576163,14
2024-01-12 02:00:00,1788.738582793487,1802.3762608599131,1779.4603648498646,1793.3524961905975,3056.025005626378,19500000,-0.0001246046925586,185477564.3171272,1793.3524961905975,1793.799634608636,1.1234148129968984,1268.712783125509,1719.9112671343862,34970373675.71665,17682483869.327763,1.029849075824814,34924195.163430505,105833.1752295356,389168.764195405,17930.50780865704,15
2024-01-12 03:00:00,1801.2802735557966,1824.0911344912756,1791.4659973784862,1806.1940547039026,1907.6623966266916,19500000,0.0001410097609981,197450402.46866345,1806.1940547039026,1805.8610795487778,0.7794871668635509,894.3163065162212,702.6589285205625,35220784066.7261,25928959298.283325,1.0139263178445814,27024790.231248334,106729.8503776828,582942.7435554543,28726.405018644844,12
2024-01-12 04:00:00,1803.1347034587116,1808.5156171990034,1791.225699344758,1808.2960737643104,2620.247226019256,19500000,0.0005471324842301,200096371.12521842,1808.2960737643104,1809.2033832086997,0.9978533931811272,1326.1371864766056,1101.8338923492904,35261773438.40405,20978269994.24834,0.9884089012078184,24458340.575430095,146758.99812979234,614211.9302708914,16341.962441660511,10
2024-01-12 05:00:00,1802.08654652175,1818.5439043293975,1794.3285223088,1808.4799648751925,2566.3939354294425,19500000,-0.0001494097096391,223148495.87905282,1808.4799648751925,1810.154840748888,0.764746136767737,1401.9925552872337,1382.9521135624304,35265359315.06625,22302621048.54362,1.0005492001879417,43022571.875383236,153582.85843256803,433722.7464956489,28710.91721841953,18
2024-01-12 06:00:00,1783.1375481262678,1792.2723664016764,1778.863690519742,1782.7471786949422,2104.156690482169,19500000,0.0001435500341191,175135672.2270727,1782.7471786949422,1781.9341998248447,1.0804434804254743,1011.7437937687762,715.1781785796339,34763569984.55138,16906639042.426888,0.986725884094,13313982.124020955,193039.4612494812,559171.9482290695,22706.57972991282,10
2024-01-12 07:00:00,1798.2841832986526,1812.8043817570963,1778.6936825637868,1794.246970003362,3693.173757800053,19500000,4.205179691841144e-05,183310079.9138477,1794.246970003362,1794.3198115308433,0.6868378722168451,2098.4279000966494,2003.298759250992,34987815915.06557,22147655771.36235,0.9981400657189288,20367469.362772066,161594.92036441277,615460.0559456896,13433.635802643268,16
2024-01-12 08:00:00,1790.8902716927926,1797.3011986416047,1784.6937758214538,1790.9383253867302,3352.0356394928226,19500000,8.109849524896692e-05,246762009.46456143,1790.9383253867302,1793.1983222135473,1.0721457558759,2224.1574362503534,1360.1842157092312,34923297345.04124,21533593666.47905,0.9771456585232104,43686486.99313948,200956.3016458876,439510.2107145893,33168.06370976554,22
2024-01-12 09:00:00,1859.2477555922778,1875.3551791422412,1842.0879507735128,1867.6912694073164,1345.7074661228285,19500000,-0.0003891972866748,192909191.06636414,1867.6912694073164,1865.8184220450792,0.7454256539471301,757.7924177346124,454.3796192802076,36419979753.44267,26571245063.789185,0.9825928204141772,55483574.03134975,164591.71110588912,454044.4239558066,24175.04346324543,17
2024-01-12 10:00:00,1926.85387671755,1930.8264468908708,1922.8584809816268,1927.589292359043,1305.3637315041744,19500000,0.0005232288562936,169488968.73510244,1927.589292359043,1931.2607759176788,0.9261625140094448,634.4744651326922,422.604779786723,37587991201.001335,21564044127.6669,0.981679655873637,66584002.24460975,163305.89157397315,512329.40891231486,24791.0445421538,9
2024-01-12 11:00:00,1942.0836263220363,1957.108108109538,1931.20684177806,1942.7161708087356,3686.16619949008,19500000,-0.0001323055702664,188192116.40444016,1942.7161708087356,1940.3088444011712,1.1960034477876158,1543.0081289979744,2038.1130503278573,37882965330.77035,25935383830.501648,0.9782241744443274,27227011.77319986,140874.0181266215,373806.0667082284,29797.288939648628,20
2024-01-12 12:00:00,1921.5058456961524,1936.5840732579013,1903.216476592404,1913.484523357088,1982.9814730820117,19500000,0.000407821591046,157994068.40297133,1913.484523357088,1913.0150219709683,1.046525885304832,874.4946143259564,1058.0885024133863,37312948205.46322,20195793420.791737,1.0313173298924945,32047728.272852033,232267.99041557283,452263.1678056283,34536.29998559476,14
2024-01-12 13:00:00,1866.1158360245129,1874.12785740497,1850.6523073094702,1871.5701075452946,3466.9155167057875,19500000,-8.641298241425333e-05,201007255.6728729,1871.5701075452946,1869.9789173614076,0.7195479979420436,1970.4741676606288,1339.6591579468538,36495617097.13325,22761663363.696026,1.0231035217603917,37004461.230767995,110982.62381746914,679122.9201058351,23395.71275273913,22
2024-01-12 14:00:00,1915.3854978185943,1924.425377339508,1912.725958493249,1916.8832645350965,4404.868956213649,19500000,-8.765139556872805e-05,210366264.6955276,1916.8832645350965,1921.2689535058737,0.8741714382668545,2665.441933301925,1475.2287453788622,37379223658.43438,27215480787.29706,0.9720291019482716,44438111.00142461,175488.28590467497,400311.10886714136,26507.584981825803,16
2024-01-12 15:00:00,1933.750633564855,1951.017189569813,1909.639590091259,1927.1756779725551,1578.962999792166,19500000,0.0004639369751396,183301870.28302866,1927.1756779725551,1926.3983516072515,0.7406140014769713,655.1123534611594,590.8011032341727,37579925720.46483,23958006602.703045,0.9641681862237228,30244190.672687486,155528.98385181048,524796.1855204321,24621.018783058003,18
2024-01-12 16:00:00,1947.717105986699,1947.7698360191882,1935.624410447905,1945.9658210417601,1471.7852117508205,19500000,0.0003981653810433,189883254.7273319,1945.9658210417601,1945.1857978514888,0.712516862878829,670.6409333248838,535.5771792751631,37946333510.314316,25171609457.52947,0.9952817007060816,38649232.52031034,197884.46897920663,491275.7652947572,19873.444811629623,17
2024-01-12 17:00:00,1881.5439544226863,1887.1652376542759,1868.411048003256,1879.4265433375347,6885.794781660185,19500000,0.0001625997696891,212291362.11468086,1879.4265433375347,1878.9176909691164,1.0238117125288593,3413.456357229143,3580.0396688246497,36648817595.081924,26123107041.86612,1.0646586279486865,32071791.3121411,161909.47305346752,428157.6801401237,13697.506790111118,12
2024-01-12 18:00:00,1915.2432008867033,1925.8736105132184,1905.0357007545397,1914.8043873212396,3553.844987733239,19500000,0.0003283451649418,171408588.20096067,1914.8043873212396,1915.1789284359675,1.1185796028580095,1762.4652131553505,1295.9768323846165,37338685552.76417,27168647290.08015,0.9691688438891036,32883036.768071856,163106.87281914477,462467.2481340725,23493.44247866375,16
2024-01-12 19:00:00,1933.754685692663,1940.215241358448,1931.783293537123,1932.479467464907,2417.235163689499,19500000,1.3434165923080025e-05,177388395.1260925,1932.479467464907,1932.038008417663,1.0921204616916549,1661.902606215088,881.878832798257,37683349615.56569,19312055808.529205,0.9951632683088788,18480565.262179703,152259.27365489877,628143.5391809,33312.27908173212,18
2024-01-12 20:00:00,1893.163565315437,1898.3138257181422,1880.8277268890472,1890.223853150298,1868.7588514261104,19500000,9.748971168433304e-05,193604638.49983203,1890.223853150298,1890.161689727747,1.1280893523060405,861.7429731400322,578.718062895701,36859365136.43081,18752253966.019867,1.00266161241153,23391714.08058763,230570.99562239475,494211.7901609246,26238.94113107388,11
2024-01-12 21:00:00,1869.6373510484987,1881.2841312274309,1864.7099281165276,1872.6691511638583,2309.48440094071,19500000,-9.848731773914573e-05,185653226.7486148,1872.6691511638583,1866.2473754719667,0.9976206649385232,967.1106919352932,1106.3767621925629,36517048447.69524,22463200820.151176,0.9967407347786456,21649008.768921405,162852.71319491052,509896.847608577,15990.867271215116,11
2024-01-12 22:00:00,1886.0669609633408,1889.4906083319117,1876.3086146625403,1882.7606127472343,1643.7143902141136,19500000,0.00037121948479,192588925.26452836,1882.7606127472343,1883.0565070963642,0.946789923822021,831.5624225555367,832.8599964737689,36713831948.57107,27485990659.38563,0.9862537037734154,16585174.05145998,266309.062636493,609364.8469928321,30615.339454309957,16
2024-01-12 23:00:00,1879.7497636830974,1894.9088239624862,1867.5482779063138,1884.9257812516255,4636.458442332695,19500000,-0.0001080239993502,178210836.2610355,1884.9257812516255,1885.147837989667,0.8068529338590332,2041.5837604083997,2299.901953221297,36756052734.406685,21945043123.533905,1.0346523991659566,13782852.658993037,174217.8436983278,417532.6035671345,20073.564801789733,18
2024-01-13 00:00:00,1875.361692445068,1888.614797035448,1864.8033877182033,1874.1308833271098,2021.559299785271,19500000,0.0005455469034813,200579851.06934884,1874.1308833271098,1876.2647102731328,0.9157462847851652,885.3916045557132,951.3048635287946,36545552224.87864,20073429884.36574,1.0136337586883035,22524787.03512363,163642.5835942425,358834.6649354396,11759.212303936329,12
2024-01-13 01:00:00,1871.111568173637,1881.8759785833877,1868.6993251778222,1870.4429186355394,5150.078797922136,19500000,5.249749504052711e-06,194830256.7888103,1870.4429186355394,1873.0784867081743,0.7677664627295581,2689.5524224744586,3037.6322727453103,36473636913.39301,22291898411.887684,1.0253741597123522,24011056.64280616,156947.7552804717,630122.4712713084,29892.7466966768,17
2024-01-13 02:00:00,1858.932435811775,1862.9595335320664,1857.5746478636981,1861.2265579382092,2439.8346268641108,19500000,0.0001061525692049,206026043.96742728,1861.2265579382092,1861.063313365001,0.84448094602232,1200.1969640175548,1077.9715254977975,36293917879.795074,17033415527.176117,1.01768139848999,27829098.410530437,187411.446017204,454659.6320303297,16587.18706535986,13
2024-01-13 03:00:00,1867.0162882355712,1882.8669613121444,1863.5500288180322,1867.1009996360465,1769.2745949317664,19500000,0.0003276184061963,200356706.07563016,1867.1009996360465,1868.8116918703356,1.0179444756808185,756.3967943907078,987.3276800771964,36408469492.9029,18319359459.03561,1.0268184496541797,33326820.21313179,140491.41416927215,528987.5470577511,37579.67076185656,13
2024-01-13 04:00:00,1920.6639696451243,1926.423257582358,1916.997707411507,1923.0583316999268,2408.7162446511898,19500000,0.0001071593263568,200457560.11375752,1923.0583316999268,1921.1322565119222,0.9767141808302888,1400.1651440085725,1189.4312429948236,37499637468.148575,18550175359.296715,1.047532174989222,28769512.87522906,168794.21677741237,379850.9290932535,31080.379666201632,25
2024-01-13 05:00:00,1823.099232783386,1840.9884941225398,1812.0093063500256,1827.0152621446603,802.6482805841695,19500000,1.0627505714406947e-05,175627058.30819595,1827.0152621446603,1828.5999098422708,1.8458605796510237,441.865848603382,261.0602152703664,35626797611.82088,16330421367.660404,1.03993131900365,24078103.939195607,163086.21291085574,478162.18880684266,20571.46536136788,20
2024-01-13 06:00:00,1817.2768530919518,1825.1200981342379,1814.0454719954027,1818.5629944587392,2806.281879664967,19500000,9.099296565745856e-05,205095284.25950772,1818.5629944587392,1817.7037674546557,0.7640216752278309,1187.4217730378516,1523.8855345883542,35461978391.94541,23641213401.872135,1.0697441187878771,18504553.22321217,176541.61821579217,355262.93029381766,25280.98860549881,16
2024-01-13 07:00:00,1821.1468786243745,1839.4636063146786,1805.0894728691812,1825.176827574747,2737.8833598144456,19500000,0.0003681455060672,192019712.5217398,1825.176827574747,1823.1970628909871,0.9752906555372828,1803.781465678336,1301.3613071319687,35590948137.70757,19491110966.54203,1.036520238442216,37897872.92970182,177638.80487041603,448089.3654456915,45577.77879928212,18
2024-01-13 08:00:00,1837.3827500598366,1841.172772805054,1832.3456907806617,1836.1973103890998,4502.424791876121,19500000,-9.885566664101164e-05,194559783.04554272,1836.1973103890998,1836.0401526883818,0.7522049725888547,2185.5396563102718,2233.462476765044,35805847552.58744,17923007038.88726,0.9799165967041747,25619107.540326357,179961.59032989986,388642.5723110967,29732.681628955048,19
2024-01-13 09:00:00,1818.5793909686531,1826.1745031288856,1816.9220932834373,1822.7720784217308,1160.7800743870334,19500000,6.212889781802057e-05,214418239.61242878,1822.7720784217308,1825.5070977029243,0.9253741144395762,799.0975274743888,410.99534715512175,35544055529.22375,21456991295.3692,1.0254193612541749,22433411.453082252,166662.51635286014,371189.9232161486,23658.08053976901,14
2024-01-13 10:00:00,1762.5241678491066,1771.2843685091464,1744.604695746644,1760.0179831210398,5329.076195306096,19500000,0.0001030860182012,186142498.94760382,1760.0179831210398,1760.5125579190428,0.93293603730968,3620.9025836516103,2298.1482725047067,34320350670.86028,18774375432.53393,1.0213130553695378,24766344.01520187,240923.77426534373,416389.1114505354,52404.41897104272,18
2024-01-13 11:00:00,1767.5920241701024,1772.3622162575825,1762.3718374901953,1771.7786629767222,4493.106658025948,19500000,0.0003593755586582,219677836.72132376,1771.7786629767222,1774.6072866124741,1.1840917265941475,2382.3753956574037,2534.8972909734016,34549683928.04608,19620949695.374405,1.0576088471569656,19904973.185831286,180889.60445730312,279657.7663117893,22817.30009438323,17
2024-01-13 12:00:00,1832.163866336623,1838.3738062484429,1824.3694266335904,1834.2413093915372,5574.856086137182,19500000,7.004638783856904e-05,221323486.74833718,1834.2413093915372,1833.0513770491025,0.9139921393453464,2612.2107741525947,2032.756195217466,35767705533.13498,19481222225.6113,0.9709852444997114,21580665.086246002,312230.3738626675,350816.82931955915,26226.99350093222,14
2024-01-13 13:00:00,1776.7817545178307,1791.8843062046813,1759.7419487056857,1779.0040985642147,2903.4045553528226,19500000,0.0006424897283481,209409172.9341467,1779.0040985642147,1781.0461303837471,0.9624588952063712,1888.5363727238016,871.1301628685712,34690579922.00219,15652218091.87164,1.016738532441788,21308030.553887684,164795.87274839883,517354.0996109264,16632.86844166853,13
2024-01-13 14:00:00,1814.9847408503392,1830.1831232039845,1793.0923626674196,1810.1872135210426,4949.037622933392,19500000,5.303842668547148e-05,182293437.63532814,1810.1872135210426,1809.187700481819,0.917535880969439,2516.0202160201497,1867.0373782307695,35298650663.66032,23173516836.698437,0.9795678896569912,23786837.490803964,206845.68747568867,474270.5782071934,13327.493224628795,7
2024-01-13 15:00:00,1799.700262414946,1801.1541568217278,1785.6543339371044,1798.5122014205501,1428.496801414547,19500000,2.869490847841604e-05,165531893.89978957,1798.5122014205501,1799.0973090056955,0.7556247799632698,641.4882138279419,637.4848891850597,35070987927.70073,16946551900.483416,1.015376353123004,34687151.02839212,135738.79567236087,356882.7625492992,20204.47336157696,18
2024-01-13 16:00:00,1795.7265874673396,1812.3337560531402,1794.488632381957,1796.4873416594846,4257.867736434021,19500000,4.869036351468049e-05,214943271.84455863,1796.4873416594846,1797.056258352492,0.8777262919196175,2407.748903479669,2326.42830589528,35031503162.35995,18067242695.777542,0.9935576000620084,31403274.650288075,231005.6189871585,493646.3819800477,22281.731919992093,11
2024-01-13 17:00:00,1760.9831358233994,1775.0272792920662,1748.7902049297297,1759.228413001707,2027.215831243344,19500000,-0.0002949924285974,198935002.9820581,1759.228413001707,1760.5680508962926,0.9264572802922274,1108.5236464052884,999.3915986941288,34304954053.533287,17395874554.60844,1.014384064125727,49539102.69690135,136479.4067337676,371148.446007085,24313.306579646447,23
2024-01-13 18:00:00,1740.3093721875541,1762.8739986928902,1723.0963561857745,1747.6747458878667,1305.4447728384073,19500000,-0.0002110180540276,185759263.03038245,1747.6747458878667,1748.2877264116428,1.014874720382494,855.0733281504238,751.5694122885859,34079657544.813396,18723711080.81011,0.9576898544175572,43326262.92175904,182402.21578433653,511136.9177419344,14386.832909355178,14
2024-01-13 19:00:00,1793.7363823338428,1806.4201841958204,1776.7512014343786,1793.8911362621068,1699.2287334943835,19500000,-5.920006692172797e-05,216578341.34710675,1793.8911362621068,1792.7445087852725,1.1182773908785986,1051.4562560253808,742.0010717023612,34980877157.111084,17422551324.89487,1.023796794446677,58360311.288711004,152343.51234311436,432298.7526658207,26854.86557215084,26
2024-01-13 20:00:00,1822.35068691763,1834.6361199703379,1813.175263176961,1815.099313691186,2989.213443235336,19500000,0.000440748954655,184038069.8958786,1815.099313691186,1816.8786681671356,0.9541643936969988,1981.3757569546544,1247.233068455858,35394436616.97813,19611548968.249096,1.006181785455583,33372451.02945106,182225.8169217556,414560.9842186762,17169.405737617697,10
2024-01-13 21:00:00,1879.7730934852239,1889.6436548013526,1871.834345190431,1879.2756623482649,1974.065490308545,19500000,9.006218219139697e-05,190591982.84788215,1879.2756623482649,1882.7178500077605,0.9508154893235627,1224.7316956153472,729.2700616556672,36645875415.79116,19165034409.978275,1.0045657864531572,33158842.96725771,153476.22388918488,434428.77024499216,26439.65664849483,10
2024-01-13 22:00:00,1924.508232581824,1937.0711764584019,1918.1751632213904,1924.2468691755244,3597.6522749158926,19500000,-4.539325688471194e-05,205625916.2489018,1924.2468691755244,1923.315911954952,0.7088136431093454,2132.157572386928,1314.6495805475438,37522813948.92273,17574355267.74442,1.05850684899542,21957330.27844851,133610.8536285669,738152.4775093438,29157.806047120324,17
2024-01-13 23:00:00,1943.5419275229754,1961.405209213743,1938.8950805359157,1941.4136396978893,1206.985517777238,19500000,0.0004679604236819,180364377.0663828,1941.4136396978893,1938.0448364766376,1.1139885948664254,663.9061808473197,628.6378508875383,37857565974.10884,26923123291.196003,0.9885254980519652,37131783.734451525,152070.86792923528,380119.0211049384,19562.06035147996,9
2024-01-14 00:00:00,2014.124655115964,2016.1492935303143,1996.5543020228665,2010.5233845459531,1029.111644692591,19500000,0.0005653531398676,195450837.16858163,2010.5233845459531,2011.7283305529443,0.8700717691761201,716.5354348696167,333.543046192741,39205205998.64609,21236453775.320538,1.0102679627431594,20524526.307561297,239281.27721582164,462921.019022872,16495.688460524772,18
2024-01-14 01:00:00,2020.352512291107,2034.8612028067137,2014.8198099818865,2028.4560591232855,5920.603806817283,19500000,0.0004766147382723,215120497.15118095,2028.4560591232855,2027.98711985222,1.1611659709260316,4071.891995229108,2207.284434343759,39554893152.90407,18930364454.59596,1.0030081209711776,14818629.489996806,182922.7235809637,517245.9376848086,34999.700917301685,16
2024-01-14 02:00:00,2055.5930170029937,2064.027131385231,2048.5039796359188,2062.5327238447626,4683.964120618305,19500000,-0.0001559269991705,200528465.20676693,2062.5327238447626,2062.46857318655,1.3012013974294088,3066.3847210053186,2650.039719279034,40219388114.97288,24391366205.919357,1.005941174807222,49136232.9782425,117923.04061902502,364950.6544663101,28620.359903894987,16
2024-01-14 03:00:00,2051.4026532981215,2070.7844116638794,2048.6873866728283,2050.540231792586,1764.0217775547253,19500000,-4.857458605809669e-05,217861917.30228427,2050.540231792586,2051.88575067992,0.9631144707600984,1115.9127043241738,834.5167993821603,39985534519.95543,19472261782.5403,1.0666541171392834,16190015.263023581,214024.47899943305,321627.2137315135,23053.96152275083,18
2024-01-14 04:00:00,2050.5405191165896,2062.619905167155,2040.3294925517773,2053.4764835335613,2976.490432565957,19500000,0.0006441208210944,215887089.4377412,2053.4764835335613,2052.744640060005,0.8149225049988723,1706.3263155758375,934.5474015701913,40042791428.90445,27306299089.319157,1.0019142127724123,31804508.743558224,130238.34253486613,392299.3092426607,34218.72641202948,18
2024-01-14 05:00:00,2030.5492839975207,2044.2624863113529,2022.0316942468971,2025.23496512517,4962.939722315168,19500000,0.0001723419076,197292305.84684262,2025.23496512517,2024.8930002088746,0.996665848053097,2371.9179702141764,2537.4345228936145,39492081819.94081,18500989170.792793,0.982981606015352,18763899.775861226,195994.09731405287,514984.7874212756,22583.583267149625,15
2024-01-14 06:00:00,2064.621377180007,2083.300527785098,2055.7003459260372,2065.923629619036,3676.072861503989,19500000,1.9711880531176444e-05,163551518.4368261,2065.923629619036,2065.923382706173,1.0722297938416625,2435.8824394154526,1661.6022489011411,40285510777.57121,23743908820.644653,1.0561270838634167,41876901.472080484,186892.9527796637,413163.7612331341,18285.210394968723,16
2024-01-14 07:00:00,2010.2010994929838,2038.0073731818554,2007.3196325682259,2018.0088999768793,3210.2739273034576,19500000,0.0003155043883992,180477400.44961956,2018.0088999768793,2021.1766773945071,0.938845828411404,1294.5263976602178,1786.0568248213938,39351173549.54914,28850230212.40313,0.9907693370368312,44223102.900897585,189866.7171998853,422429.9079729279,16309.277239557126,14
2024-01-14 08:00:00,2044.839066001821,2053.3546213729287,2025.3343708211053,2050.0380194793397,5154.250745333575,19500000,0.0004021897202074,209585983.43303916,2050.0380194793397,2050.3046671129505,0.8933224456937497,2413.385083643312,2601.505812456077,39975741379.847115,19895555353.865536,0.9518446555837284,32974629.78027655,258667.1273639981,530807.0856000065,21325.53072260467,8
2024-01-14 09:00:00,2031.2082007088852,2058.7698665861144,2028.2633036049892,2042.440298931885,2068.6339945257555,19500000,-7.14348712784793e-05,174172682.3988125,2042.440298931885,2040.1207534439964,1.119303304431885,1078.0059959887233,623.3497072728776,39827585829.17176,20328422101.955437,0.9777746888071344,43930692.96118869,132301.64300043453,376521.8594259716,27764.573247421315,15
2024-01-14 10:00:00,2090.079072612094,2109.614742261602,2079.171218426811,2091.0582128672486,3027.79292147978,19500000,0.0001658319875859,192083839.58045065,2091.0582128672486,2088.7666671689544,1.104635763609912,1743.5459142396458,1095.2184819899146,40775635150.91135,25694337262.302795,0.9626023751787144,26762514.042359915,189605.0861201936,434629.3760267244,33420.60030823004,20
2024-01-14 11:00:00,2122.1098378137854,2123.947262897159,2117.929709562183,2122.909682789492,2954.4733211865805,19500000,0.0003779680207651,202582213.62857643,2122.909682789492,2123.417546306596,0.933085979976184,1678.920224997612,1114.9860577020822,41396738814.39509,30797361389.893948,0.9460010360105664,65218111.9249809,222993.33299414595,326841.8820279239,22182.3690371437,14
2024-01-14 12:00:00,2199.9866160933125,2218.4598144193606,2198.306666637108,2201.855827475472,2600.9160169277507,19500000,-0.0002480861437879,221768269.12894994,2201.855827475472,2199.589175433184,0.7183393185548884,1177.551066433563,1328.2089676236378,42936188635.771706,24291179827.34158,0.989109549868956,35964539.59210478,138574.66746277205,471721.38871801214,31695.7372235747,15
2024-01-14 13:00:00,2239.3183018025293,2247.261730841212,2229.9762186749485,2234.496798285631,2453.074081795004,19500000,0.0001037036372278,188305524.2205441,2234.496798285631,2231.229285825977,1.0955709436151797,1058.3529570524065,1110.7378471584746,43572687566.5698,28086672395.707386,0.9978935210417972,18612748.039765112,135071.77798085383,463194.0755583104,20655.13365312356,17
2024-01-14 14:00:00,2170.742820950638,2184.8221892383986,2164.3657453880714,2165.55190711527,3091.56934286182,19500000,-0.0002343168959152,187276911.47426623,2165.55190711527,2167.1447484831892,0.8577304079745668,1442.8313261109267,1620.7065330802975,42228262188.747765,20932343443.825336,1.0354158374538671,27437481.917275656,151479.12646146363,518713.641623155,17422.549498970766,16
2024-01-14 15:00:00,2162.1332564318745,2173.9885083811937,2159.11929925282,2162.8703125568354,3032.6853131687712,19500000,-0.000195074149078,196344680.15385923,2162.8703125568354,2164.5670808626483,1.0438003286372313,1530.331332065279,1376.415040357616,42175971094.85829,27094651078.550285,1.018882048361862,25104987.65621,176518.90479777302,351845.9700285401,14884.951719241242,13
2024-01-14 16:00:00,2103.9520757269715,2118.461460761451,2093.5694055463287,2112.9731766464424,1764.788582193015,19500000,-6.893002324409121e-05,202783799.7974906,2112.9731766464424,2112.406611342646,1.0306930564811343,713.3559692709276,702.7659615408244,41202976944.60564,21664468396.20641,1.01751502924386,24140664.08222666,114391.37154318336,425756.3374724053,18922.898173593585,20
2024-01-14 17:00:00,2093.9751580439565,2096.806659772689,2077.761175552075,2091.3932010428152,4451.061806723002,19500000,0.0002431358613638,194752126.16425523,2091.3932010428152,2092.216497407858,0.6853747668693163,2705.0738193969505,1473.7385256444766,40782167420.3349,25855334704.809128,0.9732036998440684,13752376.65931636,186810.59054096392,342595.5678248736,15054.056545498815,14
2024-01-14 18:00:00,2158.179667794197,2160.7035992007764,2153.9023342783285,2155.785193079309,1829.5172187086248,19500000,3.3932114085596167e-06,214435461.90524784,2155.785193079309,2156.406321453671,1.0163485352978887,867.7733702519324,660.0653511341867,42037811265.046524,20035152008.855873,1.0265479978589234,31149966.383872114,114451.14326768788,421164.4537055351,40249.52531484069,15
2024-01-14 19:00:00,2185.0184750704066,2187.2760986003073,2174.03687929227,2183.6672585867373,2672.803706331208,19500000,-9.45254374905218e-05,184959307.5406074,2183.6672585867373,2185.2011088016743,1.1083877755994094,1350.892006660791,1123.2030571508594,42581511542.441376,25867872531.249508,1.041736985091962,15329301.946347808,224882.36144836975,595024.3541818967,25129.278712886768,6
2024-01-14 20:00:00,2157.7977016272557,2171.5599204544874,2141.0527668615996,2153.570330291472,2571.795992633712,19500000,0.0001154663689974,199074718.27182254,2153.570330291472,2155.088058774872,1.1359059007964374,1287.1080447844631,1197.0071917608618,41994621440.68369,21888499512.136738,1.0118371267463848,9717267.291331029,185061.1716591916,414923.5016323022,21403.6242736186,15
2024-01-14 21:00:00,2105.6419019317273,2117.975510831998,2100.7099479483445,2110.5587782600273,3565.472299243394,19500000,-0.0002440888184799,204319381.4878436,2110.5587782600273,2105.270164160157,1.0237508128927535,1973.663412785247,2073.6473878059933,41155896176.070526,26937053064.196434,1.0126755260889375,23253644.951111868,262573.1445315892,336655.70329574664,36923.39089171523,14
2024-01-14 22:00:00,2120.6398098079435,2125.2338247398934,2104.2953377021668,2112.1542075262996,1033.2330305574494,19500000,0.0002286409653501,190957086.25200766,2112.1542075262996,2111.8574520599877,0.6733855647922169,679.80525398266,384.2759506780917,41187007046.76283,27772437407.633587,0.9620592310090006,19721509.382283833,192373.85902940252,386166.59438344766,14903.029438815514,17
2024-01-14 23:00:00,2057.633376989212,2075.8530977339647,2056.1552787332566,2061.589268909555,4653.872312757644,19500000,0.0004394160285874,210870487.8177192,2061.589268909555,2062.863133553117,1.2909988388400355,2070.1214556301347,2326.123971118025,40200990743.73632,28319296840.797577,1.03163307422816,18905493.538272567,150815.10377802412,320555.1557359772,21138.62361532981,18
2024-01-15 00:00:00,2037.353565536687,2051.347119654703,2029.8271310749922,2034.305269239408,2124.95270830147,19500000,7.623878770359653e-05,199533877.02947584,2034.305269239408,2033.673705760387,1.085677844620676,1067.1897839363469,734.7316668208433,39668952750.16845,29661214237.316917,1.0534249164628426,7712396.490525229,133296.4289446713,341412.063546652,40130.9099327679,22
2024-01-15 01:00:00,2040.3352987539615,2058.282215243296,2030.8119740484701,2047.2441240592264,5486.147991733999,19500000,3.920530200993752e-05,210014170.14841968,2047.2441240592264,2047.5229641121327,0.7861058189761158,3333.430932821539,2820.5709744486257,39921260419.15492,23465973723.615772,1.009688571971405,18986537.927425556,172771.08074030984,505952.1555242089,21094.92666176016,14
2024-01-15 02:00:00,2091.4101207941526,2114.898754458088,2070.6959128234944,2095.3085038142226,2347.057131113278,19500000,0.0002120321059646,200255825.55378005,2095.3085038142226,2097.0909827200267,0.854231872968957,969.9669486330316,712.10244530614,40858515824.377335,26606179903.13117,0.9821692816489754,24893596.512311075,161528.57692256328,331287.99531007773,45891.91026297762,15
2024-01-15 03:00:00,2127.620410386647,2135.8205622393293,2100.0547571855973,2121.1874062333654,2909.039413254338,19500000,-0.0005085408256494,203197764.46700177,2121.1874062333654,2121.5711825596095,1.0473308099894538,1887.94793385552,1445.1409198618203,41363154421.55062,18842038395.804382,0.9951401543203648,20705632.65611862,218936.0065841252,470930.4596632228,27880.462448224356,9
2024-01-15 04:00:00,2025.3211957489248,2043.316307399329,2005.4807102029627,2026.3785593638663,7761.2060509217745,19500000,0.0002610452369793,187443226.5334395,2026.3785593638663,2029.6368127961362,1.1456324454958515,5343.959350475904,2708.391574749544,39514381907.59539,28510658266.52017,0.9873873785496224,31155936.931898113,129035.81699259835,444697.0466137924,32590.55405941496,18
2024-01-15 05:00:00,2042.380438966415,2043.9150715359776,2030.3287673176444,2038.9553096555446,2594.9717146623984,19500000,0.0010305657411234,187467521.5245676,2038.9553096555446,2041.4570797895074,0.9070183738270003,1511.0290919080148,918.8725657448372,39759628538.28312,25236348464.590496,0.9891865104051912,46578152.82381849,269743.15302126325,397795.90458229673,32875.02227467405,13
2024-01-15 06:00:00,2043.066863831979,2058.1821077626055,2040.4515177898534,2042.0990910641267,5538.200693035443,19500000,6.319713366558389e-05,217460900.52781022,2042.0990910641267,2042.061181224217,1.179517057592597,3804.48087421514,2590.06300056031,39820932275.750465,22952924489.397827,1.0194394919108218,32806095.101380296,223841.6666135145,462994.2879779289,22037.057301225228,10
2024-01-15 07:00:00,2058.8469897734826,2079.6341587315655,2052.1851078009686,2059.279266082397,3039.7256474618844,19500000,6.426248988510079e-05,207453700.33292592,2059.279266082397,2059.0773616359047,0.698686338874257,1592.5686500581169,1254.2621255741735,40155945688.60674,23302247232.92299,1.0083839233501102,40230485.979933634,154680.82703200678,366761.73696726427,19025.5197299836,20
2024-01-15 08:00:00,2132.946232265569,2151.0037170223072,2122.0874930187615,2127.144020139477,3669.128383459984,19500000,0.0003230821000299,181676954.55837962,2127.144020139477,2121.2936846656526,0.8118076896971168,1924.492764278978,1619.5222465850811,41479308392.7198,28098029329.440464,1.0301180981791411,41584105.88324119,255111.3063538496,523435.3888393796,21276.701016891508,18
2024-01-15 09:00:00,2040.3922099297934,2053.191455459576,2040.103972395803,2041.3584208989605,3087.074923027486,19500000,0.0005935998004593,200043815.94097257,2041.3584208989605,2040.8960487319853,0.6617464503206534,1333.229472365767,1212.1914139106675,39806489207.529724,27866174553.553776,1.0111270763433466,17752441.246161584,133815.5952398415,384743.4164391781,16381.701832790708,16
2024-01-15 10:00:00,2010.3836549606792,2030.214618548316,2008.4690940254127,2017.5691796062204,4554.749497630539,19500000,0.0003924903533302,163067669.34357893,2017.5691796062204,2015.040622914528,0.8357038052857186,1870.3353718670387,2669.265918743085,39342599002.32129,27239678661.9715,0.9740773607806544,31807853.52088302,171338.67759626196,409514.103424236,21594.87150227736,9
2024-01-15 11:00:00,2038.4786398192568,2048.972004744237,2029.2404190258974,2041.7586846865183,2115.8971661584737,19500000,-0.000546682063575,188321787.48131058,2041.7586846865183,2042.4145578936757,1.3520411815846167,1001.5626646197004,819.2686753945247,39814294351.38711,24015002758.438713,0.9849792392845182,39730942.39905871,118288.54759317228,399884.0059537093,21997.37012069366,20
2024-01-15 12:00:00,1980.563549338162,1994.021185894123,1971.6627899460557,1978.3826130730959,1822.5205480881764,19500000,0.0002690196512988,212927037.99765143,1978.3826130730959,1978.882888091331,1.5091709297814155,990.4280098942648,843.1239353120712,38578460954.92537,21655787249.507458,0.9831147678163644,22413941.57656928,258239.3931397166,507826.2867588807,36562.21096074288,15
2024-01-15 13:00:00,2039.4687051666467,2055.180677912678,2034.181372941325,2037.8567233835258,2166.161323732098,19500000,0.0008715790435725,195206056.60538557,2037.8567233835258,2039.4785633867884,1.0480361647430838,1196.3811174409486,1205.0499854580985,39738206105.97875,29154404155.264267,0.9944058977014464,19449409.083151147,107812.97551044523,493307.8906333663,26317.32412317649,19
2024-01-15 14:00:00,2046.695873633353,2073.6255588456015,2032.0394850827909,2053.1306242002815,3133.3411935356453,19500000,0.0002867323140278,199038915.69444284,2053.1306242002815,2056.203484180574,0.8801298360265557,1457.8578493071611,1564.3338877645322,40036047171.90549,25633473854.38752,1.0538414107424376,32990839.498374734,113537.62694907372,261884.7411865819,44747.24991208552,11
2024-01-15 15:00:00,2085.37293787635,2098.6829568774006,2077.9257458825864,2088.398369349115,2669.350883985126,19500000,-0.0002463805739815,154896453.00744805,2088.398369349115,2088.552348151959,0.9566401470158286,1558.4783644046254,1059.2867438222406,40723768202.30774,24967580314.120888,1.058646987749429,14752547.79259804,138873.9162643868,465491.25406165526,11523.420063558531,10
2024-01-15 16:00:00,2062.490944118775,2066.1591927502755,2044.921246738144,2064.8933291856,4251.968955299312,19500000,0.0001845488873255,191079019.82199937,2064.8933291856,2069.8086349487753,1.099293804982577,1931.9321084189285,1980.2737748230636,40265419919.11921,25346907876.707085,1.0250980360133977,17268180.23338203,226518.2781014677,312100.7819288332,15288.969352166165,10
2024-01-15 17:00:00,2097.450660029872,2111.491858695465,2092.3962829914117,2098.984890341722,5723.67207705138,19500000,-0.0002842061754023,202578836.3703677,2098.984890341722,2099.6827009020108,0.7315452726149203,2849.606509254954,1859.6058206738064,40930205361.663574,26152762071.89816,1.0035629139050086,20437364.30761512,206635.4113514485,413220.0990882543,19799.19187984352,16
2024-01-15 18:00:00,2138.634739004692,2147.0886477166673,2127.12046879316,2144.536131814714,1830.017541635136,19500000,0.0004698411067806,204647817.49705547,2144.536131814714,2141.9407790310743,0.8918120853920971,839.4525704124674,848.5899692465961,41818454570.386925,27764186359.49392,0.9591504334148682,31953222.406729307,167797.41322219206,432944.6612289288,34466.679998924126,16
2024-01-15 19:00:00,2152.0552187760295,2160.03730774291,2148.092441143557,2154.7632006562926,2065.289324284183,19500000,-0.0001867647764083,212949661.15925264,2154.7632006562926,2153.7675451837467,1.3323957197420424,1257.7592984167784,886.8697809220316,42017882412.7977,25881141926.398685,1.0066002491719026,29126032.35457502,209972.43785826623,412333.742115491,21314.15830252397,11
2024-01-15 20:00:00,2161.949947510403,2172.223414142042,2151.2417960944304,2165.104983896312,1453.7188712000857,19500000,0.0001222730904076,193881418.65753013,2165.104983896312,2164.514458656134,0.8112800144511065,806.7729095438149,766.6624212874166,42219547185.97808,30085928241.294964,0.9762997811068884,40326777.40772694,158125.85867773634,489022.5316648771,14180.90966509526,16
2024-01-15 21:00:00,2180.4201632968243,2196.359686050676,2173.741525023423,2177.0608136443234,8227.0805280029,19500000,-0.0001573340005975,194574453.32881698,2177.0608136443234,2178.567616543158,0.8608758481903955,5107.621116847715,4560.853649516967,42452685866.0643,30052861881.67464,1.0489156568969775,18454704.53889902,180883.2717626374,510944.0199658925,20464.821550660577,11
2024-01-15 22:00:00,2143.469431333743,2147.409302281387,2136.548588922244,2140.006381795412,3471.474635118236,19500000,-6.393441726439728e-05,177238796.11946392,2140.006381795412,2138.193261601946,1.002642215711677,1448.210524640602,1249.331498030355,41730124445.01053,24315197216.594513,0.9518168293062852,18063226.01702505,245961.8001501028,379005.8204885216,15378.420241599726,13
2024-01-15 23:00:00,2133.2925282378324,2137.4518491346844,2120.2320126792692,2133.9148224333953,3789.165768614318,19500000,0.0005458451937581,193970410.67798695,2133.9148224333953,2133.492358762584,1.058262541905195,1999.1965375538,1229.4356491497642,41611339037.45121,20829006557.365925,1.0115345299999037,32905247.245079275,153023.27021206674,376261.8537380334,14500.120947127109,11
2024-01-16 00:00:00,2125.959861201644,2128.5847628208817,2120.351875825535,2127.6280909665866,1525.2228469061454,19500000,0.0001310371494681,178241851.30923408,2127.6280909665866,2127.4982199504843,0.882496188433184,1052.537333764767,636.2727833158391,41488747773.84844,25847353536.53112,0.9737728186704888,19386958.284768946,134377.30682776743,439242.1301249538,40120.72630777262,13
2024-01-16 01:00:00,2144.8196587779566,2163.5490806011744,2140.523670013456,2144.2196018726513,2979.2146529744705,19500000,-6.7760742117716e-05,170074697.68693915,2144.2196018726513,2143.473154413056,1.0155119571889717,1239.6090743593618,1371.1690127933505,41812282236.516685,26601887834.845356,0.9997145444354958,20961046.40455843,183064.33521289556,324893.78219788696,19821.3979957576,19
2024-01-16 02:00:00,2184.1738664395866,2202.918928201738,2163.8661113016833,2187.746785572616,3845.365716367257,19500000,-0.000243568391266,180774970.1027455,2187.746785572616,2189.7407316442077,1.1292886336531534,2020.792007491555,1588.292103083469,42661062318.66601,25895856629.626854,1.0199820457093316,12696944.990337553,195842.99609423807,402159.6407088109,23200.8886045406,9
2024-01-16 03:00:00,2137.218311107762,2142.987347569325,2136.2992377585742,2142.1316416895934,2627.061380696198,19500000,-0.0004615104459198,222463299.27233016,2142.1316416895934,2143.7196496924857,1.480367495543978,1082.6631324598332,1283.49904752913,41771567012.94707,29957454398.051384,1.030659060663463,29976260.413437787,167311.38470254277,579323.0621561278,21420.701556069173,12
2024-01-16 04:00:00,2132.977805703718,2137.600909726789,2120.923321890561,2136.996304200929,5104.3725412265085,19500000,-0.0002753841900568,192948333.72598985,2136.996304200929,2139.7029534876688,0.9750672111113752,2266.320971883512,2305.62151465818,41671427931.91812,19915028650.40296,0.9981792939720524,49431285.675877556,209158.0213817867,327335.16257182934,20425.7433382892,15
2024-01-16 05:00:00,2198.686034454431,2213.7802018176208,2186.6314339320797,2201.4810928103316,9470.297141454648,19500000,0.0001335877724333,200669151.07328084,2201.4810928103316,2200.9724952421525,0.9917745525822154,5102.197736235688,5502.127200046635,42928881309.80147,23019563053.50394,1.022836496505446,17678545.429995876,154768.42027606076,413319.6436393804,17116.5599210494,18
2024-01-16 06:00:00,2164.1527256758945,2175.329078399601,2158.7291668897146,2169.200341202874,1856.537711162838,19500000,0.0003940701306167,189234625.1734657,2169.200341202874,2172.025784447042,1.3572905489821472,830.3439533092851,784.9763310662934,42299406653.45604,30021452029.86532,0.9801258970416368,40155073.376650974,168028.099343418,392990.1541224303,20066.551807797427,23
2024-01-16 07:00:00,2134.7246302066046,2147.463094584208,2124.370651103057,2134.0329493290164,1788.184926807927,19500000,-6.810544772666031e-05,170856370.80238366,2134.0329493290164,2131.3355378996857,0.895983598285561,993.5631602092262,580.7099290272205,41613642511.915825,30453862064.07428,1.0073661515431966,26057559.44396739,178732.17237920823,660698.9549449271,24371.523097972866,10
2024-01-16 08:00:00,2146.0266963504164,2155.3534179839835,2141.0191496399502,2142.8992819636387,1922.0007259500585,19500000,0.0005711630802157,212503062.12920475,2142.8992819636387,2140.1384041701544,0.7673052278215274,1300.847579622381,750.6960167321171,41786535998.29096,24143321239.221027,1.0300662224331358,13169472.9098354,174877.36914238165,397292.3786129221,33711.37490357108,15
2024-01-16 09:00:00,2172.6946590122425,2199.737822058729,2157.0236610747043,2179.6131797602325,6654.839278227257,19500000,-0.0001152501266684,165718654.34057078,2179.6131797602325,2177.185522925589,1.0513234458621816,3062.039738274658,3206.0896655756987,42502457005.32453,21582458419.05473,1.0099629843441995,18656164.09641136,243608.54868405187,401931.84881900926,29267.43346370389,12
2024-01-16 10:00:00,2180.4389240685405,2186.714423857736,2175.4956183494915,2180.3293463355403,5019.962078205153,19500000,2.859648313603622e-05,188610479.65086222,2180.3293463355403,2180.5674637939487,1.2401533049727895,2169.406495497182,1891.559509284438,42516422253.54304,24493661921.86503,0.9841196891088008,18201070.57517467,178508.06522243915,359995.5734698645,15279.692386792914,16
2024-01-16 11:00:00,2238.296723072349,2254.4896975681236,2233.9681849004496,2239.2817194839495,2785.6488099594444,19500000,-0.0002238730161011,196310611.58475628,2239.2817194839495,2242.198110992258,1.0748804295201413,1803.9387258163472,1060.4868511873924,43665993529.93702,25625385404.81106,0.9916287289730972,23510714.048989218,150847.46901203124,443238.9795134062,29630.5062300113,15
2024-01-16 12:00:00,2279.7683054176005,2281.0006184815925,2271.038646823088,2278.2122468779894,3035.950494431032,19500000,0.0003972285203703,200839587.99603,2278.2122468779894,2277.0682606402033,0.9807838976429408,1633.5871390206582,1220.0627235581585,44425138814.1208,26915894990.88567,1.0304696818764385,31559449.840999104,185719.99688712772,466976.124933499,25403.22474615736,11
2024-01-16 13:00:00,2317.0655979034964,2339.2740481540045,2296.15709491525,2317.1255594040567,1981.73536519567,19500000,0.0007292531842133,186037781.59187025,2317.1255594040567,2316.2527134873544,0.7485040422817866,1317.4246345663596,1038.1172753674466,45183948408.379105,24051683409.9705,0.9672446614921552,55904030.70421753,209444.2158442318,370584.2267260551,18262.109985776777,17
2024-01-16 14:00:00,2336.3697406882397,2366.1627663848267,2317.761334923069,2343.1818355460373,4651.818878990062,19500000,-0.0004285450882808,170209567.8070236,2343.1818355460373,2342.9099843805593,0.9883940259446192,2287.936588022951,2707.54452211341,45692045793.14772,24846796347.56894,0.9716705459797764,15053477.540521367,197512.8373358262,539147.5500185619,23263.226450493592,11
2024-01-16 15:00:00,2448.88998684233,2473.2334783809715,2425.701636338573,2455.0885418482817,2465.251446444654,19500000,-3.848620590409473e-06,184930464.13834786,2455.0885418482817,2456.7403944646444,1.2797067949714729,1450.2078336211976,998.7053849514908,47874226566.0415,30959127193.805862,1.018047662794352,21980515.229164746,194794.7838323516,467059.86399312125,26152.136165735494,16
2024-01-16 16:00:00,2445.423792479945,2456.8002089451443,2429.3375905556063,2445.2798947243264,2617.465416582505,19500000,0.000479433954115,185706358.64730272,2445.2798947243264,2444.3564951622943,0.7812786424185367,1772.0085557469454,938.7445800033296,47682957947.12437,30352026382.32816,0.986825692163746,18646808.53134603,111914.16405937533,524593.9709842259,22339.593677601973,18
2024-01-16 17:00:00,2354.3027109614045,2359.482022467423,2333.8934018545337,2349.4685341624267,4041.595770906149,19500000,-0.0003340836564276,185345169.67084727,2349.4685341624267,2348.4502346576296,0.952229278182538,1824.8158134417615,1722.4920893614692,45814636416.16732,29716782187.346985,0.9564082541095094,16068736.689589476,87279.5832636921,414311.2966096585,25439.872362573064,11
2024-01-16 18:00:00,2415.571789929507,2446.0306457631705,2403.9762965244513,2426.316428316975,2713.521538369432,19500000,0.0002700051720913,213080927.6359701,2426.316428316975,2423.2947053297416,0.9254298502556028,1737.2468729665936,1100.473836996881,47313170352.181,26646091262.885517,1.0405245600112574,27722557.249368344,223868.9544026588,464462.8549289541,17002.48340340991,14
2024-01-16 19:00:00,2406.110298808848,2423.8277905760033,2382.6830037676177,2404.447735824811,2650.535577431708,19500000,0.0004664416600622,178927219.11501834,2404.447735824811,2403.3135070671005,0.8697574371096979,1562.3715149352483,1582.3895504576872,46886730848.58382,25831637250.535683,0.9670119913636028,26699887.309005503,181627.7172536399,423954.1964021005,40048.62473774969,21
2024-01-16 20:00:00,2415.6158682274045,2420.9774252272105,2397.5706331735732,2409.8821705070336,2996.76185419948,19500000,0.000123468644307,201975356.05706093,2409.8821705070336,2412.9607028089376,1.0508344900019544,1929.567079817992,1316.0593670100432,46992702324.88715,26102641710.61017,0.9940170996004108,12917027.593364034,161879.19818709654,592162.4647398165,12347.570243790722,12
2024-01-16 21:00:00,2473.323442472689,2485.244069421721,2464.5416585068556,2474.0806391879214,4436.751337599859,19500000,0.000265078921282,199683000.43068177,2474.0806391879214,2474.553005529016,1.0927102175102794,2001.8977130019728,2235.168798539164,48244572464.164474,35476788472.998695,0.981414380689387,26878522.818184383,193605.57636442225,452821.2918824703,26195.8260764398,17
2024-01-16 22:00:00,2398.9316136659613,2410.033843692958,2380.9494464503305,2396.294718994749,6790.273759233057,19500000,0.0006282707158382,212917284.4738001,2396.294718994749,2394.761439010917,1.0904226582660037,3600.3792943234766,3898.5434669015735,46727747020.397606,26568160116.41259,0.9910694954337934,16476068.779992638,263504.9635838446,443188.6432553273,24588.37474551964,15
2024-01-16 23:00:00,2334.000166715936,2356.6022987545107,2321.253270029456,2337.2867147606185,3994.777316607528,19500000,0.0006845279662303,195081378.77281314,2337.2867147606185,2340.409666317085,0.8225368847041243,1752.313737999305,1952.3214709830363,45577090937.83206,28797416326.502342,0.9734614162704598,26810629.6051801,231742.6555031451,403669.4383841996,26712.396313177916,20
2024-01-17 00:00:00,2263.305631323374,2279.327275841063,2260.4986838595087,2263.846084729138,4454.442143777044,19500000,8.14098360896551e-05,210052568.51686576,2263.846084729138,2262.7476360422415,0.719501448921909,3064.765918499711,1669.5852396632663,44144998652.21819,26789522931.334682,1.021428377130804,44339057.40282297,207016.78236753977,399036.1422722165,17809.5283657754,20
2024-01-17 01:00:00,2221.172823617802,2242.729226547676,2212.449713452539,2228.3969009395805,2697.4791533073103,19500000,-5.9713354789769926e-05,194472300.15064996,2228.3969009395805,2231.7839652424645,1.0538790469356616,1129.7245460538882,1300.786566893172,43453739568.321815,30976717184.636814,1.0033247057292074,32114079.019450475,130394.34901900456,463955.728975078,31280.779314643954,14
2024-01-17 02:00:00,2237.7602283677916,2262.911892689275,2230.748756932949,2248.3018109795435,2092.4712619111783,19500000,-0.0001759940333221,204142596.1541976,2248.3018109795435,2251.682373270957,0.9037668977638864,878.0951432951363,880.0157837908777,43841885314.1011,24583681325.530033,1.0295096078563268,28647729.37372829,134699.5873955495,521214.7854245749,21324.36928271593,15
2024-01-17 03:00:00,2276.508008412183,2282.6652814296835,2252.981701508178,2272.223658895499,4133.96848199089,19500000,0.0003930892451286,174833144.88723552,2272.223658895499,2272.5781522040097,1.4443544523097522,2767.472209911589,1763.9848591871655,44308361348.46223,25709631282.19617,0.9817249536537483,21597143.170646742,89625.82919248083,385805.4016098087,15431.027254376866,15
2024-01-17 04:00:00,2280.540527144847,2293.535795319108,2271.9008690990036,2285.042036776572,3247.433958717603,19500000,-0.0003115326673372,159653381.90527844,2285.042036776572,2281.846292316013,1.457761353122,1591.9851474947832,1928.317758260027,44558319717.14314,31317293085.316414,1.0639906530984764,27407437.2384704,190685.04529793936,453756.4391547788,15860.02201890331,16
2024-01-17 05:00:00,2219.579208915008,2222.617647963764,2201.344139781602,2221.6032131632983,1463.6457272081482,19500000,2.4227788602639296e-05,203216334.04863808,2221.6032131632983,2226.9117354082064,1.4890494433299362,847.606036923579,561.4212821684523,43321262656.68432,21586434317.70277,0.9428605364348815,33427169.827461742,214734.3151294824,459013.03999019,22866.11777276501,23
2024-01-17 06:00:00,2115.6250453046523,2138.202758366214,2106.265740258262,2121.507741250872,2529.976234722675,19500000,0.0001308069312863,204090188.85356894,2121.507741250872,2122.541501176364,0.8285963285908203,1230.1823707490153,1114.9113032816992,41369400954.39201,25991913260.295128,0.9524459527623312,32128191.52650753,219157.1894872847,475286.3308884448,13643.84172264568,21
2024-01-17 07:00:00,2118.0379892290002,2133.2246200873724,2102.0785610461676,2124.027618409943,2859.927312437331,19500000,-5.090075381562633e-05,204815082.39042136,2124.027618409943,2123.552076186033,1.1206107143312367,1700.5914642638286,995.1406328373422,41418538558.99388,23607426407.053158,1.0525925454314928,25645800.698622882,192693.78811053067,314424.95809108054,37803.30437188789,21
2024-01-17 08:00:00,2103.5593736789033,2113.5127941249784,2100.713637990813,2104.2909838888413,2309.464749481597,19500000,0.0001839460795057,189061573.38437006,2104.2909838888413,2106.5133843377366,1.1902822971075568,1057.1362668978643,816.5418847710515,41033674185.83241,30600348276.849068,1.0142212500233916,29108140.51562268,156605.2027932437,367711.3226752824,30172.20405963668,15
2024-01-17 09:00:00,2120.8269451284955,2129.137266892988,2101.216714121789,2123.926081190228,6253.319972344019,19500000,0.0008693539954878,222126075.52920493,2123.926081190228,2125.6301130045945,1.163777112315641,3362.1652529571866,3008.130352343548,41416558583.20945,27600625622.785156,1.0102415824916822,15759488.373135269,141340.99224952154,336660.77364642627,38103.19044242751,13
2024-01-17 10:00:00,2155.798158191696,2160.3129876681496,2143.817655119597,2154.1697308256757,3789.23533236964,19500000,6.352042289603728e-05,190048085.74846986,2154.1697308256757,2157.209131511062,0.9315740572884962,2122.152352414033,1990.5031766599532,42006309751.10068,19035868281.56978,1.0129382592195404,19892298.33295413,132410.04669353482,445332.6835567272,36916.985904678215,12
2024-01-17 11:00:00,2162.305188975609,2175.0156930606167,2154.7373551575256,2160.3499063135177,5922.935455450447,19500000,-3.062168822821688e-05,203922020.81479558,2160.3499063135177,2159.135038320927,1.2915369981812068,2962.017773482361,2907.7938620601512,42126823173.11359,29566380996.669033,1.0171362181045134,35413434.34096054,156239.25351177118,369462.79568089056,19819.628431512218,18
2024-01-17 12:00:00,2195.0709235982067,2200.1756272168946,2188.365782690571,2193.6632514414464,3400.6185850190677,19500000,0.0004045995473145,206776447.57654986,2193.6632514414464,2194.581241188755,1.0000950017856884,1617.0287669701845,1356.1163604111869,42776433403.1082,28273250351.31681,1.0089930316130185,37370459.10591427,127458.16046691257,400613.24970388814,16969.97968652634,13
2024-01-17 13:00:00,2205.01470803538,2206.4305226562587,2198.120768126978,2203.962973418111,3104.7668972889346,19500000,0.0001718750932436,226233253.25226435,2203.962973418111,2201.569755636714,1.0259522697829668,1372.4994650850092,986.9602277837002,42977277981.65317,26572347053.495304,0.9710228652512468,27702060.16517755,252455.05611041735,348413.0203893521,9864.208630803065,14
2024-01-17 14:00:00,2234.704386335154,2251.8559082255274,2219.5054548824323,2227.6748771509656,1866.277513097582,19500000,0.0005318007313634,192232385.00050667,2227.6748771509656,2229.3820210318545,0.7352338329071102,1141.869393994839,823.1761152744322,43439660104.443825,22625049267.01825,1.0245457271521838,48214202.823144384,117525.08883027876,408134.7598357616,19499.22036620107,14
2024-01-17 15:00:00,2192.0286735156583,2204.9890566201875,2176.300439621333,2196.7190807214984,2998.791840184469,19500000,0.0001494062859459,187131563.1591894,2196.7190807214984,2196.8883480982963,1.1376366470634782,1350.9101867442348,1353.2974683405905,42836022074.06922,21195049333.19812,1.019820346346147,32696731.372207668,154931.23941201277,353337.6095179667,37410.09462529518,18
2024-01-17 16:00:00,2188.820504322194,2197.3846048058344,2168.0353982095144,2189.061015870228,3000.478223674683,19500000,2.5473037608690025e-05,174900233.58055395,2189.061015870228,2189.8950683781,0.9492506997453471,1463.146952066083,1593.8404774193991,42686689809.469444,27256299579.104298,1.0428529344021948,24308263.180925343,100302.44962594628,514824.6768614596,17182.46734907266,15
2024-01-17 17:00:00,2202.891975587624,2212.3934514003777,2183.2080087505756,2197.9128685224946,1504.8418039187295,19500000,-0.0004351174664283,223242072.32395235,2197.9128685224946,2197.8109958680134,1.0974131982648487,754.035039497957,740.5128911605466,42859300936.18865,24943345185.227108,1.0529272323070349,16381722.752991881,175279.77933228866,486915.3628080953,20682.09649821702,15
2024-01-17 18:00:00,2240.154127295698,2258.412387546584,2222.276445428776,2234.5028915747434,2276.139909720963,19500000,-0.0003859204081435,203930698.08329457,2234.5028915747434,2234.1655066185435,1.0481458436041824,1220.716683965638,1277.7739331076848,43572806385.7075,30870727386.42033,1.009914282389298,47444501.966371424,162657.8302666976,455907.79144013085,18650.512885841395,11
2024-01-17 19:00:00,2210.8927256053676,2224.3109741745984,2200.9747093006918,2217.1973869016047,2536.0390171285467,19500000,-0.0004507096071281,204447708.1175004,2217.1973869016047,2215.494066750043,1.0368500462134858,1548.9380971330886,1356.514244172878,43235349044.58129,22859050937.37001,0.9631735294710344,36313672.78689324,148866.0833888612,416487.4524912835,24649.17095091487,15
2024-01-17 20:00:00,2239.253158800269,2257.6378795596474,2220.7077880361207,2240.6529190645333,3665.572362684814,19500000,0.0002138017498852,253003592.3382099,2240.6529190645333,2242.6480641242883,0.9908989530393416,1936.8281025735416,1502.0171565427768,43692731921.7584,28018226250.155193,1.053175687936064,54783656.885540165,128901.5461087276,294331.70150130865,32397.13931917342,14
2024-01-17 21:00:00,2235.0488600663143,2256.048146319969,2210.0555602896357,2228.994371509282,3754.367304997436,19500000,-0.0003086748439602,202364581.10935065,2228.994371509282,2232.537812859544,1.1703700102984365,2482.868545571732,1838.38762409925,43465390244.43099,22804243519.391983,0.9694555019499118,63485169.69346523,162854.9911346369,403672.2942365825,13880.452227272604,19
2024-01-17 22:00:00,2226.2428149771,2240.955345705344,2217.465788737361,2223.9828964970393,2229.072277904499,19500000,0.0004766732097758,177661780.96808144,2223.9828964970393,2222.967273877452,0.9610022704947552,1346.2163131013308,1168.4483893093156,43367666481.69227,27794125975.57822,1.0101389258101714,15947326.945669614,142042.95310471283,379917.2296484758,14700.947191851465,10
2024-01-17 23:00:00,2262.2966556628935,2272.0625623254905,2239.8527403908806,2261.413514746256,3768.509338307157,19500000,0.0001090739694567,194104187.19203547,2261.413514746256,2262.8914400766325,0.7474861637735133,2455.357241257788,2212.356583553234,44097563537.552,20483467871.440693,0.9922979822073744,15963962.699338574,157280.01451338056,464842.9304146548,34405.99191546217,16
2024-01-18 00:00:00,2172.314947834079,2189.5125425015326,2163.7317977379575,2173.2611191950496,2721.560030016273,19500000,2.6743924269499357e-05,182378601.7111496,2173.2611191950496,2174.417693174796,1.120518048056713,1673.5041045571425,1161.3050383199732,42378591824.30347,24050369067.59107,0.9870812394944564,8489137.314952163,265496.64962761954,500789.6510713494,27444.472549261845,18
2024-01-18 01:00:00,2116.2200800741366,2127.543302336787,2099.2886673176363,2117.8457423870054,709.9467644472754,19500000,-0.0001531565225613,191023771.17562106,2117.8457423870054,2118.074676876532,0.8506103698811533,315.6349053954074,351.05774020139995,41297991976.5466,20723567142.99261,1.0229290036459455,38529038.4750376,169913.42200373625,472090.7591881577,20377.48373115761,11
2024-01-18 02:00:00,2057.377218903312,2065.9035511680136,2036.3122789494232,2056.1919514677406,2339.398172479265,19500000,0.000286677624481,190921085.94230154,2056.1919514677406,2053.258596802798,0.7673192220741689,1622.0876718312354,977.3985693407458,40095743053.62093,25331696520.13847,1.007333787978039,34697249.659593955,185946.96953065685,569553.3076696687,36758.50213801865,9
2024-01-18 03:00:00,1961.635387600553,1972.9353636944288,1947.8321812864515,1962.6260196493142,5112.758288593451,19500000,-0.0001413493458627,188124767.0068718,1962.6260196493142,1960.267733422883,0.8150965823362329,3251.5909504376746,2665.5286277003293,38271207383.16163,20858512824.591743,1.015397244738044,27748421.29590292,144912.2703285374,394879.9813868881,14625.053556599009,15
2024-01-18 04:00:00,1936.2109269208192,1942.528121822199,1933.082964102751,1936.3758233455828,1285.7495333128657,19500000,-0.0001956134012209,176373648.5643077,1936.3758233455828,1935.0571863592384,1.058302782013848,735.2128373469365,737.5032983129805,37759328555.23886,25731463930.43945,0.9755294112950988,16339966.771611799,133771.86427072808,391619.0455756621,29125.345322298264,19
2024-01-18 05:00:00,1966.1237340472128,1968.1734222922896,1954.2923465578965,1965.8147130613959,3153.7440086770207,19500000,0.0004565049761816,223960003.24722964,1965.8147130613959,1961.8064075757964,0.9808813638547892,1417.8264302910884,1815.824264511804,38333386904.69722,18567861093.751812,0.9947777510387602,25750495.57707372,161823.34748780692,544474.0957158208,21580.136570080944,18
2024-01-18 06:00:00,1952.190405157211,1962.9511487763125,1949.8716495566177,1954.8414498168909,6585.533359945899,19500000,0.0002063863482325,201940922.51753256,1954.8414498168909,1957.7894107953075,0.6527659700298083,2975.371595528539,2286.011533839728,38119408271.42937,23514487617.282757,0.976913950604779,28730220.45469577,304364.56875869224,457367.85429689626,26422.287350471583,15
2024-01-18 07:00:00,1964.8749110091135,1967.3085437919817,1947.2968293703552,1962.7859988398616,2037.9374541530176,19500000,2.9521171525518348e-05,193645580.87014166,1962.7859988398616,1963.7040001897078,0.9261387767997316,1190.7655348115998,736.1620664129413,38274326977.377304,24040233333.457634,0.994027852360676,36494355.87382956,151470.0320745996,421089.3200883952,10762.835984948766,11
2024-01-18 08:00:00,2017.9069507902964,2026.1892778140977,2000.569971675595,2006.213755389852,2984.162867852863,19500000,0.0002924298954201,209490496.3078015,2006.213755389852,2006.3542684979666,1.263450215478393,1566.2651561445718,1571.098590824501,39121168230.10211,17863947164.663048,0.9964371332539778,29762884.00596649,178146.13058967915,640051.6972194434,20369.398743730628,11
2024-01-18 09:00:00,2053.083195091541,2071.8809171456573,2038.8098563895103,2060.4058223272714,1553.0746207052905,19500000,0.0001026795619332,204742425.93407813,2060.4058223272714,2056.0990882752144,0.9136943851396852,936.127919505904,759.9240179929724,40177913535.38179,18513810324.63998,1.055329125196144,34798972.70183628,132309.66104747323,496602.95846374985,27475.198797155663,10
2024-01-18 10:00:00,2059.097996235964,2078.262251518913,2039.0370109343392,2057.764513287686,6725.190766488405,19500000,0.0002149039451355,201567156.13046205,2057.764513287686,2054.217193016734,0.967446347220134,3441.470555599291,3843.662980418015,40126408009.10987,21767454879.989166,0.9922183445659378,25391513.405994378,81730.45604563197,425870.7456364328,21611.93385695548,7
2024-01-18 11:00:00,2111.2293042736255,2115.209964041369,2107.4077712626545,2114.444063113061,2859.304483071399,19500000,-0.0001450543707126,208276639.59857953,2114.444063113061,2114.650556785021,1.2319500093545126,1583.635942588768,1126.9667488195655,41231659230.70468,26088203942.904205,0.9362320502640806,42805222.058435574,133591.5336264419,385698.4159619795,32099.294537133075,18
2024-01-18 12:00:00,2121.0019515171357,2134.183096446909,2110.232521699329,2118.555432782124,3051.2707476241626,19500000,0.0007211195826731,199294200.56758338,2118.555432782124,2122.9418805470214,1.172452667485216,1392.561557955746,1691.6435526153805,41311830939.25142,30520726207.821186,1.0418527461196236,34355405.76175666,295131.8196651581,576829.8036590576,31778.38123322624,17
2024-01-18 13:00:00,2083.771770814744,2093.3099274192446,2070.0945354429887,2083.5777585829005,5867.302298080437,19500000,-7.388599030286749e-05,208030575.1569581,2083.5777585829005,2082.330436851075,1.2267276997799132,2620.10452840614,2963.7665865401277,40629766292.36656,19389948669.776985,1.0134777812207807,16598197.74691955,188876.2983512617,461113.4578532139,16521.715944840325,14
2024-01-18 14:00:00,2062.298288965581,2062.7161338658602,2050.5192811793086,2059.1607261061718,4149.483706124936,19500000,0.0005668048980849,209414665.61635458,2059.1607261061718,2061.145341125349,0.5743532108437183,1753.959496776142,1488.1579441137142,40153634159.07034,26539497596.516872,0.9960696869633984,46514100.135469906,245298.4840548009,444588.04193043424,28203.39938983849,16
2024-01-18 15:00:00,2003.9816146783005,2008.9825142438774,1995.7861557264425,1999.2812780969127,1924.046181414216,19500000,4.333934520865707e-05,199753647.9561599,1999.2812780969127,1998.5217463257445,1.4143988611074465,1242.7256349838046,650.2281567152028,38985984922.8898,25645559303.17679,0.9868835389941673,43566824.61398398,149203.9500499566,506487.6834981544,16353.565122006628,16
2024-01-18 16:00:00,1965.0345859346132,1967.3628621226173,1963.7076010383832,1964.2786485482895,2156.757117285997,19500000,0.0003421291346964,193724256.3214427,1964.2786485482895,1964.5835817107275,1.135735077965117,1222.0528221955665,1101.708374220874,38303433646.69165,24929493820.27259,0.9715922303182934,32145010.463635914,90290.9239205652,527559.8361562296,22386.304225506246,18
2024-01-18 17:00:00,1954.8750718741253,1959.1131265863116,1942.5284984562184,1950.459028660419,3817.937568482643,19500000,0.0003202670497078,222850060.8402438,1950.459028660419,1953.0232656433263,1.636067150383385,2612.012635066467,1326.8801193213649,38033951058.878174,23004614794.596935,1.0581414429125948,29855062.70398762,123355.1348191422,493843.52594643336,26818.26528369958,12
2024-01-18 18:00:00,1972.9636888540128,1987.7003837038949,1960.155030494789,1982.257693927655,2181.8741154881923,19500000,0.000444055526545,189774253.27505597,1982.257693927655,1981.7701544164233,0.855161271534136,1363.3350613587024,1174.5000259453077,38654025031.58927,28605825613.03755,1.001555346659801,51806311.00084303,179738.12155582526,527970.1965284334,17144.198588132644,21
2024-01-18 19:00:00,2058.3973558504003,2066.657834846768,2040.09313844678,2051.8705513834525,1034.1947090231845,19500000,-0.0001521871121492,203440267.56576255,2051.8705513834525,2050.659732500393,0.7027949409401081,652.1931214558643,483.1018355837743,40011475751.977325,24028193224.365276,0.9478674656955558,13884070.86103027,172715.92386394402,484210.4337965834,27891.51656131376,10
2024-01-18 20:00:00,1997.6231603240603,2008.1913737756327,1993.007046109724,1996.1258178346907,2902.650606239401,19500000,0.0004226906203836,203808335.6631318,1996.1258178346907,1999.1560776610736,1.0014447339690673,1604.345874285735,1286.048722257786,38924453447.77647,27305080741.90838,1.0098322009985572,43840460.99186752,162331.21286133205,494339.6530467793,18927.918419289355,12
2024-01-18 21:00:00,2016.4088390730706,2016.4288013981097,2003.003169318633,2012.071443399964,1422.1053159035605,19500000,0.0006539319552734,187785944.3215426,2012.071443399964,2012.3643161351904,0.9464146696605742,916.7405397637078,544.1809867719583,39235393146.2993,20745956634.671974,1.0361851510610451,22055999.892693635,142548.52497864835,382189.72593056905,18504.89816645169,22
2024-01-18 22:00:00,1966.0199102036156,1974.0184084146877,1958.7560358732544,1970.8282413413376,6688.47300557763,19500000,2.2392106227442883e-05,184830937.7866507,1970.8282413413376,1973.1759019750943,1.139663218876961,4565.678979287928,3980.6693126667055,38431150706.15608,26590226853.525124,1.004693040050605,41352725.27728853,205855.3304524077,635438.6179299863,27227.841002396835,14
2024-01-18 23:00:00,1986.521067574814,1991.6890540964337,1981.0739790854593,1989.8272446637427,3256.4529142653664,19500000,0.0001104118201426,191666941.61024967,1989.8272446637427,1988.6627004707764,1.2398441285299648,2007.6751101242537,1682.446832152965,38801631270.942986,29061014105.80327,0.9729521958341406,28000368.957828138,143582.2515486556,345678.5818839097,17140.650042424786,13
2024-01-19 00:00:00,1985.3950743372093,1996.308262931114,1970.3410625559418,1984.8157530868148,1895.830863134476,19500000,-5.7033992744046224e-05,189557043.44296482,1984.8157530868148,1987.80622379153,0.9826926932967855,818.3859771355679,1011.2723816737868,38703907185.19289,27983923313.73886,0.9702677714192602,16230577.106801514,175773.97531793313,470652.600783377,16881.090331986637,17
2024-01-19 01:00:00,1913.5762955744233,1919.9388176993355,1907.6508677290578,1913.6415043987902,2102.082486687834,19500000,-3.930875655529963e-06,175461018.8385937,1913.6415043987902,1914.3564930585155,0.952998824156342,1251.3822280619656,1115.3928795176098,37316009335.77641,20196227129.80734,0.972480432168423,21877515.59524874,170899.68762148428,338624.3257904681,30101.99754056788,19
2024-01-19 02:00:00,1950.8006743312299,1961.4988210638123,1939.165747662555,1949.696878446371,1158.9865124747698,19500000,0.0006134268396797,187156982.19781554,1949.696878446371,1950.7395522118338,1.1102042017034015,505.468745582339,550.755806849284,38019089129.70424,26759631055.980663,1.0456497399114086,40155482.34122408,148430.83767310044,433815.3458847835,22755.6135997318,13
2024-01-19 03:00:00,1930.6188142230642,1934.9013766291794,1908.654956479242,1926.4403067843957,1720.3259481803334,19500000,-0.000201270357839,201414542.9689977,1926.4403067843957,1926.886526826166,0.9500261835474224,727.9847003925864,1001.0742748431604,37565585982.295715,17978030585.701523,0.9978500783428952,24532142.482131734,130571.4658964696,394644.75012035214,14239.344497236649,13
2024-01-19 04:00:00,1899.4401923915475,1906.6316643769599,1889.1969676367087,1906.1698117437616,4955.045360786156,19500000,-0.0001826356465552,218184892.7082687,1906.1698117437616,1905.3969075736627,0.9342638180681286,3012.024025671435,2354.3722177949057,37170311329.00335,24283820392.302395,0.9496382675596412,20810822.88514923,146263.85246517466,454589.99157666514,28472.45516632445,17
2024-01-19 05:00:00,1869.6412924515482,1887.2414767511677,1854.493295460317,1866.006986069563,9098.756845117114,19500000,0.0005832702809243,206111782.49743196,1866.006986069563,1866.1904466320302,1.2305078713935025,5918.155636923713,4149.157551706929,36387136228.356476,20109127779.672085,1.011524017775334,20755235.43906198,259991.81940465985,473710.4439494132,19497.07299231323,18
2024-01-19 06:00:00,1841.9628041481901,1843.9577994543633,1840.5831532395616,1841.932294713363,4286.381816311648,19500000,0.0002873645277665,160148993.03782353,1841.932294713363,1841.3012666901568,1.2865388768691144,1918.809309786117,1637.8827838942927,35917679746.910576,23260326287.198833,1.0042311035672065,34500241.264251634,214939.52013009132,365394.6419872629,14459.342119942005,18
2024-01-19 07:00:00,1857.191393031038,1860.3055958526568,1853.8831010454169,1857.9486254885899,2846.879413346229,19500000,0.0007361110747127,207549869.444366,1857.9486254885899,1859.9172076393227,1.242087272520651,1202.0794090025354,1094.6842810630956,36229998197.027504,20784233429.061504,0.9865331359935,53748801.03008975,210049.2241235669,439818.3628719883,10381.757897327218,13
2024-01-19 08:00:00,1845.668486944447,1853.827643717154,1843.8052624718093,1851.1148935855476,2401.911871115293,19500000,-3.5131591347755946e-05,188559801.40617183,1851.1148935855476,1850.9241229286963,0.9669137870746612,1599.569707518724,1251.5526217582103,36096740424.918175,16341353370.552397,0.9693877973173356,11332945.332921436,133704.05253733043,584630.2321032585,28883.457030345915,21
2024-01-19 09:00:00,1865.384008085736,1883.6885834394059,1849.2567773366848,1863.5091365064802,1847.8019807967885,19500000,0.0001378843411712,204448018.36784384,1863.5091365064802,1860.906732528289,0.6518389234174209,812.4097947501828,739.9157656826055,36338428161.876366,18873560606.283703,0.9680831530068136,81805225.8466014,113615.77973701016,340287.79025868897,17017.96075240233,14
2024-01-19 10:00:00,1868.1709875122217,1888.8296137199584,1852.5545524000347,1877.2346814777882,8348.88227555403,19500000,-9.820308313154128e-05,196947368.39773694,1877.2346814777882,1874.269732465717,0.970793775105826,3427.431810074266,4329.840749914469,36606076288.81687,16938212432.049715,1.03259901446399,28949873.658350524,214083.96009224612,372946.12312444695,15166.533994396306,10
2024-01-19 11:00:00,1930.1716965594544,1941.951340474188,1924.0776683887927,1927.6719147091935,2712.499053931967,19500000,0.0001429903505943,194154131.94842982,1927.6719147091935,1924.536135813818,0.8593353799375323,1671.7574095065704,1589.014570767531,37589602336.82927,21733592998.133415,1.0074253856741529,33654844.14213465,204064.58484774944,525523.8899222192,26684.03829920957,15
2024-01-19 12:00:00,1908.9791384067832,1933.5852288394783,1904.7932864252418,1914.6929875665578,8585.370379481055,19500000,-0.0004322290091852,195564156.15150917,1914.6929875665578,1916.0676811413243,0.9743886758076464,5617.533754299079,3707.0962304061472,37336513257.547874,26211030786.160175,1.0143593099398536,22411240.6881185,168436.18688071668,449329.14595395455,28049.8195813481,22
2024-01-19 13:00:00,1859.3501477464547,1860.994534133628,1853.1424622761115,1859.1513750429556,5983.492788639047,19500000,0.0003054863669965,196816811.17843154,1859.1513750429556,1857.196469356602,0.8743992686314107,3316.9013740350883,1969.752021287713,36253451813.33763,24340532297.97264,1.0073427642874035,26646592.95484771,148355.25203680625,455992.20131227456,17393.800009667175,10
2024-01-19 14:00:00,1898.9976909203522,1917.9605626283071,1887.7731406228518,1899.450401512173,1248.379743538852,19500000,0.0001970422250477,219558727.07639623,1899.450401512173,1900.2103445997288,0.9958606198565324,701.5614187411272,624.1448606872852,37039282829.48737,25433899751.446266,1.0098306611473546,28820085.3813111,112872.46550182108,542780.6021920735,28963.514549270178,11
2024-01-19 15:00:00,1891.5018883745513,1895.3608008941533,1875.35400552869,1887.0878459283354,2136.712692829296,19500000,8.273360126022434e-05,196860338.03217673,1887.0878459283354,1887.5342828249497,0.812324713042925,1070.6173171089908,647.1182026581768,36798212995.60254,25470247230.02874,0.9859481600971528,17539034.702265542,202167.1503300697,377447.3091959331,40801.24506941791,10
2024-01-19 16:00:00,1929.1303262985625,1941.8440285745496,1915.8819474172835,1929.819870888963,2133.4111101824183,19500000,-1.7109297379899407e-05,215058533.29110768,1929.819870888963,1929.8879769437776,0.7740308971863938,1005.9864554222254,1143.7239498652264,37631487482.33477,21133163610.432735,0.9938251193655768,19332638.333850607,218935.79203179487,398767.1549525995,32991.293796465754,17
2024-01-19 17:00:00,1942.168180866521,1953.0382685520717,1924.5878151798347,1944.8681968901356,2864.2929731617637,19500000,-0.0001684261962104,212567549.43673623,1944.8681968901356,1945.915324047234,1.277031567145402,1794.678962777808,1310.9752507849028,37924929839.35764,22823515514.095013,1.0349473541627512,42858087.39790866,137341.64955979216,389053.29824820935,31486.593421746456,17
2024-01-19 18:00:00,1938.0023771039266,1947.4165052795554,1932.2844921676933,1939.9679631043396,2892.402855211874,19500000,0.0003183138736098,207977726.97002202,1939.9679631043396,1940.4690636910518,0.8237143080909559,1893.9029361656185,1292.671704112713,37829375280.53463,22793535913.73686,1.0424377050345734,14341086.654252732,134504.1186939587,412651.7890529285,24203.16615987968,14
2024-01-19 19:00:00,1958.7166874959955,1976.9571059721163,1940.8724590251352,1953.742916111007,13334.6281064771,19500000,-0.000251326995711,170910126.56151173,1953.742916111007,1948.6441751130844,1.0000663272508254,6618.955056977262,6278.378263778813,38097986864.164635,18437999066.216698,0.9633372403672076,31832347.495506074,221962.88923047623,578332.6013341441,19281.175540844568,10
2024-01-19 20:00:00,2033.867691896983,2036.9027864530813,2020.3166903369174,2031.6885151110357,1739.5575230338864,19500000,0.0002535687736147,215594205.1259166,2031.6885151110357,2031.234178277515,1.210342006076263,838.7202761139883,791.3639671783491,39617926044.6652,24937211827.702457,0.9937522350067666,23008428.02179949,138625.8538805015,314828.7064631703,21660.252634529283,15
2024-01-19 21:00:00,2116.4396810832113,2139.1919183613177,2109.9668203675906,2118.0732661922243,3342.535627416379,19500000,0.0007223354184428,190078138.856175,2118.0732661922243,2119.185473102478,1.200647296659999,1605.5452599584792,1327.4318081226784,41302428690.74837,27509645100.84085,1.0251785607698098,18170229.05405817,253917.59188590304,348417.32073849003,25140.17595433415,12
2024-01-19 22:00:00,2120.223392076094,2129.2686061847303,2100.984163026684,2121.22650490213,4057.222362260945,19500000,0.0005456564465932,208789283.56564483,2121.22650490213,2124.9180389263292,1.1723023561933958,1684.4720033328513,1559.8099817361783,41363916845.59154,26195369200.056606,1.056462391966472,58723505.96861157,158377.5566540282,336671.6447887881,15104.476146276593,15
2024-01-19 23:00:00,2121.5755502744328,2142.053755155413,2119.5497975517383,2128.2462277369013,2978.6158679786595,19500000,-0.0003515383828011,182411426.62105617,2128.2462277369013,2132.0482494204048,1.0624454750507069,1442.6107059160802,1264.6882422372707,41500801440.86957,27962815889.80108,1.0534587874399226,18215380.575816967,147762.2102712245,585568.6996427911,17486.517383023893,13
2024-01-20 00:00:00,2176.4600423979155,2197.5261456563308,2159.285970763648,2174.7703580441616,3149.787561937452,19500000,-6.1021418102990825e-05,179336050.85076663,2174.7703580441616,2172.0232957494686,1.155809150280398,1284.1535065413595,1790.568506153244,42408021981.86115,20596192945.464603,0.976127265551605,16979836.441091776,164600.56508564888,391257.03952079086,14352.435917140989,15
2024-01-20 01:00:00,2130.98436447595,2139.7429403269357,2115.4734894583075,2138.5111354504447,1767.984635526401,19500000,0.0002264352221666,230944736.791678,2138.5111354504447,2137.9770951170603,1.3160273646859313,1125.3616231273552,602.1952585606356,41700967141.28367,28290882049.225933,1.0382513835461749,24761208.789467197,147759.62343942063,414432.4491449378,23636.702808516533,14
2024-01-20 02:00:00,2156.256738561574,2176.156063574932,2133.312315310071,2153.0194736991702,3143.9746712590804,19500000,7.891542339569495e-05,182638484.22532877,2153.0194736991702,2149.862899954578,1.0887219864031878,1498.9781089543294,1249.5079012090107,41983879737.13382,21514304602.199234,1.0017590890632104,19621853.010265242,215680.4291779268,320319.1637438521,22582.175439747043,18
2024-01-20 03:00:00,2152.674917276004,2164.898050545965,2140.960815359529,2152.121298738648,3849.503654598013,19500000,-0.0003198217154847,216103158.518502,2152.121298738648,2155.607487910301,0.6925045508187342,2336.8279389335626,1376.929456431002,41966365325.40363,29924034828.75068,1.0313324991662722,26752277.531545453,203099.75370593197,419795.4268908511,18109.417763477886,11
2024-01-20 04:00:00,2176.231508662569,2191.5608154889123,2158.9257585503083,2165.89175024073,3511.506027623054,19500000,0.000215594785442,199046999.25522292,2165.89175024073,2168.302076321163,0.8996885408901171,1976.8251980373711,1503.4200288171176,42234889129.69424,22109094154.820312,1.0236483604246387,28395397.351541154,213635.50051851448,526130.3865455802,28173.85675793502,5
2024-01-20 05:00:00,2125.6169701826075,2133.4822939617816,2108.0223740349593,2130.304217001352,3964.362946605255,19500000,9.69949314651102e-05,190653518.9193264,2130.304217001352,2131.2641062768657,1.1494390196347997,2581.7481137854443,1348.07973984226,41540932231.52635,24824766184.980373,0.9620810787230571,29310053.338891484,170438.52187567926,465371.5555301788,16100.729978456358,16
2024-01-20 06:00:00,2063.4268070246526,2074.858884961209,2047.5217010380209,2063.8505654539426,6040.873805911692,19500000,0.0006742976225811,196464359.3568522,2063.8505654539426,2064.399745483819,0.8821270491075338,4156.807532080881,3191.0232304758574,40245086026.35188,23993310919.864788,1.016499218698815,25393951.338566475,145206.38807658872,432971.5020710335,17908.837372334605,14
2024-01-20 07:00:00,1987.3535891781462,2000.7386881613454,1970.3241295597238,1980.2315371417023,4762.286890142751,19500000,2.403138921476601e-05,177679219.80481437,1980.2315371417023,1983.1635295414872,1.382676658118343,2429.6591677051083,1576.508489221657,38614514974.2632,20490989155.202297,1.0301708977350787,20149967.329954546,162386.40629773904,323522.16115168453,27838.018726250484,11
2024-01-20 08:00:00,1941.277067121011,1950.1340914686855,1921.7916227194212,1936.6624280140556,3089.1378151955,19500000,0.0004504010155979,196953369.5479791,1936.6624280140556,1939.2020222496558,0.9874435329809084,1317.524216282136,1543.267231681422,37764917346.274086,21092192573.51168,0.999395342349165,34516192.624383606,146323.58767030848,414326.4971854253,29104.402606564006,13
2024-01-20 09:00:00,1916.4972931307911,1922.1440195364946,1911.3634644680228,1919.1695911275285,1659.2497544846556,19500000,-0.0002801265209389,180810247.169486,1919.1695911275285,1921.5839922536304,1.0171959309091427,1036.8547669462034,631.034413588977,37423807026.98681,18924434238.81638,0.9926105071808012,25518157.094008576,234837.51496388932,455605.6687152595,17348.861076027555,11
2024-01-20 10:00:00,1908.9943607245934,1913.65458010143,1896.8910345072702,1908.1396384689824,2208.3421676960347,19500000,-0.0002084027893689,191030259.9853937,1908.1396384689824,1909.2018613753705,1.2522586487254943,897.4497146431157,975.3297746763208,37208722950.14516,23107740999.191227,0.9528500826468074,21885414.786422864,209100.11407096585,362810.1699236536,23614.41905672129,23
2024-01-20 11:00:00,1983.7269593208837,2000.6757794543164,1966.556218187092,1983.7190269981593,2670.936460153366,19500000,0.0003164985879428,212319308.43661076,1983.7190269981593,1983.2246280783468,0.9640906249925127,1247.030853868352,961.5274796089508,38682521026.4641,28002602198.22285,1.020508525496528,48234031.89962383,159073.11738789722,504326.03441855015,17437.142346637687,9
2024-01-20 12:00:00,2029.4341281156799,2030.1336942085281,2021.8407023589396,2028.2903513849756,3381.832210332029,19500000,0.0004251192341822,201220757.7047475,2028.2903513849756,2030.049132315203,1.0358842472544811,1406.758331892063,1755.397851099056,39551661852.00703,21554954525.953014,1.0062624510344174,25420160.105023123,129104.9941974401,528085.6203675848,20760.307305225844,16
2024-01-20 13:00:00,1987.0538937098884,2003.9395920162535,1977.445494955965,1989.8344104567593,2346.860177883212,19500000,-0.0001872178178223,175123897.36716446,1989.8344104567593,1991.6571821612563,1.1970075054816425,1571.092665308844,1371.6994004219553,38801771003.90681,23374915663.757877,0.9723344825586976,41299978.89230684,239236.9882008704,398025.06444223307,22997.73974775305,12
2024-01-20 14:00:00,2003.5626817599048,2023.9476472145257,1984.5079019748987,2003.9206637612394,1867.08449648102,19500000,0.0001072232219451,211069275.27691612,2003.9206637612394,2003.739033463013,0.7449381209596525,749.8008283288877,684.3305054220633,39076452943.34417,27688174976.71359,0.990224800093708,43588908.55840244,168412.4036380954,511532.5193293245,26058.77544242433,16
2024-01-20 15:00:00,1981.5171834835428,1988.0193785171082,1965.700478674272,1987.8706262355397,1645.666347158997,19500000,-0.0003144737520587,197058249.41324517,1987.8706262355397,1987.3711758899158,0.944537742561396,901.5332985011484,964.2715514335944,38763477211.593025,22705695693.578377,1.0046350974738332,44662600.89747363,157543.6961985534,432809.1209184527,24228.083246269227,16
2024-01-20 16:00:00,1977.3290361886868,1980.5134392366137,1959.2598721633008,1976.7948135110144,1305.5910387349322,19500000,4.5634052108356194e-05,188800806.76336497,1976.7948135110144,1979.2328207857108,1.1803731993094804,688.3072537490322,519.079679541213,38547498863.464775,26959276458.50165,0.98324092632842,35181855.16845101,239764.6700761828,556502.8641003015,23907.528830989093,14
2024-01-20 17:00:00,1986.1198307669833,1999.5091444150075,1976.6892604289433,1984.33384825761,2650.5558404869203,19500000,0.0003510768356872,209306869.99737617,1984.33384825761,1987.8344435644979,1.0132064748987302,1579.2631910841922,1238.748272164626,38694510041.02339,22594389941.150913,1.0000803138252967,26677324.89018955,143273.8046954088,664526.563836161,15937.825079978738,14
2024-01-20 18:00:00,2008.3464966619415,2010.4657583704732,1988.3332181910187,2009.2603862957415,1429.62475390933,19500000,-3.0487549740843432e-05,194550311.64937663,2009.2603862957415,2007.9555810781221,1.341068604788326,696.1174979589811,729.7905345225915,39180577532.76696,22805946119.79972,0.9475020205838964,26009209.114642467,150281.91983621396,355495.1564834002,24747.580157239925,13
2024-01-20 19:00:00,1989.4260654936245,2007.6443969065263,1986.3908855870666,1995.8729382263775,1807.567247279177,19500000,2.5289588216859167e-05,179614779.0345401,1995.8729382263775,1995.5468591411136,0.7296541154061541,1196.805855907788,650.3276013267812,38919522295.41437,19349696297.06717,1.0404826509055587,24201613.412849154,153631.2090392667,516017.97581584967,25986.166178823947,19
2024-01-20 20:00:00,2043.0293057915162,2057.0036283589134,2028.4203544433349,2038.9980766573797,2448.05488464216,19500000,-0.0002389386194888,228581341.0216659,2038.9980766573797,2039.9175283329719,0.7131950357201565,1518.5375577652137,1061.058424256035,39760462494.8189,19382972881.046787,1.0004772785489886,11215638.289704485,117108.68416568104,574349.2347704537,27083.5106621002,11
2024-01-20 21:00:00,1994.6100513214913,2006.3412774974545,1983.6042694215548,1993.1569401028582,1528.498783273817,19500000,-9.450752408747767e-05,196897709.5169126,1993.1569401028582,1994.3261239662786,1.1664177539705043,809.6279645530811,489.6519014824038,38866560332.00574,24619984680.88662,0.9670193948052906,35573111.964228086,176122.28631429464,364347.7078198602,17750.055934867436,15
2024-01-20 22:00:00,1990.7142215086344,2000.889357090603,1974.819718337273,1993.6090019773308,3604.275628317389,19500000,0.0006274332748643,195890637.57052296,1993.6090019773308,1992.7669686014146,1.1890580546726914,1828.8378369517357,1834.9948694645368,38875375538.557945,27142789432.6083,0.9262087345483696,29425262.522009693,134512.68876444793,394342.80220419593,28989.114747608,8
2024-01-20 23:00:00,2098.9530675279416,2114.775509574781,2079.881606919634,2100.1316632942207,4316.11742021074,19500000,0.0001218774675151,190882667.79531807,2100.1316632942207,2104.2973177748036,0.9620873794941078,2782.887811475157,1834.2844536282491,40952567434.237305,20092228330.536503,1.0308740482310017,37124497.24353604,141113.46568587227,393456.02234564064,14836.261158291987,15
2024-01-21 00:00:00,2103.401471253586,2122.2715248795703,2088.022674842787,2109.7334962653244,2264.901366369706,19500000,-0.0002006923299951,216689316.71505782,2109.7334962653244,2110.8349781352863,1.0833725207389882,1420.3606179212595,1285.3164859983578,41139803177.17382,29745237174.401894,1.0167427465817092,25464026.424451657,136474.23621974856,430819.1831017264,19355.938561706444,7
2024-01-21 01:00:00,2166.8467463688153,2175.8081170352025,2153.264599150514,2171.299691757554,2395.833212960687,19500000,5.568415024602533e-06,189062390.2321475,2171.299691757554,2172.6706143577467,1.1607210368727867,1245.1145624804512,915.6816239058104,42340343989.27229,23611683073.693897,1.0063205714040715,34813227.42801507,140537.89534884575,411978.6879660116,20279.06344268887,17
2024-01-21 02:00:00,2173.1552126212955,2187.7462115118406,2163.8665128801063,2175.4952246528237,3899.933907072065,19500000,-0.0003792282863499,174246150.8496461,2175.4952246528237,2179.539218095336,0.8497843724330838,1959.3718734029003,2250.575408525883,42422156880.730064,24502068975.234722,1.025909440037938,15379947.07849511,131962.27747157263,425211.9724990389,15082.30198216337,26
2024-01-21 03:00:00,2206.5400457376318,2225.9996816500525,2189.8992643473352,2201.132212496809,2085.9975298060344,19500000,-0.000204247907642,186750431.63978058,2201.132212496809,2200.3638817093365,0.8681683122391975,858.7350870349695,714.0618892256027,42922078143.68778,30832474809.85236,1.0258269518889014,16715912.408318635,173130.95360818418,523136.4803289119,20186.850307735043,13
2024-01-21 04:00:00,2196.041410540962,2213.5164481827915,2184.85696475853,2198.8537594113805,2015.521085554042,19500000,0.0005081019217139,219249273.20283505,2198.8537594113805,2198.8791960233543,1.038674349192388,855.6132370297627,971.6624388087732,42877648308.52192,30824266931.95222,1.005833142101606,9910380.155442439,156545.46013524328,302802.98413212225,23539.715014460235,15
2024-01-21 05:00:00,2194.3978103053573,2204.7507928128143,2191.1452427368877,2191.591636502638,5422.158373698201,19500000,5.725527268401849e-05,210742692.22728142,2191.591636502638,2189.0640251513223,1.1981968383270791,2256.569671063361,2127.3429221054816,42736036911.80144,25960333111.464527,0.9923735734822656,25287941.71224103,164719.9494063188,364113.64727289416,12737.024491494423,15
2024-01-21 06:00:00,2155.5829430459144,2164.8456981469303,2144.739373481341,2157.906214805285,4638.256727551836,19500000,0.0006672190528303,193188442.01950124,2157.906214805285,2157.750089271565,0.7920019815042012,1889.2762791637904,1644.4219522503392,42079171188.70306,22429438877.921585,0.9874857520415424,19590742.107119825,293152.1449052581,505845.01922709646,19566.877356202065,13
2024-01-21 07:00:00,2177.8544740700077,2179.724950724853,2158.14246338215,2176.7750219555737,4026.9921083784097,19500000,7.139564845118324e-05,220066056.83335838,2176.7750219555737,2173.7516392141642,0.961183898816844,1795.481606292344,1321.582907272463,42447112928.13368,21290701077.40284,1.012628260717156,18591687.983277906,156546.70903589667,494130.64744875656,13036.126193830049,17
2024-01-21 08:00:00,2139.6255968364303,2145.4664201893806,2124.4497885423225,2140.230834863629,4735.4039367676505,19500000,8.920639114255122e-05,209328068.41327652,2140.230834863629,2142.0454281947927,0.9523265137735906,3111.835396050892,2352.040887287233,41734501279.84077,22180802927.049152,1.0419109412463805,30506149.903632108,189328.12608013663,358001.1799020979,40638.112439492215,15
2024-01-21 09:00:00,2172.915871638954,2173.1589503722994,2151.86838690137,2169.1283280324797,1109.162646738018,19500000,0.0002922682475626,193009652.22740147,2169.1283280324797,2170.2562677135415,1.0871850371365297,709.2516067861775,410.3351426178829,42298002396.633354,28939794939.172565,0.9969129048605208,22507857.50311279,194791.9607004323,494815.5718782455,23476.31606895232,14
2024-01-21 10:00:00,2214.575948196165,2238.820221341555,2205.928361531435,2216.9472452421405,5865.93854727971,19500000,-0.0007017762746658,194570498.95491406,2216.9472452421405,2216.5546919296844,0.9982618383539202,3834.400687475999,2767.8098062453896,43230471282.22174,23663376083.07093,1.0442943221775016,15041769.214776922,160217.22727907484,576870.6775637558,22873.831003123694,17
2024-01-21 11:00:00,2226.4574844337176,2238.4510120933005,2214.6801202098177,2233.4819112362943,3626.528226930546,19500000,0.000161481797096,202433769.093066,2233.4819112362943,2233.4809648925475,0.8965719642048376,2129.280176375904,2153.525361383084,43552897269.107735,28673852958.934086,1.0111945742035724,73845425.01675747,174285.45551207833,438096.59304312745,23614.637303956377,11
2024-01-21 12:00:00,2214.815409781259,2239.0519189917013,2214.073810535366,2220.9538999627725,4941.334384383615,19500000,8.53040535817145e-05,184475450.00305715,2220.9538999627725,2222.867177157273,1.2836571547149886,2901.645091809124,1950.78221732499,43308601049.27406,22025032833.152523,1.0114207290554995,26291957.661750436,163599.1565484391,361641.1842774369,26406.254902074263,8
2024-01-21 13:00:00,2239.050246090086,2245.214648011855,2230.474729723424,2241.4345833080993,3617.653497589079,19500000,0.0005458116680545,197241280.51994154,2241.4345833080993,2239.112914137689,0.8977609073263707,1581.5640339495849,1123.220935827518,43707974374.50793,25942915823.231186,1.0721532840197192,17301654.402119588,171208.87801814944,527018.4578338669,29538.40189570173,19
2024-01-21 14:00:00,2222.2971058666326,2234.1808176597124,2211.7541718312164,2227.8625737888156,3054.778644963247,19500000,0.000389403818249,202097128.7949007,2227.8625737888156,2228.5402179968623,0.9432543837960914,1862.4667887480828,1047.3210352317758,43443320188.881905,24138493010.41857,1.049580346486553,20412208.217977237,140557.34060212548,624439.1002597719,13779.452625009795,17
2024-01-21 15:00:00,2272.029918023055,2281.5333038562285,2264.3737488311863,2270.167418118022,2597.6056446697344,19500000,-0.000240107505664,172278103.0373393,2270.167418118022,2271.9824392311107,0.7273848842361075,1257.2617135280177,872.267150954858,44268264653.30143,26608932177.406837,1.0503582773316464,24898564.735938426,143838.60805261298,370560.4763127104,32632.150049807,13
2024-01-21 16:00:00,2186.6998491414683,2195.839131234817,2186.016702701009,2188.738738792912,3581.6260795738976,19500000,0.0004726415855882,194206441.0650787,2188.738738792912,2185.056680350423,0.8669923069978355,1990.5818121899124,1572.280332854746,42680405406.46178,26503831255.700882,0.9760715902489944,24877628.937331792,163444.79439137375,445900.18913942215,32008.206057544,19
2024-01-21 17:00:00,2184.6404983627576,2202.0815935373175,2159.302575137571,2174.3142168006966,2550.707486984417,19500000,2.1305642325701458e-05,192447396.88637608,2174.3142168006966,2176.0209186658017,1.1087299990246555,1750.8484228461978,1335.0279810614968,42399127227.61358,31684040544.374092,1.0657654750646888,44922242.80531525,99411.6002982664,550196.6985374425,21592.385680717907,18
2024-01-21 18:00:00,2082.388578228913,2109.663462350585,2073.328360599963,2089.6510123547364,4600.581787542546,19500000,-0.0001713359678888,214072081.95727545,2089.6510123547364,2086.361771134872,1.0662207547066784,3041.833913133677,1789.31952893694,40748194740.91736,29337417222.1886,0.9975334961764012,25849606.159605585,236574.440752714,452739.3003975004,21255.721662056563,20
2024-01-21 19:00:00,2029.1216996167618,2046.8824899200697,2019.8644603584953,2028.2956430384518,1348.5317375153115,19500000,0.0001591309752613,170120598.5505369,2028.2956430384518,2028.2599562235143,1.127387938404048,633.7533486773898,463.5616028056221,39551765039.24981,26055118492.98058,0.9931752646073948,56044757.74939068,279348.2539597053,311932.0745763952,8683.428872228495,14
2024-01-21 20:00:00,2079.8892474031945,2087.793362615867,2074.6897997862234,2084.5918908553253,2273.809889705087,19500000,3.916919330085455e-05,191243381.71761316,2084.5918908553253,2082.3751543829208,1.1164973928539108,1412.024992453035,1119.2375099934447,40649541871.67885,20167174335.102528,0.9352225475976028,22445680.05895248,169835.83363881396,483440.5089280561,15165.867936239703,16
2024-01-21 21:00:00,2120.3676851552746,2138.9470595552293,2108.963703173979,2122.4621364813775,8286.737500084546,19500000,0.0005615395942085,189715764.64076698,2122.4621364813775,2125.7121493675368,1.518226393617956,3573.4668163634938,3234.761649311657,41388011661.386856,30035634629.69862,1.0097887247366146,31646949.587072827,192214.5152603685,363755.8838011683,25736.224263453867,14
2024-01-21 22:00:00,2092.940456580073,2096.0368973828886,2083.1836114058087,2092.348658889303,2179.737570895776,19500000,0.0002021866085473,212910741.8212045,2092.348658889303,2090.1367930693636,0.8610766402157722,889.3825086329342,1030.037397287069,40800798848.3414,29285826899.49019,0.9674993812569208,40159516.10036545,213259.37300382293,343126.8490902575,31577.03010645003,14
2024-01-21 23:00:00,2021.1679452477804,2049.1590228602117,2011.5879230134651,2030.6117983464944,2645.613166656638,19500000,0.0001616976762658,196484514.72570822,2030.6117983464944,2027.4639644621918,0.7233336027235371,1080.606736359823,1534.8153551321625,39596930067.75664,28351838643.937363,1.0122476148564097,43039929.16987072,116871.76243371864,313154.0126826114,27409.66799395101,12
2024-01-22 00:00:00,1914.813233126745,1924.7296406251753,1902.7893712437292,1913.9067069401467,1917.369614593356,19500000,0.0003701941248566,227637606.65190697,1913.9067069401467,1914.3533211690267,0.810494600946881,864.8754765866317,742.7968239821332,37321180785.33286,22157773851.52289,0.9651530460028692,45097022.990836926,205267.5412105864,561339.6615697884,21531.78469368701,20
2024-01-22 01:00:00,1900.6106520698297,1907.0039468609846,1893.284953020059,1893.4047041884196,3526.0122475297217,19500000,0.0004278614854278,207897343.88128754,1893.4047041884196,1892.8107374903302,0.8687235165050372,2145.5238721670657,1599.919187089375,36921391731.67418,18505445084.346684,1.053930995133844,23933105.119268723,146296.410483302,374391.6556945232,39252.16222273379,13
2024-01-22 02:00:00,1985.7122212360464,1990.6355565259148,1967.687992747825,1987.5146517593994,2062.899001824695,19500000,0.0003350815282891,190804531.5035752,1987.5146517593994,1984.7229782874922,0.8229454294872054,1049.9986102213509,1118.181147934441,38756535709.30829,26211857611.236725,1.0165472188863018,26625559.66728273,288566.5624705879,472913.2448932636,29778.819564212397,19
2024-01-22 03:00:00,2006.119192284145,2006.356096668538,2003.6519653249443,2005.0773226003168,2716.757989032181,19500000,0.0005258390418444,200986962.74912077,2005.0773226003168,2006.3321304642816,1.018908717267692,1099.6967201410978,1378.7966091955118,39099007790.706184,22151719266.70571,1.0683961472724872,9897659.565440243,155272.2190609609,496724.5301453574,19571.937799647025,14
2024-01-22 04:00:00,1987.0257535469957,1991.9525241264425,1974.0193322162356,1982.960994068112,4557.061413980227,19500000,0.0002826047238741,191663617.54397902,1982.960994068112,1979.210225206958,1.2847073909722744,3173.568508468076,2394.478082314423,38667739384.328186,21397585770.724598,0.9693092790552246,24671860.244986247,204238.87747503532,456965.7848165151,42388.5346555634,22
2024-01-22 05:00:00,2001.0355520767728,2019.9877866314068,1996.885947117869,2001.6919208695779,2101.94480043007,19500000,0.000150295439418,211202847.7752006,2001.6919208695779,1999.817854878771,1.360608212150799,1177.1175085725824,1117.752894264108,39032992456.956764,22140864010.19274,1.0464753773412392,41287881.03340822,155654.9173009063,469448.62935263896,15853.567448391672,13
2024-01-22 06:00:00,1938.1056372773771,1955.8299394303804,1927.9541816495546,1940.360181310884,4421.815156371118,19500000,0.0004717516186264,177237657.76964423,1940.360181310884,1939.438086701528,1.1061236546917104,2291.225714040629,2042.7671994755297,37837023535.56224,23372730343.26516,0.9459186274890152,38198717.44185812,281862.0903765294,477447.56314990384,14163.845905115346,14
2024-01-22 07:00:00,1920.269012229389,1947.7568224949753,1914.8878402872213,1929.0490264173534,4496.77007880746,19500000,7.273115797535839e-05,184596372.29335552,1929.0490264173534,1930.789457644552,1.534576493682691,2498.652636557377,2072.195437801446,37616456015.13839,20691144134.884686,1.0062422642942288,25776739.097376566,143187.815949928,454802.9546044082,19412.42072739101,18
2024-01-22 08:00:00,1935.5622619428323,1937.512563920217,1916.459435291839,1933.0840840274889,5051.689634302497,19500000,0.0001099739549033,204490709.01687697,1933.0840840274889,1935.7816417175259,0.9312061372723168,2808.695350362381,2604.9890028185973,37695139638.53603,24764808968.66467,0.9810513064017414,52652995.17932221,217786.868656881,380015.7951932706,17542.95890845891,10
2024-01-22 09:00:00,1929.514318966975,1941.3798983683519,1921.8664992160366,1929.951137969252,3197.966753973069,19500000,0.000616473075189,217484561.01799294,1929.951137969252,1932.272448936211,0.7214416275047365,1730.326983602874,1628.7068183289132,37634047190.40041,24248261604.288868,0.9865613039424892,22884623.783819783,190359.46230570387,373298.0971704436,19742.333458543675,14
2024-01-22 10:00:00,1956.9426567639284,1965.9567293469827,1944.4425768206465,1960.9142291114854,15072.535693603792,19500000,0.0005865772383865,165324442.36536932,1960.9142291114854,1960.8097637777291,1.2344624517407068,8800.6225497126,7551.6011254392,38237827467.673965,23044362610.132072,0.9845051074627352,20037618.23647524,180065.77691327743,433221.182722473,27985.09172364288,17
2024-01-22 11:00:00,1975.1747467635525,1985.8987942256163,1969.760206898903,1974.6747721035192,5050.622834713323,19500000,9.754725792300317e-05,220087467.20976713,1974.6747721035192,1970.0790952256136,0.6923117781643294,3362.138942686382,2094.192311035561,38506158056.01862,17951261662.23112,0.9725585144394602,22127090.099263392,172344.70519912706,431389.7230756372,21803.07139470644,18
2024-01-22 12:00:00,1999.1102172526778,2007.8603609154143,1998.7222669153766,2001.4466274159147,3506.7284356705936,19500000,-3.6065473191685015e-05,194972112.98663,2001.4466274159147,2002.42904353979,0.8598471788470685,1720.0997692996018,1923.6607473536876,39028209234.610344,28528169284.992252,0.9622093508004792,17031785.581421394,137757.04520563284,482079.3212902594,21971.70942774849,20
2024-01-22 13:00:00,1972.191529650992,1979.8744480116848,1964.2208281329267,1974.2780498742745,1923.761749927759,19500000,0.0005389520500625,169585521.5223063,1974.2780498742745,1977.378799133335,1.109625361824596,1050.5481829849214,713.4479501165681,38498421972.548355,22079187057.276318,0.986727195792056,34227361.257114455,85262.15131362354,551462.9932518402,22418.559521739928,18
2024-01-22 14:00:00,2012.6875993898575,2024.237312623388,1999.4652861022957,2010.250005789702,2839.7475519985387,19500000,0.0003401255073745,155078140.31228992,2010.250005789702,2012.9312579647315,0.979731919755142,1139.0034295831952,984.5961066649716,39199875112.89919,22925496526.33475,1.003480851918606,29947925.985438175,212904.29556351708,473913.96327028685,11007.172140745532,19
2024-01-22 15:00:00,2071.4678878141317,2080.835171057405,2061.9485161463804,2077.027602235464,6082.453857066925,19500000,0.0001946743762592,174463659.1652616,2077.027602235464,2078.1968628673526,0.9625295109390796,4001.915750356308,2454.5661384123005,40502038243.59155,23766991084.974346,1.0349108306987806,34057801.55247499,144031.9202525671,376180.08462236734,13980.5428796186,14
2024-01-22 16:00:00,2041.5866675981601,2051.1644333006284,2017.719932748888,2037.3192364402883,7007.717409477663,19500000,3.4381869430166397e-06,196859634.55285296,2037.3192364402883,2035.0995715003467,0.7896558932605423,3446.193366180075,2635.948503579835,39727725110.585625,22227995414.5364,1.0088605118986316,22608340.514570646,218032.63576717424,286006.2197816709,19621.99912972188,13
2024-01-22 17:00:00,1996.0727878747766,2014.695297878963,1981.9637634715973,2001.6681957555002,6242.678088993428,19500000,0.0001995089736143,196133491.26038355,2001.6681957555002,2000.816872252905,0.9978418542658584,3005.156996439287,3114.8139080783067,39032529817.232254,25463900238.417076,1.0349962060388316,26071379.885248363,177712.87089258793,379349.24815101473,17104.91895984886,11
2024-01-22 18:00:00,2053.345338552499,2058.705973873609,2032.9007991139822,2056.0704601317125,4414.262934574413,19500000,9.348746203368924e-05,207415366.2684692,2056.0704601317125,2060.2521258383645,1.222297760683032,3086.722579402332,1630.210941639214,40093373972.5684,18209420502.70639,0.955654693841287,11164061.884996884,219710.0925648564,338101.6698795902,20546.867061137666,19
2024-01-22 19:00:00,2056.3000046665793,2075.4358147020475,2042.3779183259035,2048.4219941117403,1591.0825249466586,19500000,-9.930145387189871e-05,188690550.46266058,2048.4219941117403,2045.724776372638,1.0040015682870418,915.3782277405708,790.683610365535,39944228885.17894,28442387990.059322,0.9870109178287376,31017686.337433763,198883.22651266167,382286.48205110687,33564.9791061154,19
2024-01-22 20:00:00,2111.7106150890577,2122.3900572505577,2090.3349950047923,2106.9600322391875,3803.1346323273824,19500000,0.0001387126985761,180444653.97394142,2106.9600322391875,2104.752272651341,0.8470079689538718,1661.6388621327878,1726.4970052458707,41085720628.66415,19751208635.008213,1.0213301475740928,27760216.380919047,87888.67228405607,464378.5772424837,21539.961229578483,22
2024-01-22 21:00:00,2089.0107745201703,2106.1308021530403,2076.999651357594,2088.603062524889,1602.465742407506,19500000,0.0001796272136918,190760828.6333219,2088.603062524889,2090.7805388874926,0.7791842872275903,768.634697365472,554.0285261777404,40727759719.23533,30542321377.96671,1.0102957226737408,17181896.21197529,189799.57084447108,449943.8614215573,14814.31963193981,19
2024-01-22 22:00:00,2146.4461715278762,2164.55355565318,2133.3150648208907,2150.4913757620343,1416.953471611955,19500000,-1.261852007606928e-05,197701075.70096588,2150.4913757620343,2149.779220662076,0.8505101640078493,716.933080797661,534.9266865329394,41934581827.359665,26772076544.578175,0.9741647465602248,25590068.716400374,149354.97417743155,641545.5868340946,17362.5360577482,22
2024-01-22 23:00:00,2154.08701307695,2171.679871174209,2132.850877318218,2156.3696265296117,3359.60720311492,19500000,0.0003711477065828,200844137.49041423,2156.3696265296117,2154.036962640747,1.0816273909759213,2337.675213104995,1533.7212797154032,42049207717.32743,19757826997.847866,1.028022066764977,24069070.330162738,217782.643629388,487290.7811434954,36797.04318508983,11
2024-01-23 00:00:00,2168.069619954663,2183.5958373254243,2153.5751143704883,2167.751934544768,3872.283732118256,19500000,0.0004866497176932,185107025.1900791,2167.751934544768,2171.280972216828,1.0711367336653728,2049.1602882734537,2013.3226423294805,42271162723.62298,26154483763.878746,0.9840618045414256,54043653.72452044,188678.89365655443,648121.499289955,34882.766561619086,15
2024-01-23 01:00:00,2237.054532616726,2256.6309945288644,2216.7811469987287,2236.8866621808415,4682.973494561284,19500000,0.0003909693080966,211914540.87317112,2236.8866621808415,2238.141680815091,0.8520573688240599,2196.502808036384,1964.3926165190223,43619289912.526405,23964103655.587917,0.9766790931581883,17454832.790243324,189234.49882515377,510439.7462858983,26337.873273029352,15
2024-01-23 02:00:00,2220.578723568528,2234.6104375614655,2204.4628682701036,2220.9823690336416,3822.1490432973737,19500000,1.7125484435801582e-05,187608173.90556708,2220.9823690336416,2220.356493615987,0.6426520192284848,2182.138618929085,1413.6210311539708,43309156196.15601,31871769631.88881,1.0146084328149043,30466807.728901327,152046.13919046428,549707.363177611,13783.880087766423,17
2024-01-23 03:00:00,2179.652581315564,2185.8515392414615,2176.8760064251533,2179.786997942194,3888.5553521663583,19500000,0.0003267464512565,183917991.39216685,2179.786997942194,2177.5074315521256,1.0876316702400974,2027.6012412701275,1510.7949904337024,42505846459.87278,28761211267.186134,1.000185080960027,17249100.6729132,129553.40280275993,411769.72232391353,24150.043988070272,14
2024-01-23 04:00:00,2159.608679406062,2162.6849499370305,2144.5038642521176,2160.535009265328,1821.9701735282156,19500000,0.000123388419238,188797691.7107972,2160.535009265328,2165.1745563256736,0.835653287497148,758.8289257872927,598.5812566122547,42130432680.6739,25366918915.985386,0.9843126299491416,21347144.222505383,146060.8011534592,356859.75603228854,24713.603740904484,19
2024-01-23 05:00:00,2174.0992382454697,2193.6059947423755,2163.5697367211546,2180.387382728173,2828.527840707415,19500000,-0.0002707237935697,214874591.4454987,2180.387382728173,2180.552107029366,1.1477603202194138,1861.9516640143956,869.8991714163122,42517553963.19938,24614824416.156487,0.9832939442425868,29808540.003749326,103779.8320524982,404419.515080532,22195.88216333093,16
2024-01-23 06:00:00,2111.194334484822,2114.7797840703524,2091.7967233116183,2113.3774988456116,1403.103162286219,19500000,0.0003018188135493,195086613.55994645,2113.3774988456116,2116.5419182812243,0.8596568951863696,567.8446306563841,830.5511931787253,41210861227.489426,30857071641.019203,0.967906096005799,24520810.17558551,140422.92860086565,441364.3897522377,18564.318987138067,20
2024-01-23 07:00:00,2144.6242735572614,2149.7991114926995,2123.4364141124756,2140.7083867910005,1094.7873640373443,19500000,0.000143839492287,186513993.42535684,2140.7083867910005,2142.8354664533426,0.820714406376228,733.0095049774816,360.1007225846455,41743813542.42451,27142463135.22611,0.988127552618234,26620218.094125748,112866.41442147,390181.8623756239,19755.96375130092,15
2024-01-23 08:00:00,2112.1807607376454,2119.262725958093,2109.9812479007514,2117.9769617740826,4317.023136445274,19500000,0.0008780644006207,212333036.36793956,2117.9769617740826,2117.0855019633054,1.0311084425887254,2752.350957851472,1456.8494084211527,41300550754.59462,24952922262.545135,1.033000283064623,30482604.955286246,113614.31606869047,362134.6978497306,18180.14835144888,8
2024-01-23 09:00:00,2166.5551985382535,2179.273337676621,2163.6538421990213,2167.3768750027325,2045.5823652193171,19500000,0.0005371812589835,234038874.40181926,2167.3768750027325,2166.4818759793657,1.6024598357519553,864.7637325502174,1148.1633415192834,42263849062.553276,24064327112.343678,1.0073365138896448,21902297.05781262,167563.8433251662,480877.355538082,15622.661704476652,16
2024-01-23 10:00:00,2062.8562747176247,2069.556874546221,2061.420299799128,2066.2438978237037,4611.226953770846,19500000,0.0003133450470803,200505556.38996208,2066.2438978237037,2069.438961545674,1.1616088666833633,2845.5112533259567,2301.24005420627,40291756007.562225,22054694192.272743,1.0287578224233205,38005312.865829535,186001.9124954336,361826.67100388167,33183.11199514043,21
2024-01-23 11:00:00,2034.6499257746793,2047.0695778464556,2024.163336383444,2034.196908376223,5188.364436096603,19500000,0.0001747511503864,217625293.1556403,2034.196908376223,2037.3753763035227,1.0276183670627383,3275.3236962134806,2235.260294630544,39666839713.33635,26244605635.38535,1.0154820561302411,23614842.905110475,161466.28366225064,325559.85510477365,28701.197870043743,14
2024-01-23 12:00:00,1965.3968216051846,1982.4813758373496,1963.8093360169685,1966.9256467472192,2187.1209816505825,19500000,0.0001491166765174,214209302.119377,1966.9256467472192,1963.4305851416725,1.0744085318972472,1270.043923967963,1081.984106968772,38355050111.57078,24024286065.43303,0.9816326137908454,25662869.063277762,143674.03627291988,353480.2091147793,20221.89419015144,11
2024-01-23 13:00:00,1940.600729569303,1956.5501528327914,1920.8812269781868,1934.8835601408712,4004.426075665807,19500000,-0.0002011068210899,187844814.68522984,1934.8835601408712,1936.1408092855497,0.704530840406476,2295.742434855096,2324.551105008832,37730229422.74699,26579265768.909817,0.9505257617564729,30833194.653665654,128431.11370267636,422155.455162959,24481.022205383404,28
2024-01-23 14:00:00,1946.6561786102764,1952.6819264369246,1933.9442490010133,1944.6858883877787,2141.8423218001444,19500000,-0.0004216961681599,197590771.78378543,1944.6858883877787,1944.644632256408,0.7989410831655335,888.6634614187495,706.4078559779558,37921374823.56169,23362153773.39952,0.972194369058886,29220409.738260955,150347.07774944362,362875.8988860931,24758.156446925284,18
2024-01-23 15:00:00,1932.8370168954018,1948.5596667884442,1916.680721857452,1937.9213596446202,1184.4816866910082,19500000,-0.0001617677327244,177943089.61561194,1937.9213596446202,1936.1126527517104,0.6052063691937241,494.9343835309968,441.9458805674531,37789466513.07009,23607057700.950222,0.9798629256670744,34527583.21597615,132514.08752406243,422684.7969301128,44483.11986981702,15
2024-01-23 16:00:00,1930.9071895959103,1941.7784048406165,1922.9231528275525,1928.3185068017535,3170.532082709088,19500000,8.568489454887089e-05,193963882.09781525,1928.3185068017535,1929.01606849096,1.4133669687201542,1959.9804323919109,1769.4426338041933,37602210882.63419,22305892772.77189,0.9775425138912502,30291074.824607074,160218.2639777295,498864.03420188255,28617.411471387837,22
2024-01-23 17:00:00,1919.4029624310706,1931.4720097696668,1909.4385588406938,1922.3813149391929,2355.6289954277586,19500000,-0.0005316617834626,187536242.25450614,1922.3813149391929,1919.9791134169927,1.3572725468619056,1016.8533170817744,1258.3577016572367,37486435641.314255,25445278345.14889,1.0294305978057916,32190765.0880657,111259.1069029855,496276.5492857729,28294.73108678081,21
2024-01-23 18:00:00,1928.1823882855806,1943.0564520076252,1925.9171656720403,1930.4100674940098,2392.1683540133786,19500000,-6.329653768182471e-05,190916559.57132694,1930.4100674940098,1929.7026583881138,1.0817322649840773,1130.4268828998097,1431.1793457262745,37642996316.133194,21625813029.09012,1.0291176540054912,23427682.655656066,193944.903387445,387640.9556631145,22278.877336402864,19
2024-01-23 19:00:00,1893.2390984319334,1897.2165500009319,1875.3142974027112,1892.051574889486,8003.798807734661,19500000,2.5716090062672227e-05,185689466.91506678,1892.051574889486,1890.7300265633794,1.0273914536762598,4399.295843563209,3154.8785422640626,36895005710.34497,26032447544.06901,1.0663563892082994,17401543.49772108,141243.72446863557,340854.7398253211,19335.01176410494,15
2024-01-23 20:00:00,1917.2938596675642,1937.9748184042764,1913.9385002714678,1919.1813646356716,1390.0173507956988,19500000,3.537203395436262e-05,192693261.0539223,1919.1813646356716,1918.4140926917594,0.7332137568065722,624.4640467258763,811.0277512047336,37424036610.3956,20512617009.08661,0.9770883648642285,15074608.72699573,178807.34585370222,394303.14932785777,33350.000815564745,13
2024-01-23 21:00:00,1948.4538508846213,1950.3648910525155,1942.9897502571862,1944.9806762657422,3609.900785418694,19500000,-9.85170794564434e-05,205746733.46281785,1944.9806762657422,1945.0361500444276,0.9570879480143962,2299.3330491627657,1455.1750102350486,37927123187.18198,24947988071.21744,1.0479234491819325,13677925.955075584,203171.45326317011,504402.057393189,26787.25879272138,10
2024-01-23 22:00:00,1957.1759249526133,1976.4668283825176,1953.1627240043463,1960.212333302304,1812.742881663629,19500000,-2.4541443144201016e-06,195294367.15430743,1960.212333302304,1958.4176282396766,1.4311500841472589,1164.167782290609,932.706892113378,38224140499.39493,27440776757.444553,1.047738016169924,54009396.21332314,176657.43141471286,528521.7543091789,17173.75136609498,10
2024-01-23 23:00:00,1979.8969732085282,1994.1279789481198,1963.9344203662474,1982.3509117342167,4694.424019827516,19500000,0.0006171681484371,169850305.36663207,1982.3509117342167,1985.6677397075982,1.0266316490208895,3063.7828036543488,2651.5181149426903,38655842778.81722,26313888758.56818,0.993032087258834,11011696.036083547,198745.75969071875,474766.3105690599,25239.360165195336,12
2024-01-24 00:00:00,1991.7192796795878,1999.2205592564133,1989.6117513309898,1994.3373296297586,3460.663518736578,19500000,0.0002986435844471,185745545.674849,1994.3373296297586,1995.5205365291602,0.8932138141359408,1435.7269836718365,1215.5048656351755,38889577927.7803,21497475884.620975,1.014206661908207,43015337.91871869,97084.807952267,562579.2039660488,28316.94949761535,23
2024-01-24 01:00:00,2075.041965351655,2092.882665603344,2062.2923369871046,2077.392072254841,3603.540720593785,19500000,-6.80902330694449e-05,174603100.3431373,2077.392072254841,2081.327822470389,0.7035515476338093,1903.9737961638805,1303.37039632238,40509145408.9694,26813072247.604027,1.0372219974742365,19215548.014815904,143887.32889638326,625208.4692631527,11745.796526152975,21
2024-01-24 02:00:00,2078.543446693454,2080.299418814258,2058.5083541692115,2073.9840352177494,1858.5561302639185,19500000,7.9495663491411e-05,201057747.21319667,2073.9840352177494,2073.8594303210452,1.3179284470183268,1215.6356618411912,881.4901160982822,40442688686.74611,20710516635.082256,0.9982322613201322,42890216.10632113,214436.54942135533,401657.2589945232,16702.003515962177,4
2024-01-24 03:00:00,2064.0840120641265,2080.068646771557,2046.008021391877,2061.49149564059,2032.8744249144345,19500000,9.150599930431992e-05,205271344.86802772,2061.49149564059,2060.566318949986,0.986081017203845,1034.6635927220243,1124.4792657086805,40199084164.99151,18791042751.55019,0.9959082466835608,11056863.176659204,184851.371631698,595592.8951331382,24558.896434724185,19
2024-01-24 04:00:00,2037.8050029172896,2049.82775129263,2026.9998204857538,2030.859690419132,4739.207723004068,19500000,-0.000130386630122,201258712.24788785,2030.859690419132,2034.6338717786512,0.7037396752579166,2884.974282433251,1534.0097910168845,39601763963.17307,27222827640.882088,0.9811798773664764,24289150.946197987,258361.6990433296,419949.6473630428,12365.450451501936,11
2024-01-24 05:00:00,1998.584095890537,2000.797534140156,1988.3348166150934,1989.5608635693811,7225.696146991348,19500000,-0.0001307390653231,185133094.62581068,1989.5608635693811,1988.6097346204795,0.8312263517707825,4167.592016657395,4012.1707006780375,38796436839.602936,26862758959.29395,0.9291988444401093,47735583.70935273,249220.9471611376,542514.3086561743,12966.970210757456,24
2024-01-24 06:00:00,1936.8461325578357,1942.3901421861763,1928.1534434710707,1940.8470608017242,3790.1235959452592,19500000,0.000403157206098,201102687.88797447,1940.8470608017242,1940.695107960962,0.7745232474725959,1910.8385096473207,1527.1778433682086,37846517685.63362,17291289814.100334,1.0021141484946543,35493556.5252563,175412.92301709758,509769.78138438816,20309.854241894114,18
2024-01-24 07:00:00,1907.1107284299505,1921.4300086978674,1902.981096151071,1906.8421721065295,1903.1955857716391,19500000,-2.593531325504479e-05,189892516.18966782,1906.8421721065295,1908.4058730919924,0.9739953931829748,919.0939694919132,802.8972852921192,37183422356.077324,27305218752.548214,0.9787039201763972,23316497.657968193,152818.3660690989,297922.3962036233,25526.266957047847,21
2024-01-24 08:00:00,1899.8592059354032,1909.917466780988,1886.574045095933,1904.3389741441729,3531.4691785517352,19500000,-0.0002284089161092,180009443.30255178,1904.3389741441729,1902.1723585455425,1.0423395916412908,2104.130304799178,1419.5034488883484,37134609995.81137,21678069348.912098,0.9677395412914952,12266554.686837263,128077.43510362731,364672.3554084528,25882.830481001096,12
2024-01-24 09:00:00,1914.3237618152582,1934.3562121726823,1907.4955067947706,1917.3055781810551,10034.014219438372,19500000,8.70578967791672e-05,209227409.01876795,1917.3055781810551,1918.8610780057584,0.9042554212610536,4415.841634999524,5753.944962901273,37387458774.53057,26978103976.130173,1.0126657495043294,15722171.906138744,144501.88892813216,346536.1484625568,35408.949071635216,11
2024-01-24 10:00:00,1917.0407810495603,1934.0873008071774,1908.4264827487016,1919.4596169170834,3137.5935676673485,19500000,0.0001354029259387,210505034.2648496,1919.4596169170834,1920.771274014925,1.168136003870731,2064.6518920556155,1064.391901632314,37429462529.883125,25693542800.837738,0.9564606327753672,46512736.8997926,146963.3144245871,309771.61950276763,22576.82386461583,17
2024-01-24 11:00:00,1886.4871395384507,1903.6833850532123,1884.346260870173,1890.4842087299312,6191.424260101619,19500000,-0.0004918112672581,212720476.45886773,1890.4842087299312,1893.0728966202958,1.0158852989962637,3547.271475745705,2924.1003644442303,36864442070.23366,26549625871.981903,1.0241823967384185,23214355.70708979,140320.96741130902,527478.2950594791,19696.655799826283,16
2024-01-24 12:00:00,1920.970816889757,1930.3838502627343,1910.0683415139922,1925.0206262834663,2058.7109573886414,19500000,8.77760926548421e-05,187804111.64605552,1925.0206262834663,1926.9264823726996,1.2367197073283724,892.3504292923983,709.0868057552277,37537902212.527596,26277007902.312958,1.0145079794578156,25928369.245388705,129367.90010296911,669143.8718181916,14880.279981237196,9
2024-01-24 13:00:00,1953.3314010168383,1967.7472673057716,1949.7074987642761,1953.8952341359402,2918.885003378789,19500000,0.0003603939803044,216678856.4768762,1953.8952341359402,1956.6306451675212,0.93105324177112,1783.6088892567063,1688.8037830142084,38100957065.65084,28278477407.17397,0.9879942036490824,29888727.127715718,179942.7721606914,420191.35727542086,19626.02391047733,10
2024-01-24 14:00:00,1943.1212413105088,1966.329839832805,1929.9277267078182,1947.8612386014436,4063.4295105466585,19500000,0.0002353688156565,189536338.9068307,1947.8612386014436,1947.8409381854108,1.838711617356218,2150.9104414864355,2191.7301472069657,37983294152.72815,24261080883.697872,0.9981006924146664,15846232.629037144,248739.1210359365,524830.8677866268,27235.016411305096,10
2024-01-24 15:00:00,1926.0215151124794,1927.784977221658,1921.414638145227,1922.7830602093284,3636.0898060697,19500000,0.0007689385345584,207752497.22684565,1922.7830602093284,1921.316610639994,0.8932419941789795,1677.0534286309758,1345.883305701906,37494269674.0819,19428692702.499092,0.9642933671753728,31405512.041211497,205523.19797235183,595362.0956457042,27606.779650347315,14
2024-01-24 16:00:00,1940.615152583178,1950.524916519879,1921.6767942521271,1944.1837155478454,2032.0606586373308,19500000,0.0004753328446936,189273741.58196852,1944.1837155478454,1948.4803332015044,0.8347141080302096,1398.7095935680372,791.1492486649283,37911582453.18298,21490898529.38347,1.0225101581009612,22560963.995602097,150150.73754175592,461236.5619997304,23846.332288037986,12
2024-01-24 17:00:00,1962.6686174097047,1967.2744563176839,1938.3418112108611,1951.7017361362414,1988.709612442953,19500000,0.0005346802074252,193668662.79979023,1951.7017361362414,1948.917251826489,0.814435446038339,1224.8349852666213,824.2298437369965,38058183854.65671,25710730338.72936,1.005620927231538,30010534.274706494,209715.5173277273,440179.2842099434,25955.38757144315,11
2024-01-24 18:00:00,1894.4640122254127,1903.6325347527356,1891.0212109636432,1896.1758207890102,4886.063272808261,19500000,0.0009400257807742,162450464.21450442,1896.1758207890102,1893.6605187628895,0.9586893906898308,2823.6466183090297,2060.08790586498,36975428505.3857,18380144731.200935,1.0078554986376864,21175545.041628517,177488.7874683084,421199.7284143812,32302.989778288214,10
2024-01-24 19:00:00,1894.0616640475323,1908.1219022828273,1893.521968796934,1893.788891627005,5408.761438360755,19500000,0.0003274468785323,192464994.63361707,1893.788891627005,1895.0485037216301,0.7089947068220473,3540.900597905464,2948.8721922148084,36928883386.7266,26919409284.265903,1.0150567113901938,14222438.937518848,161106.982724852,492629.0700568231,22529.516049751244,18
2024-01-24 20:00:00,1898.9976591327318,1912.9593848033035,1892.646216639087,1903.930137371298,6349.121774292655,19500000,0.0001489210623798,198612272.67111778,1903.930137371298,1907.214390294968,1.060682499905682,3575.5773673132853,2980.023837840218,37126637678.74031,18993381710.249172,0.9807275375832484,22491069.865526047,158612.4871338271,526991.031844858,33196.36468020418,12
2024-01-24 21:00:00,1876.5457553383214,1887.2557763018876,1867.3065518820288,1870.164411161868,7346.396806719854,19500000,0.0003921220880293,190807178.00864896,1870.164411161868,1870.7059188491182,0.6831363851506488,3911.524211698873,3147.084686123518,36468206017.656425,25994260873.404396,0.954428251752372,34479963.77304739,154819.46351003114,485221.6040865552,17712.146890861717,12
2024-01-24 22:00:00,1881.6700628252136,1887.5814213050853,1873.3658135487638,1877.466412970204,3188.5122834200997,19500000,-6.777093001849811e-05,226912026.46050164,1877.466412970204,1879.5303187440488,1.03286261463488,1456.62100528441,1644.7411227907858,36610595052.918976,21787594212.379356,1.028719551247379,31239751.92243894,191523.6408092205,481900.3433707142,21547.44843940012,6
2024-01-24 23:00:00,1824.8912953230817,1827.46967085938,1807.890968784554,1823.8082600878824,2551.4073245186405,19500000,0.0001323058958484,179660698.09884796,1823.8082600878824,1820.350679414022,0.7631884071020204,1137.971366054721,1115.8821370986152,35564261071.71371,24972727807.917496,1.0206615524083722,27016281.29574909,168538.16818960983,437905.94101599033,19067.6799409129,12
2024-01-25 00:00:00,1868.345440780727,1878.3923305974781,1857.0754940160898,1873.3916179926766,5857.601329811617,19500000,-9.431829292349408e-05,188477917.09161007,1873.3916179926766,1872.6431138095152,0.9265764873818636,3102.131744529913,1982.6340669753088,36531136550.85719,26941300742.083645,0.983939235901872,38218515.20775763,135658.27253089557,321711.0608017974,27939.91357363202,11
2024-01-25 01:00:00,1921.739436235328,1938.2602516098418,1917.5404554075137,1920.9300835492706,4257.913969990449,19500000,0.0002193953672688,183401463.4763685,1920.9300835492706,1917.522453839883,1.1285211737374603,2285.615746996712,1414.6781007943655,37458136629.21078,21600018564.402565,1.0122733059739013,24597129.355624165,134025.71623542372,529423.1400377005,16246.855576068094,18
2024-01-25 02:00:00,1907.1572059880543,1922.9591767338836,1896.5408361150337,1911.4443119764214,1823.9730050579976,19500000,-9.557272640594604e-05,188474965.6727984,1911.4443119764214,1913.1271684947287,1.5853536996308863,1130.8518661668886,725.5527569468173,37273164083.54021,24562320444.08476,1.0377392031615384,27291570.28917728,175689.93639343526,342174.1086344524,19999.656099213214,20
2024-01-25 03:00:00,1931.2137074240554,1938.5134764933507,1920.6566715980994,1925.5819376604811,1777.889325019113,19500000,-0.0001060785499585,214129376.04818523,1925.5819376604811,1922.795175158385,0.8060575765057247,946.949196036304,854.9177654540588,37548847784.37939,19450876937.107838,1.034161024092518,22024612.90491554,181164.87440194676,500757.4486561159,12608.129114846217,16
2024-01-25 04:00:00,1838.1265421387843,1852.646013647008,1817.241730077465,1835.156544123523,3812.212852408629,19500000,0.0002240419879316,221918432.19970095,1835.156544123523,1832.9950621604344,0.9703839220287892,2203.2598793394254,1297.8770084115213,35785552610.4087,24700466492.843018,0.9830632349070402,39123156.86963899,150499.7706005103,514601.1069926599,26326.013233704594,17
2024-01-25 05:00:00,1793.7236215716848,1794.8798097634872,1792.7938423536305,1793.3813043970176,2728.1054400414305,19500000,5.8686567765829855e-05,186420325.63492483,1793.3813043970176,1794.4824857200235,0.8652370745694337,1772.601670356873,1268.6788391621126,34970935435.741844,24338991029.040302,0.9553371686369724,29984445.60509265,122638.78351138944,352185.59674361005,32017.47359893809,15
2024-01-25 06:00:00,1774.364968203583,1787.5803572822317,1761.370966664936,1783.0533437495494,2941.8238426337207,19500000,-0.000478256340715,186089314.67181417,1783.0533437495494,1785.124938545264,0.8403186914510185,2053.3942443439537,1120.4903771808183,34769540203.11621,18725960304.25199,0.9604835458120974,21354961.559396293,222513.10534287416,391773.7727618578,28946.726009302038,14
2024-01-25 07:00:00,1741.968555160422,1749.4176903686478,1728.5031900318425,1745.401466543169,5096.282759929801,19500000,-0.0003366670763936,179737428.6882064,1745.401466543169,1745.2985435205865,0.8667586921793022,2531.617164945842,2592.0918482754705,34035328597.591797,15562389503.90221,0.9906482196113466,14708939.668773435,211007.9632741392,676234.3119495984,28107.40332208762,10
2024-01-25 08:00:00,1773.1313409735806,1790.6031488482324,1769.506461423818,1770.6957096036683,4356.9108844675775,19500000,-0.0002441799474384,218890187.95710182,1770.6957096036683,1771.8823811813877,1.1791729408241838,2921.6849198807045,1344.0146864542085,34528566337.27153,20004524594.09006,1.0438695139986147,41514877.55299146,99027.79772021178,435436.1939740819,28334.06638252251,19
2024-01-25 09:00:00,1847.514618154908,1860.559892683199,1839.876194863525,1843.0438225638704,5796.077207689281,19500000,-0.0001648915718341,215669620.24330908,1843.0438225638704,1844.21929410493,0.9070015020122222,3720.010809052328,2554.3719686298136,35939354539.995476,18005622384.666157,0.9781466376357588,19815041.634723425,227497.77357196165,346610.60912026523,27171.071771962343,9
2024-01-25 10:00:00,1804.3529383383238,1815.4999770341915,1793.4402303181828,1800.3591303438805,1134.8229729859888,19500000,0.0002243269988435,195505557.13941032,1800.3591303438805,1800.1513205435965,1.568096619571006,477.0818555418074,358.2400589852709,35107003041.705666,24419213948.204784,0.9821101644097192,27464467.80176986,154470.13422807018,519268.2292165336,26484.59935842844,22
2024-01-25 11:00:00,1764.9948772556818,1770.7208829758383,1749.6719890407958,1770.6326175543604,3383.611667284469,19500000,0.0001656816541214,176333909.83694485,1770.6326175543604,1768.871359581502,1.0867546298823916,1692.643884063147,1350.576489550283,34527336042.31003,18241799256.388756,0.9814926670564504,68381835.1614376,170671.64246668832,379065.75266013393,27002.211182695468,16
2024-01-25 12:00:00,1780.2410633143288,1783.5222256553284,1769.613907588627,1779.168038861676,4218.9613924209725,19500000,0.0004195838115097,177600091.01851177,1779.168038861676,1780.350992402119,0.8170931857058416,1964.8246942152532,1285.4016974546105,34693776757.80268,25434279662.77819,0.98404807611134,36769590.73990393,216329.0192559425,301310.0847975145,18093.270653558287,17
2024-01-25 13:00:00,1841.346605552876,1853.049123577923,1825.5723421298649,1837.614354874072,1389.5108693695795,19500000,0.0003258405468825,199880103.50605023,1837.614354874072,1838.924749751839,0.9292838563311716,832.7550981388185,612.398608800124,35833479920.0444,26572055031.880356,0.9996631946774012,50832056.23494891,246011.77919072157,490879.4756856184,20742.540497812806,16
2024-01-25 14:00:00,1787.4651776941776,1800.22327700049,1773.4690959235106,1793.4133399450186,2148.55795899698,19500000,0.0004215708868547,206028473.83995482,1793.4133399450186,1795.1960365697512,0.851829066880474,1217.3508972221905,1138.9608023677174,34971560128.92786,25272225107.805496,0.9615984947634472,21516442.779277686,209131.04023880293,368308.59416355286,22495.554214731208,5
2024-01-25 15:00:00,1802.5198654189596,1819.2089628773733,1787.5927876491146,1802.5483619614356,1958.153896516602,19500000,0.0002825188574377,167130636.96431762,1802.5483619614356,1803.2911316191785,1.17352698409829,1073.9599136537138,646.3200461813593,35149693058.24799,22140241329.607716,1.0325307986898085,40954344.89096713,172863.51383543797,471765.6648196341,19916.19419445545,18
2024-01-25 16:00:00,1870.6293633731284,1884.93451916522,1860.7007673356748,1869.6054089149932,3013.474724696769,19500000,0.0001629037927274,192166571.42927963,1869.6054089149932,1867.607735697327,0.7205388592192344,1895.683920757248,1568.7149172132863,36457305473.84237,19330698793.30141,0.9956553676597106,26970264.531557634,115391.94482662778,376044.2089215891,13768.065691389947,18
2024-01-25 17:00:00,1807.944390808064,1817.1259002917259,1798.7456937947927,1809.032576671858,6727.2854079186,19500000,0.0004298055226862,224422630.93909156,1809.032576671858,1810.4623277704268,0.7647622512890968,3363.5929808679407,3197.2001110811843,35276135245.10123,24417347966.114414,1.07437403724176,30891285.34923142,98070.5154197577,509630.2994815442,15206.78979191909,15
2024-01-25 18:00:00,1756.9153485686027,1776.6650346628485,1744.3005934618056,1763.4477298068869,8195.124656359367,19500000,0.000375823837522,193768977.48676828,1763.4477298068869,1763.621639117074,0.8884212891726506,4219.060694913761,3699.1283315895953,34387230731.23429,22712030505.12591,0.9647928700434996,59883681.17330032,202711.63578341733,458951.42929825495,23599.783907432186,11
2024-01-25 19:00:00,1747.606416376512,1765.802882248335,1743.0042284182111,1748.74554261297,1983.972096463409,19500000,0.0002128286102661,222124579.97856936,1748.74554261297,1748.0762322132186,1.1463573101151383,1308.8069182945862,951.9990483372792,34100538080.952915,25341832065.4556,1.0476959851547472,23869679.625584718,227637.0119530176,263592.1449945953,28903.92773399446,12
2024-01-25 20:00:00,1729.6725352782412,1738.784221031172,1714.892660991555,1730.8055393817513,3878.7903759969768,19500000,0.000481321561258,207678464.23010254,1730.8055393817513,1730.4686625965742,1.279682569968873,2682.8140531528147,1554.4994813619508,33750708017.944145,19007575312.508972,1.0417403619395946,26890394.196196344,132765.37940565828,477539.6672086825,22088.28315093329,13
2024-01-25 21:00:00,1758.819362032568,1770.6445989615586,1758.453759338935,1759.340381553997,3941.824341923013,19500000,-0.000603736472751,180787983.03219143,1759.340381553997,1758.3019182645533,1.3179907767661374,2494.809015929983,2022.557425799276,34307137440.302944,16043060395.4979,0.9876494797346306,18592931.61293261,152139.7840015221,417505.8078999618,50485.75814488655,15
2024-01-25 22:00:00,1766.0485117671835,1784.2833599059422,1762.591090299896,1768.0409929241696,3618.4928768131495,19500000,1.2861047757865057e-05,192607346.95454422,1768.0409929241696,1769.7893092607821,1.1117777424896316,1683.038083523544,1931.9124516293973,34476799362.02131,25840909256.4592,0.988148181594644,38071073.598841205,141588.96521091135,587330.8263815342,16715.158326888293,13
2024-01-25 23:00:00,1705.0364550005038,1710.7922521613273,1691.3927542588383,1706.5484984503225,3639.0932314916654,19500000,8.262860304480713e-06,195150647.03570184,1706.5484984503225,1704.2990717309465,0.983558750027042,1578.6222302338504,1941.3367300002456,33277695719.78129,23343607771.762585,0.9723610655161032,21323645.811533798,140649.3203400179,478801.5882479327,25171.876606475904,18
2024-01-26 00:00:00,1724.2664284005407,1739.6912022143597,1718.3994702829993,1724.4033676945362,3469.8659852360715,19500000,0.0004458048632444,182703829.33248898,1724.4033676945362,1722.8626375395681,1.1722502150788696,1605.720541945081,1321.456602852632,33625865670.043457,17365974303.327595,0.9727053572428134,40171247.950342536,212934.5873691615,514644.4581735966,32446.91937771908,11
2024-01-26 01:00:00,1706.2787967356373,1707.943181384643,1702.2159243321132,1704.7702298584056,6931.177979866214,19500000,0.0005714184990852,182450318.11621594,1704.7702298584056,1704.3802246552182,0.7954079721131927,3651.5414711419503,3439.0571538926047,33243019482.238907,22195977151.8948,0.9999818215067544,13792183.954327013,171887.12376569668,383805.7483077891,30324.254091121107,12
2024-01-26 02:00:00,1747.891570135352,1760.2975043876013,1744.627299503445,1748.9564284231164,5173.130294925671,19500000,-0.000335053811063,222429197.0936332,1748.9564284231164,1751.9537039858596,0.6914728131567751,2436.591487458319,1781.774634098269,34104650354.250774,15354154113.193094,1.0006208795273908,33232309.38756335,153691.92982824313,377749.45970509807,26809.72727136402,11
2024-01-26 03:00:00,1725.8986978055123,1740.8359544959922,1716.7383799759782,1727.313882367246,1754.4716758922234,19500000,0.0005233501522447,182340988.75115278,1727.313882367246,1729.3076871838407,1.091254023845155,1176.044022288616,787.1014066885031,33682620706.1613,20793720594.71873,0.951929341991765,20626775.757766508,316278.997059597,440149.6817271369,30365.91958214753,19
2024-01-26 04:00:00,1705.946208973015,1716.431060470464,1691.1984292432637,1705.6311651212718,4437.562598730209,19500000,-0.0002514335558078,214936413.75295472,1705.6311651212718,1703.003059026763,0.8178014619184353,2667.9374983905805,1334.7690314497977,33259807719.864803,18587292512.677597,1.068805159699776,35740139.18208348,113708.65238862787,411628.60377724137,22395.56672733477,9
2024-01-26 05:00:00,1717.738548999771,1732.908082823225,1716.5249544198261,1724.363262706494,4657.279168848185,19500000,-0.0002423645736682,190404087.48626116,1724.363262706494,1726.8659123077748,0.987023582786789,2445.158996772604,1667.6600246827695,33625083622.776634,18977994250.172363,0.992214494285108,26539751.858537767,186647.62695281196,578157.6205788328,36274.29067447697,19
2024-01-26 06:00:00,1752.7219934389066,1763.5423718351612,1750.5176310392085,1751.0513674152364,3489.394985491868,19500000,2.9714289301790606e-05,196766196.0637129,1751.0513674152364,1753.5893766681452,1.0242139119344371,1682.389180481538,1708.1294524326902,34145501664.597115,17870251183.671375,1.0019683683165157,21540433.186906002,125210.97940195436,429053.19515585736,32368.71768739602,23
2024-01-26 07:00:00,1766.9894981581888,1769.6713729585563,1758.7700260491738,1766.9914881338354,5248.576548752494,19500000,4.538058360224642e-06,206234712.60097018,1766.9914881338354,1765.0937245635685,1.050875800096949,2698.809146883223,2951.318952028071,34456334018.609795,18346397874.358208,0.9812128769975969,22861253.749222778,156473.31793542177,346291.3147708071,17057.268891157095,17
2024-01-26 08:00:00,1708.7221556259674,1712.4056601144202,1692.249226736256,1708.5865159773348,3274.8816733751846,19500000,-0.000367525183915,187951256.34535483,1708.5865159773348,1704.4492450271916,1.2063005839890424,1777.6554804598288,1030.6330649673966,33317437061.55803,19537365055.268112,0.991989713827245,18989990.570297737,168916.46742442914,374925.9494284236,24257.239339786815,15
2024-01-26 09:00:00,1730.5629212771275,1735.2336992484063,1722.4248956934193,1727.2440759943336,3295.2386114562546,19500000,0.0002949633920477,206334717.70034888,1727.2440759943336,1727.292056032575,1.1810631857135427,2023.7599375654972,1540.7410016297422,33681259481.889503,17663917965.57117,0.9892636566626738,37307054.98353238,201017.83810787048,536601.0731737816,13846.821783156562,19
2024-01-26 10:00:00,1685.4417231065552,1702.1649739171842,1669.2754626453734,1692.0502471068999,3167.254085300188,19500000,0.0003038207274179,167394444.80044195,1692.0502471068999,1694.118650630725,1.0397704976179545,1351.7918587063257,1555.2247107434866,32994979818.58455,19464793908.42467,0.9999120872252422,17542252.65901228,152467.16284082012,427858.8075117769,34770.9202686837,12
2024-01-26 11:00:00,1693.489172173287,1707.7142072936683,1678.4563875643148,1700.2010008152415,1086.6751116289884,19500000,0.0004162124788491,204229413.78520972,1700.2010008152415,1703.0764861089365,0.9153918480960388,711.3917335314499,629.9643555562834,33153919515.89721,20661665740.297623,0.9995623026871564,23980377.524753597,148488.52708460984,423308.9824794103,23559.147014898044,19
2024-01-26 12:00:00,1653.5413305875652,1657.5838396863708,1647.9571410737983,1652.636334221103,2863.502494719945,19500000,-3.003659893335954e-05,161836236.5291414,1652.636334221103,1651.3624370766117,1.0217863486599874,1254.9815380983252,1421.8525155258208,32226408517.311512,21376853997.04167,1.024145990456232,30635613.747414093,151786.27510782954,546908.8951321422,33012.17966854749,18
2024-01-26 13:00:00,1667.5975540550999,1682.3432068706725,1653.974148117664,1667.6212904933673,2134.2588291593083,19500000,8.81251855082654e-05,193624285.7986884,1667.6212904933673,1670.7096902778524,0.887592903301313,1021.7444530627014,706.2471852298877,32518615164.620663,21239328471.564663,1.006816598112963,50879757.78295813,124245.13998993103,368445.234510215,21315.563136317636,17
2024-01-26 14:00:00,1641.6577459176965,1647.7962627725483,1629.8434286732127,1641.0991914299525,1647.1075208653372,19500000,9.08718505292072e-05,211115797.68058908,1641.0991914299525,1637.60704329576,0.9614758950664758,1149.8078253409838,566.6433199212115,32001434232.884068,16723846547.293182,1.021128490611985,26585020.23047576,190627.6733778883,282932.8135006051,12621.030014184418,17
2024-01-26 15:00:00,1598.2173973060087,1606.831074129411,1590.0373628432253,1599.6959229020404,6105.889904164141,19500000,0.0006063986324405,207234493.8771425,1599.6959229020404,1599.2671234279665,1.6881524139399444,2790.77385515435,2996.338704049491,31194070496.589787,14404076577.42952,0.999705675345837,24217199.737610288,174614.0856038858,373034.6802064354,48591.80927849768,16
2024-01-26 16:00:00,1625.0162100149043,1631.6739189214306,1615.9965676211714,1622.8599041347272,3835.68670083512,19500000,-0.0007502734347899,177717375.43289605,1622.8599041347272,1622.3451156584933,1.037109939160976,1650.6596037096845,1398.8208682302657,31645768130.627182,22145852837.070583,1.0069375766531767,29770598.95772877,181460.29852102455,464361.1261938436,22909.94933937073,15
2024-01-26 17:00:00,1633.9271251258383,1636.899940424361,1617.5851588885728,1630.8850715933936,2936.825336896388,19500000,-0.0001870833046967,179557267.5996814,1630.8850715933936,1632.9274893519464,1.0942279032872817,1737.1955945237896,1698.9289127686925,31802258896.07118,22633472164.33039,0.9927608295195018,11642726.63676287,159949.63275347266,420877.7523080172,16316.585959557047,13
2024-01-26 18:00:00,1612.701650665953,1624.5006116205143,1598.364485343414,1611.1421221456371,2247.5551950142576,19500000,0.0001016622528375,186601174.9580307,1611.1421221456371,1613.394986148013,0.8684058280012585,1164.0958697249416,1295.0551488371132,31417271381.839924,23363983430.117702,1.0300933520301294,16520616.20612001,155093.0456057433,323810.6064879707,31061.633482593017,11
2024-01-26 19:00:00,1657.8889962614548,1666.193117608976,1645.3398320391584,1658.7542969137266,3456.7523230945544,19500000,-0.0002256710704746,200129492.0477252,1658.7542969137266,1660.5029949320851,1.2263161596748815,1477.9366344628413,2020.8062014530797,32345708789.817677,23868334121.193203,1.0096786728854776,22963838.711288605,218359.9407506465,542103.3290581832,40568.90576772708,12
2024-01-26 20:00:00,1637.4326536681315,1644.631598025445,1621.086884755747,1644.3642719187224,4893.769021649974,19500000,2.2503892818664795e-05,167588688.22554386,1644.3642719187224,1642.3079120983184,1.1642236668865382,1963.00198263608,1898.223425571858,32065103302.41509,20526290158.21585,0.995257754364613,20063047.454968385,210122.6354406089,457119.1642721703,20728.57677334991,20
2024-01-26 21:00:00,1648.1167828255789,1664.0048544429087,1637.7107658101852,1645.5850955477758,1971.4351878231528,19500000,6.21773390890272e-05,196961733.21269512,1645.5850955477758,1647.1691670791943,1.165873406093885,835.3926502898598,1015.4566392848074,32088909363.18162,23048870309.58352,0.9943626959634604,14065627.181431398,231816.211884292,478208.8969633196,21380.344054065703,10
2024-01-26 22:00:00,1658.6677967020335,1672.19860502478,1641.2732439822073,1654.6247916225143,2973.770079554956,19500000,-9.730583263774062e-05,202144279.66111627,1654.6247916225143,1655.6325275628876,1.0439151887704998,1655.856658923204,1483.6262994979936,32265183436.639027,18855854695.65655,0.99672281976259,37606571.488427006,178643.69812921557,481144.0824553588,23656.989051568176,13
2024-01-26 23:00:00,1636.5154226123502,1648.356583033817,1620.312059583883,1634.4084791446492,4601.019780984329,19500000,0.0001193406778308,192755852.24347508,1634.4084791446492,1631.8404403426246,1.2297833542975598,2159.11081474489,1429.4500449591778,31870965343.320656,21869878470.665707,1.000913317710311,29605792.65858929,228242.9757615007,341224.24524717627,15783.317559292516,20
2024-01-27 00:00:00,1647.1439423820673,1664.3872677936915,1643.6585432797287,1650.0468448057375,1132.292293748615,19500000,0.0002884447833273,205632999.83393103,1650.0468448057375,1646.8011798438338,1.2896063790953232,717.0418044025864,429.896874955281,32175913473.71188,23700789534.200436,0.9983091669634324,28224021.658391304,146675.70496220232,470041.27232386544,17904.364073912442,17
2024-01-27 01:00:00,1634.899464672994,1649.724851607807,1632.012438973509,1632.6992574605492,2896.374666118611,19500000,2.9120066490699413e-05,200730915.2283776,1632.6992574605492,1634.557251729364,1.058253368892344,1903.6497506895432,1048.5745751275256,31837635520.480705,21932423927.361877,0.9832347503436591,20215929.602722447,154784.18231119702,530455.1850430619,37593.17358518023,17
2024-01-27 02:00:00,1622.2619568122782,1627.7369239271104,1612.9199464018825,1619.4747445543137,2405.1181658110663,19500000,-3.595842019062067e-05,188808827.32808852,1619.4747445543137,1619.3450257593213,0.977338252111562,1066.5494228993136,989.0870009672846,31579757518.80912,18149821715.907143,1.022947016658048,27545096.496552493,219427.06720392333,555743.4501067502,21169.95140434691,15
2024-01-27 03:00:00,1669.5723244138999,1679.7727214223498,1650.1240056157678,1664.383388676229,2788.0147743260336,19500000,5.027052500383836e-05,168877263.4780251,1664.383388676229,1662.4107912889906,1.1959181276258577,1397.0908233851592,1633.5427850341368,32455476079.186466,18283071097.693974,1.0248422797764452,32780936.16908798,200958.83891738285,511065.30783530354,17132.5065640181,12
2024-01-27 04:00:00,1627.4090981635343,1640.1908668329968,1622.7042050622856,1630.265682049878,2319.6827782859614,19500000,9.77690960063232e-05,199285883.60123572,1630.265682049878,1630.0893330667432,0.8345813464917878,1029.8747536916555,1284.3631012404005,31790180799.972622,17086040419.948769,1.0535157051370223,24001322.349471264,151355.61274044073,490228.0312424625,19233.088441916218,17
2024-01-27 05:00:00,1552.9158826517255,1557.7723510441008,1542.0453137890374,1553.6195311826727,3193.3068936226696,19500000,-0.0004220958696003,182695588.8866637,1553.6195311826727,1554.340474469561,0.8662410537236801,1551.9720934589336,1239.0904991992209,30295580858.06212,16969132190.396397,0.9818911086806572,31877366.50389684,125296.15336294334,312548.7534549324,30389.33812176624,14
2024-01-27 06:00:00,1607.048968555974,1610.615849923541,1604.5328352770446,1604.650747245448,7799.489877444484,19500000,0.0002384661753883,188255472.81147644,1604.650747245448,1604.6782651978554,0.989396548594486,3679.497683783315,3580.0396316940164,31290689571.28624,21783733185.153458,1.0199931617545632,19407181.06477892,154663.79077679827,441093.9055184384,12176.10781117746,16
2024-01-27 07:00:00,1688.9507912267557,1690.8746287082859,1682.755646591577,1688.7568879196015,2535.2277724036494,19500000,-3.5300368834038294e-05,204874436.31981143,1688.7568879196015,1686.3048363023456,0.705907257319732,1612.55563395714,906.7998550627474,32930759314.432224,21749123162.608253,0.9427258805115196,27745161.745611157,137143.4708985669,365377.0562263677,23775.120819925178,9
2024-01-27 08:00:00,1671.548007897428,1686.3371432781523,1661.259350847922,1675.291707229378,3449.054810599138,19500000,0.0004784605224433,220843436.63832983,1675.291707229378,1678.6180942441508,1.1800054471700043,1737.0954278652518,1321.7819569053504,32668188290.97287,17149614757.116653,1.0248712919506566,42142918.42586422,250477.8745915061,571736.5437386521,46104.49010639304,15
2024-01-27 09:00:00,1613.1349051459918,1625.7321819712233,1609.7069252103734,1611.7983494582627,8081.826752598439,19500000,0.0002773160426927,196570773.7877284,1611.7983494582627,1613.5781261581196,0.8248260383458734,4434.251355480399,2582.1515248478254,31430067814.43612,20852609719.609062,0.9563025365497844,43679340.361843646,196813.1658250087,554640.7570059331,40510.59355646217,12
2024-01-27 10:00:00,1603.8348093203672,1616.0392380884214,1587.6173290855304,1601.9807996666161,2264.2349508452176,19500000,0.0004510199212658,206106398.94896048,1601.9807996666161,1601.6037295083609,0.9100113524763216,1363.4510356427218,1115.7741149584404,31238625593.499012,17612919391.72287,0.9704700668928314,45381424.54204651,134392.42658282557,365819.1036418795,26159.320598946582,14
2024-01-27 11:00:00,1593.2760649196096,1598.3152048035317,1590.50637795123,1592.9958158679958,7385.971039934669,19500000,-0.0002033011381144,175652744.0752661,1592.9958158679958,1592.6850308974454,0.9582410457566592,4776.337555383399,3671.390656768802,31063418409.42592,19176434513.247795,1.0099667598704745,29913046.243872438,125335.85583365544,438363.76714239497,32693.539972568014,14
2024-01-27 12:00:00,1587.8120525097952,1591.071193154445,1572.675569248563,1587.1150394290764,2988.902383931552,19500000,-1.1415992356227951e-05,201081286.09998742,1587.1150394290764,1587.8442987836538,1.0078883144100466,1465.64632401061,1648.53056318443,30948743268.866985,17365673532.274784,0.9813550289373306,27023664.098191783,133976.7667655381,464957.7818379925,32599.35837585535,14
2024-01-27 13:00:00,1551.5161606299112,1559.3608896455617,1548.1588455358194,1552.3193489836772,7265.904817122904,19500000,-0.0002727375462372,196227533.9206095,1552.3193489836772,1550.7210477689418,0.933578100545082,3362.4151640428527,4079.555201002857,30270227305.181705,18358554011.604534,0.9772493946999128,22299221.818421748,141533.7792772956,529748.8215021172,21210.346815913697,15
2024-01-27 14:00:00,1575.2178582198292,1583.8313614966874,1554.958478259188,1570.574364220623,4337.704466839832,19500000,-0.0001115573626787,217544962.81195396,1570.574364220623,1571.2382089962082,0.9866161613669284,3008.354257716532,1509.598451304643,30626200102.302147,20487126083.999107,0.9854555193250496,12949710.668291641,156111.3637204708,316436.0194918394,29069.306614826204,24
2024-01-27 15:00:00,1584.4360319948937,1601.8839883909711,1574.854175478413,1587.2953610447669,3475.710443553938,19500000,0.0004756316273525,188826890.148512,1587.2953610447669,1585.3418251570504,0.988145300782436,1724.1062267444122,1817.4916860362496,30952259540.37295,20717560489.946056,1.0218887797575558,15581860.819349136,215052.3192210244,284382.5270921343,37668.3276755928,15
2024-01-27 16:00:00,1538.9003342574304,1554.1886051768577,1537.60235039499,1540.7101163388822,2884.7244382913727,19500000,0.0005462471733767,193395311.246713,1540.7101163388822,1540.755514569075,0.9144740465160728,1734.6437389559924,981.995651619828,30043847268.608204,20308281984.243237,0.9720132881074676,24949289.865801763,127819.0380248646,445801.7841996033,15076.180501139906,16
2024-01-27 17:00:00,1562.5972334031617,1576.911535544443,1561.5429044417554,1562.5629022913604,2181.960972371252,19500000,-0.0002444399884413,214599286.55492046,1562.5629022913604,1560.8931921072385,0.8567244921046676,1316.4911978176458,899.2177628369625,30469976594.681526,17285972351.466305,0.998375354073324,25552929.526150893,288480.9441315308,266656.5115381564,26186.394559395743,18
2024-01-27 18:00:00,1631.071928731783,1644.940319816301,1626.9898034939465,1628.2096858092157,3096.091458034684,19500000,-3.748330049518506e-05,195723831.9363579,1628.2096858092157,1626.552031608224,1.2414682911355437,1715.8812359235865,1407.6719500631025,31750088873.27971,20864527496.703957,0.98864031146382,46944054.35405203,128563.07781228004,456669.1659308102,24549.398561922982,16
2024-01-27 19:00:00,1629.0891028501671,1649.7435536092019,1619.4792243855468,1633.9824658597336,4668.909116647491,19500000,7.714129839281526e-05,180433093.83499235,1633.9824658597336,1636.8349460006405,0.6564681242758459,2187.5437549283,1469.9638948585225,31862658084.264805,16619992265.979792,1.0245967231398705,45149851.91606805,114432.23208357596,498042.9288076373,22718.829328932086,14
2024-01-27 20:00:00,1618.904569837484,1630.7140090960784,1605.7982551345522,1623.1582076852544,2961.4795917360457,19500000,0.0002756816925429,241821054.91863552,1623.1582076852544,1623.4166565024384,0.9596918536755,1310.2688162710406,1027.7196372608114,31651585049.862457,18776623148.680367,1.025437652622485,20276709.08604357,248221.35966535044,566490.7220609759,22123.374355070035,17
2024-01-27 21:00:00,1612.1197270977912,1619.4851990308928,1605.6234852448547,1618.7167375820277,2544.497840840464,19500000,-0.0004279430790609,180870250.69498256,1618.7167375820277,1619.2143416051879,0.910483142647017,1389.5625950929502,970.3056515646608,31564976382.849537,19725966189.553783,0.9449415460769166,37017753.96020469,226457.8015576464,390618.37907017337,23611.779356301427,14
2024-01-27 22:00:00,1639.0293743114764,1640.3989805641615,1631.6316924179773,1638.922204450182,2629.657090711212,19500000,-0.0003809000244585,196152288.90860212,1638.922204450182,1635.789601554717,1.087366042785036,1454.9336800045446,889.5149046598754,31958982986.778553,20963324107.17631,1.0313532825629297,22048394.830856707,155501.8333495103,456907.5396778211,24213.646528718484,18
2024-01-27 23:00:00,1579.7810866493255,1589.50169330291,1570.4716309608814,1583.3223638693823,4896.3157169855085,19500000,0.0002468878431617,202715273.47516903,1583.3223638693823,1582.5354498702334,0.747621414633563,3094.5206286513685,2840.983792730085,30874786095.452953,22340958092.55072,0.9816773228062357,35061858.43942063,179034.37021785628,503985.0923432724,30809.691786566116,12
2024-01-28 00:00:00,1587.4735959947689,1592.7893251494581,1579.0117171378545,1588.6954620241816,5500.425476267937,19500000,-0.0004847115706753,201437014.42197365,1588.6954620241816,1589.5870571704004,0.9048762651248196,3371.4859782136705,2125.8911051157597,30979561509.471542,16773282295.814861,1.0070887659579002,36835956.226688795,180167.504872812,349708.7689303432,25411.43119894081,14
2024-01-28 01:00:00,1578.580173474179,1581.2628219560897,1565.6475970267197,1576.4948548472344,2135.433059176843,19500000,-3.403922184166105e-05,194199863.30428421,1576.4948548472344,1576.9585591571245,0.9797361808260392,1438.4541531187474,961.6954799675588,30741649669.52107,21629387388.863293,0.9718327377885012,43855690.096386634,168413.59487373175,531293.3306920858,20881.878858586908,12
2024-01-28 02:00:00,1633.910999854139,1651.6046510598578,1626.202441076654,1636.0101406478582,2133.898934903934,19500000,0.0001486275425676,194277299.75337523,1636.0101406478582,1632.6497270309303,1.238640890022178,1475.075069647249,1278.1206851426575,31902197742.633236,17333653207.224113,1.0111340380812934,21911464.79305658,117698.33127700294,467366.2380936941,17120.358035278903,20
2024-01-28 03:00:00,1631.2383315997345,1634.4260908333429,1618.844743097367,1630.4841282652626,3603.5669733601226,19500000,0.0002246997909799,193499087.94245148,1630.4841282652626,1630.9849117635601,1.0686936271582446,2228.285089526758,1693.650542893777,31794440501.172615,19571793581.194313,1.076540468608633,40036391.30583537,87509.98711884048,391958.2993320058,19115.73782497549,5
2024-01-28 04:00:00,1684.949981938466,1702.1340693161067,1668.1457947620559,1685.9593250122732,6398.161947388504,19500000,5.74845713368504e-05,180330745.46404368,1685.9593250122732,1686.7459241777844,0.7892298817768948,2706.1241871992715,2709.2935669362005,32876206837.739326,22961727636.854122,1.003814966838551,12615695.758443208,131770.68479463685,455101.6658694689,23821.643349759262,16
2024-01-28 05:00:00,1651.5318417340077,1664.0973374461926,1643.537271473259,1649.314785579032,5286.941303633251,19500000,-9.727015714259169e-06,234178790.4679428,1649.314785579032,1651.5970447023835,0.907106565266236,2757.32753801069,3060.809753495666,32161638318.791126,21450040059.974113,0.9862045684706092,44815480.24424863,256283.26171932448,430254.90009794064,17821.819115863065,11
2024-01-28 06:00:00,1670.5533326338623,1681.260671919923,1668.7635140444554,1668.9673861365784,1594.114827224169,19500000,0.0003533712579149,193730511.0158824,1668.9673861365784,1668.0407235073021,1.1938821049615385,928.7961962733408,584.6405394234527,32544864029.663277,23069781628.028454,0.9930351629597338,26418397.94147821,258811.0080521428,517112.0132336493,29253.752253818817,16
2024-01-28 07:00:00,1677.5061952186145,1691.186833468173,1675.398827296739,1679.8308583681724,2612.236460978042,19500000,0.0001855617779097,206814411.3761777,1679.8308583681724,1676.232545231343,0.7865059642874282,1507.4133098105526,924.3404522908456,32756701738.179356,22748361834.773937,0.9559291012828596,26644324.113997657,152442.19574467195,411641.4498071066,25059.70714433124,14
2024-01-28 08:00:00,1650.4942746384393,1656.5239907235004,1641.3585547059179,1651.0511799913581,1871.8793827223387,19500000,-9.410498658543794e-05,191961555.3970394,1651.0511799913581,1649.5705655834086,0.9843941987419202,850.6440176347509,862.2050722121804,32195498009.831482,17157115420.914896,1.0434688985849336,11811725.753682056,128092.62888771515,462970.260431388,31040.814864082928,21
2024-01-28 09:00:00,1660.5442285494232,1671.278435421683,1651.380440869097,1657.0850853149059,2607.7517719309767,19500000,0.0001113168690046,191652963.4438192,1657.0850853149059,1655.432863709908,0.9981775721367404,1499.1532541213908,1116.614590772991,32313159163.640667,24166397837.370113,1.0093864932278984,22842001.06806209,174473.87656729083,390746.25979235466,18185.034120343884,14
2024-01-28 10:00:00,1699.2668737099732,1702.4392710317543,1681.9707640864342,1697.9310201287622,6648.888640922157,19500000,0.0002149507067968,190115513.89142093,1697.9310201287622,1699.3516940871618,0.9257448595136176,3357.0514834103096,3584.388095207418,33109654892.51086,24206453119.18986,0.9685330628110644,45890545.16380637,181633.3364145023,366748.4362753779,17165.89251246399,13
2024-01-28 11:00:00,1682.4259915602217,1702.9601328644278,1671.8696754572268,1687.1397319435207,1463.6662183674198,19500000,0.0006154711724354,174178334.49572414,1687.1397319435207,1682.7249316772086,1.7145494874231615,734.2892193356488,457.5464689970526,32899224772.898655,19050374614.518906,0.9695104512961374,22497104.040262092,189128.10710962463,457854.42278189433,30971.328483949583,14
2024-01-28 12:00:00,1633.305299957482,1638.2345065739773,1622.678596336036,1631.1664555793723,1326.855788186436,19500000,0.0003358971004874,194652838.60552746,1631.1664555793723,1630.5982282071172,0.92076881274207,862.7244219861686,643.9466621456104,31807745883.79776,14763973749.514725,1.0004584713744649,35497151.45920487,86529.68638900813,369773.6965663945,22902.1526429566,12
2024-01-28 13:00:00,1627.219193835199,1634.918136899508,1614.2333418961139,1630.7566658399567,1969.870184333167,19500000,0.0004643670567861,190853617.92988926,1630.7566658399567,1633.2448669792009,1.0941228935959637,1037.2941384458793,1010.9447515665432,31799754983.879154,17205225696.49665,1.0279598618001546,27055475.313909575,358412.21658522415,519237.1832774985,20728.08579518299,10
2024-01-28 14:00:00,1606.2731799176831,1617.696397210628,1597.6062407815273,1601.7481993848478,3441.4745310999624,19500000,-8.318221888988898e-05,216543036.15852723,1601.7481993848478,1601.919926754143,0.8579064448773036,1921.0957355553787,2035.8903929474457,31234089888.004528,21890279439.821415,0.9654703027378908,40818483.432272755,216018.3565343963,498045.3949823143,27162.650049623644,11
2024-01-28 15:00:00,1594.2365053326569,1604.7018504348562,1577.9360094020503,1590.9778681546773,4065.847186864733,19500000,-5.725487187650077e-05,179169330.45505375,1590.9778681546773,1592.5629861588839,1.1113212229103588,2312.9053863257545,1397.5494253524805,31024068429.0162,22810791481.55504,1.0334022802560152,28808420.830946654,154899.85248262345,379639.3904834556,26861.10938164231,10
2024-01-28 16:00:00,1589.463735645862,1596.6369682922912,1588.4941177475037,1588.5427447067302,3709.766506734547,19500000,2.938600215610298e-05,188273477.63225085,1588.5427447067302,1586.0935321501668,1.1902430373886304,2110.4825818816976,1386.9814056040318,30976583521.78124,21668169310.957848,0.9972509934412928,18381463.453994844,135995.9782323239,461739.4668237371,15112.40001689161,9
2024-01-28 17:00:00,1535.9029592330564,1545.6167196672304,1525.9054713781575,1535.420122289663,5366.025062658785,19500000,5.692820600855081e-05,183495860.9199604,1535.420122289663,1533.113937367618,0.889057996801525,2489.4946403695203,3110.8616438297663,29940692384.64843,17036941733.952194,0.9720926984497872,27293473.84252232,208319.12204086795,379291.3870505695,33369.36481411551,17
2024-01-28 18:00:00,1486.1259793355557,1489.1187950326712,1472.2343104701672,1486.7475357186247,1234.5443120590012,19500000,-0.0002024074873408,221289053.16833222,1486.7475357186247,1489.0330271546281,0.98911926507885,715.8332467696741,603.9250698812234,28991576946.51318,13537934310.21377,0.9859692872028106,50630497.380663805,184213.12489353985,320981.07334752526,19474.82562623531,15
2024-01-28 19:00:00,1503.3385527913272,1513.4609568233582,1489.4730640924947,1501.3012151258695,5400.075798318327,19500000,0.000479780087967,183922536.68678185,1501.3012151258695,1501.603299998983,0.8360591172546247,2702.128174988853,1681.6630377428355,29275373694.954453,17719647515.67249,1.052456616313891,32561329.724355202,166547.67304407767,392603.3000862305,36680.6781443543,19
2024-01-28 20:00:00,1484.7345520779572,1489.8572156334833,1472.0603502787937,1485.836383466721,2550.264453364087,19500000,0.0003650054913276,206242226.7179168,1485.836383466721,1486.1384159099173,0.795423372216762,1521.24827340784,824.2536338993735,28973809477.60106,16309784795.671259,0.95835359990364,25469682.553506315,182514.27322712887,437983.5511255236,14763.828026696448,10
2024-01-28 21:00:00,1412.3485779607227,1416.201972997478,1406.0797339262592,1411.6834777722363,4297.321303546565,19500000,8.296641609547857e-06,213082681.43897513,1411.6834777722363,1410.2461682469502,1.2304243212259496,1906.761340191927,2301.7835272204206,27527827816.55861,13403071327.580225,0.9780432113216156,65783225.61312359,158232.39708094913,491040.4297236029,24226.91937397273,9
2024-01-28 22:00:00,1436.66172928634,1438.991706344259,1422.339829832845,1434.1607412115895,1538.075573874924,19500000,0.0002925131947041,194878739.2963779,1434.1607412115895,1434.448694484802,0.8951175852433517,1073.9377036642272,723.268271624298,27966134453.625988,13472853179.376888,1.0285775075390475,42425671.09202948,179955.62405122438,455839.46956771455,20833.418597301017,14
2024-01-28 23:00:00,1440.518299565818,1446.9320448011988,1432.5834686312537,1442.1387054886482,2988.355002215574,19500000,0.0001668697489011,176606212.90451875,1442.1387054886482,1440.6303184378203,0.6171010663210272,1887.483830468749,1403.4051555124393,28121704757.028637,13945864558.396627,1.006493711303609,36994191.52261732,195163.063803536,530478.6138378887,12178.526988793214,17
2024-01-29 00:00:00,1420.0847911726748,1426.5468927779266,1411.3009953468097,1421.8370424987502,3354.7595755216757,19500000,0.0003159483942794,176785129.868012,1421.8370424987502,1423.6667625719012,1.423432532770468,1761.8373027731575,1891.9491802778248,27725822328.725628,14188609227.718983,0.9762627754522584,30295655.95404317,177340.9125206592,363584.4107773936,26835.00291977079,17
2024-01-29 01:00:00,1381.7095470036786,1391.3084433243496,1380.895508135426,1385.0179823402582,5312.806569401892,19500000,-0.0003032921370576,211209065.24441582,1385.0179823402582,1388.93457872444,0.8517867604737043,2605.429855652711,1978.113953791944,27007850655.635036,18260978026.152775,1.0289437970909447,35736653.90819524,175033.11692621632,410306.7470234589,12367.395481148686,14
2024-01-29 02:00:00,1405.5069640417237,1411.1876650589525,1402.6741409017934,1408.5055956804601,1349.3424634891408,19500000,5.630167804076956e-05,178255840.90037146,1408.5055956804601,1409.3280799220954,0.9519196883277666,696.7203112978203,469.745639916254,27465859115.76897,15504780725.527792,1.0303688719950754,36203658.51079353,230548.1546086299,614689.9912030182,20181.06246061813,21
2024-01-29 03:00:00,1413.3359055595222,1421.261004281616,1405.548927648213,1418.52314770439,3027.1482214276525,19500000,8.25884416282614e-05,203451872.302641,1418.52314770439,1417.764313873832,1.388440675291844,1865.8205906329645,1465.5689412220645,27661201380.235607,16073410704.115753,1.0099417200555425,11144445.474564886,109176.72954130014,300674.6281347164,30677.434885975643,16
2024-01-29 04:00:00,1490.0757126698832,1498.1480275524013,1487.0289792701187,1487.9038824924212,1732.6067657692374,19500000,0.0002870926298834,198982180.81494087,1487.9038824924212,1484.2828328138182,0.9720496273918828,1033.7119026771386,978.4496985106211,29014125708.602215,18264809951.33541,0.9816281023724944,31250701.796487268,133322.9194651546,404177.3876082152,18788.2923372529,10
2024-01-29 05:00:00,1506.0395816702644,1507.980526396431,1489.4843993058041,1500.6106288930473,3838.158687449544,19500000,-8.853128035463997e-05,203209597.63222066,1500.6106288930473,1498.2329652016656,0.967860493438395,2343.686217278316,1456.8698260896465,29261907263.41442,21596459301.671066,0.9862508614049692,25021738.938242987,163839.10718289082,357075.0313214211,16795.72644142998,17
2024-01-29 06:00:00,1516.7543813689938,1527.2032569207843,1499.737541235975,1512.442924019091,4396.694414930123,19500000,-0.0006499792172247,204750902.98645943,1512.442924019091,1514.945808085657,0.7822079845432843,2931.2751052277954,2217.6412630594878,29492637018.372272,19964766780.72282,1.008540281958952,21849036.818382714,135609.2821077429,425457.4913348749,28004.12055948222,18
2024-01-29 07:00:00,1502.6498957095575,1521.7832123652436,1488.8200716474112,1507.5527118706768,5673.63407219311,19500000,-0.0002245099153048,182979419.63982132,1507.5527118706768,1506.1519061875051,0.7211077267244588,3046.109271769385,1961.4530817696043,29397277881.4782,18923432989.217583,0.9606421281635986,24677513.30015097,147412.76638064094,405595.04005081375,20437.864959815663,14
2024-01-29 08:00:00,1534.7565855811035,1541.3068594915696,1530.9752183736473,1532.5348554824652,2281.264726691154,19500000,8.16856042867278e-05,182367721.03412536,1532.5348554824652,1532.1197915861999,0.9672703438824344,1370.7123845946844,802.030191209301,29884429681.90807,20116693084.442577,1.0398335464339934,14321012.631995596,224568.3615769253,499034.7879418655,19506.091718619307,16
2024-01-29 09:00:00,1556.3837360842701,1570.408392623139,1537.3854318096396,1551.9696044255863,4739.150801534496,19500000,0.0001191652676509,208775919.02431127,1551.9696044255863,1553.1418473795663,1.0752594215250753,2523.372154203373,2703.462874453829,30263407286.298935,20149006036.214703,1.0510062726602751,12964609.620399794,156804.84042989183,465610.2230504996,32289.51175946804,15
2024-01-29 10:00:00,1590.0179403327818,1593.0366218270724,1588.9427700802216,1591.471940866088,5886.699680649833,19500000,0.0006051244367874,187488925.45777565,1591.471940866088,1593.990110684091,1.0630106112190931,3481.567398067398,1974.3372535479152,31033702846.888718,20391463417.894203,0.992921354504792,43933112.870495945,103021.93884969232,340740.50549443805,15518.93824663876,9
2024-01-29 11:00:00,1575.4418188931477,1576.118591319228,1567.655269823821,1575.12223468581,1310.7785007592763,19500000,0.0002748239321974,158230917.4510158,1575.12223468581,1574.9653731120013,0.9082349157157888,711.0279847987182,402.8070320389057,30714883576.373295,18395823673.94426,1.0106831347729242,32102389.806635194,146409.76332533726,393315.5855859884,19189.486374187087,14
2024-01-29 12:00:00,1555.3504003760431,1572.8865902090124,1542.2815527625448,1561.621538446109,4048.78639665957,19500000,0.0001244590837694,207673632.33828595,1561.621538446109,1561.1457641003879,1.004059778533798,2562.8780974076094,2155.906422357535,30451619999.699127,18881652564.573093,1.0355740612854798,10164106.030824037,165136.60072090293,442403.0353099996,28564.903797880062,15
2024-01-29 13:00:00,1547.7093448348912,1559.487746836135,1545.796493106783,1546.8841249473062,4813.865251031349,19500000,9.028261696556872e-05,181483809.38590157,1546.8841249473062,1547.1496027918165,0.6925034914934239,1933.1425578200508,1967.681210953133,30164240436.472473,17750070062.416504,1.0586668251570306,21189664.341301356,164377.7452826609,512920.5181698698,15220.763483745704,14
2024-01-29 14:00:00,1568.358161465056,1584.951715829255,1568.0722329439102,1571.7013580072046,2619.2330026240247,19500000,0.0004312550146509,204678042.1595231,1571.7013580072046,1570.8720689342565,1.0964014458155222,1217.1923773792605,1097.452251997473,30648176481.14049,17423106732.57994,1.046709440064721,37950703.51614584,187027.20384002596,719701.0935418638,37519.05243688768,15
2024-01-29 15:00:00,1620.3227848298222,1621.2434146187486,1619.2720244601098,1619.6760966966724,1627.195420973137,19500000,-7.703313564723142e-05,220410804.04196507,1619.6760966966724,1618.9086630589431,1.0328078579892486,795.5867522701897,878.6159866435704,31583683885.585117,16778213703.91098,0.9479338745992362,23856616.465503506,183248.26352022705,509181.1661227183,20639.164816913464,16
2024-01-29 16:00:00,1600.0295348479597,1617.5108023682455,1591.8490600140954,1605.04112463599,4776.569442908574,19500000,5.791486367782036e-05,197434788.47215647,1605.04112463599,1605.8627132755153,1.4839866946512594,3265.3505301792457,1690.8135739927504,31298301930.401802,17419506875.51327,0.9905333893501744,43906805.454338,157203.03656603364,361313.0427153658,28634.23229436565,12
2024-01-29 17:00:00,1593.35050027619,1599.350082058938,1578.70489361489,1591.6224496021305,1636.3862545691725,19500000,-0.0002267774360414,213519596.3884096,1591.6224496021305,1592.0765259865966,1.0014970487461652,903.471537826794,810.1716967950615,31036637767.241543,17956522546.751007,1.0150206475444965,40608120.8684599,120781.69969777936,434187.15329487366,28616.265342171857,17
2024-01-29 18:00:00,1605.0940900744208,1609.9629444895747,1599.7708011806817,1601.8119368086004,2726.637060178663,19500000,0.0005256718146085,199611137.76151177,1601.8119368086004,1605.3865488268914,0.8281724524071667,1388.6914257560754,1074.4545063009718,31235332767.767708,19485032299.53997,0.985173481092942,15508416.314018823,145759.77765740256,458719.98068310186,21042.79757936383,18
2024-01-29 19:00:00,1591.620423037981,1596.8755887123104,1589.6371007848518,1594.1173843031736,2921.749825527906,19500000,0.0002177496811004,223869142.19841826,1594.1173843031736,1594.9763725692833,0.989906656346181,1523.0895861870815,967.918854669266,31085288993.911884,18650008604.484997,1.053483002351211,25197321.740907528,139288.95409794757,398762.71747677634,19078.100135741293,18
2024-01-29 20:00:00,1621.2295742287376,1641.1089037569072,1612.012124471323,1624.924400717258,4263.17312005208,19500000,-0.0001122569888011,181108949.2225779,1624.924400717258,1626.9574176472047,0.9365428899614152,2283.1282321518743,2158.22633884901,31686025813.986538,15284853621.840567,1.048881255184079,22305461.936478645,151558.05764917677,486042.6038031404,21744.380415103773,7
2024-01-29 21:00:00,1546.8248970791344,1554.512792128629,1543.2007543930144,1553.5237631400926,2179.137031375354,19500000,6.566349690450762e-05,197040669.15694797,1553.5237631400926,1552.0148485372674,1.0908329445825151,1438.991214565224,862.0649542639433,30293713381.231804,16721890364.231884,0.975522095762238,15307945.855420573,193453.43835007647,280891.7330176761,27277.167454328483,18
2024-01-29 22:00:00,1527.3873726853292,1540.8399899258684,1516.234180301113,1528.2016398846515,2116.9002587329064,19500000,0.0002528952289618,208079512.16720355,1528.2016398846515,1529.1570062804617,1.0053929019701262,1457.9108164070342,1185.424413390716,29799931977.750706,16773131322.428621,0.9951279994028284,14914853.839342685,180056.44920291993,494167.5576893513,16384.19692002896,18
2024-01-29 23:00:00,1502.874268737936,1514.2464191236738,1488.6024428421981,1504.6244296212153,3132.096098346589,19500000,2.4784326183317388e-05,194189484.7174658,1504.6244296212153,1503.6870766679212,0.7772530233783813,2046.0398716863947,1803.181221803804,29340176377.6137,19425479120.626038,0.9775133759143108,19330008.438883103,199985.75708822487,402207.1428109367,15352.32831667162,19
2024-01-30 00:00:00,1432.0820125982555,1447.097921353834,1421.1117859718374,1436.53820989852,4930.497815973833,19500000,-6.034118651378024e-05,216208856.3415956,1436.53820989852,1437.2499474424646,0.7209765563872426,3217.135176540552,2735.023702132148,28012495093.021145,15403164155.71334,0.9941461466768148,20649625.517172948,147853.79592281935,432812.0956940185,34381.0498983489,17
2024-01-30 01:00:00,1410.5349883764377,1420.5740073711997,1396.896482310018,1409.2581476297137,9355.54973109137,19500000,-9.62821057952994e-05,190471806.28790265,1409.2581476297137,1410.3693682516318,1.0539886067510122,4300.788622771293,3711.398260538412,27480533878.779415,12431829263.362825,0.9932370295199984,29885077.010970525,237302.3136025893,593115.5927912035,17668.58492920615,12
2024-01-30 02:00:00,1382.5919487280726,1395.7166571181565,1375.4081937293727,1383.8373203430192,1402.8475302567915,19500000,0.0002016885697723,232669046.00311008,1383.8373203430192,1384.0447144425048,1.318669018011637,674.2133229244678,520.4210641624217,26984827746.688873,12825915261.99956,1.0286277374424058,40518260.03527221,192568.96497277872,343759.156561584,24495.021323784826,16
2024-01-30 03:00:00,1375.4547785002471,1380.953838710648,1364.006602858007,1378.4204113053906,3490.0488383436,19500000,-7.416283763205517e-06,233654411.23247054,1378.4204113053906,1381.8765602576623,1.0159961673037476,2020.0917603981743,1981.7900049754087,26879198020.455112,16103314776.94722,0.973346060087985,32770388.9134001,167386.1454483611,467214.5512755388,20730.031756320524,12
2024-01-30 04:00:00,1408.0246596764437,1409.5997207010225,1405.4493377425777,1409.5880970002747,1731.481166646838,19500000,-3.612732042882384e-05,201670082.6509362,1409.5880970002747,1411.7419190952671,1.176635942544301,1033.419338890535,754.7251016155258,27486967891.50536,13923486513.26574,0.9214975118513272,36025111.76819712,189252.3608696409,518546.1532980549,21007.615979169044,12
2024-01-30 05:00:00,1405.8423153656508,1414.25668213414,1401.8777757524333,1402.8365849639542,4961.213373737313,19500000,-0.0003008185265166,206082266.85093018,1402.8365849639542,1404.6283514448212,1.224535796859042,2286.18473239566,2541.738346613547,27355313406.797108,16369056356.629429,0.9518637075329556,23984798.16093136,137456.1032933301,457744.8865584713,33830.46193967705,20
2024-01-30 06:00:00,1376.006126502274,1380.8752430585205,1365.333751201665,1374.3488351296605,1864.4618279723288,19500000,0.0001232921729581,216892331.70182058,1374.3488351296605,1375.5366658513628,1.0548075879019057,1163.208950582007,1022.0033720903014,26799802285.028385,16676488161.13554,0.969150951618798,33962854.983976,96067.989718442,320347.4730343216,21470.801979592183,18
2024-01-30 07:00:00,1372.5644724060169,1374.6210064453128,1371.8513907969084,1372.9215035577254,2127.442623080153,19500000,4.563296836242755e-05,179305589.90046906,1372.9215035577254,1375.4797516932738,0.849677598294993,978.6003448951632,815.461514551952,26771969319.375645,19544377460.45777,0.9803292523300878,25146465.644837353,139850.02924298056,579591.7906220551,19790.39823695037,15
2024-01-30 08:00:00,1403.9109395002097,1406.5241618317284,1389.6606035167003,1402.174752647951,2220.2266638062147,19500000,3.505495407410612e-06,177524272.6907393,1402.174752647951,1400.3000880539746,1.03983455317139,1063.273640649305,745.3949846693325,27342407676.63505,17681623521.334675,1.0056152320184564,22364578.604879472,196194.97993350343,424101.9654773637,20314.400730472316,18
2024-01-30 09:00:00,1372.0153622996766,1379.7705981999832,1362.5271331627418,1375.2083539409018,2869.5213867262764,19500000,0.0001596312032466,218018704.89843208,1375.2083539409018,1377.230299567421,1.2730487032954023,1411.9154619676383,1398.7432328267707,26816562901.84759,12317174953.13689,0.9676061828341342,56991818.80773451,166051.62449458198,398113.2653095074,18938.695221689904,14
2024-01-30 10:00:00,1350.6129010558952,1351.561482023937,1337.6657544641523,1350.5254677650432,3503.7839723507577,19500000,0.0003244006788207,201539708.4249654,1350.5254677650432,1349.3218196236874,1.1117975389030663,2290.764938693829,1671.5070416098454,26335246621.418346,14858850608.237797,0.963666982292202,10505269.26099363,157281.32846319367,415776.6198721496,18015.230035549397,16
2024-01-30 11:00:00,1366.2357528712623,1367.0133213868453,1361.5461488457934,1365.8333173765182,3796.560092050722,19500000,0.0003104696415821,193629575.38776124,1365.8333173765182,1365.1991075371357,1.1614265901043437,2352.44418888818,1446.7172714326427,26633749688.84211,18325007664.57767,0.9721165774704368,12613222.006621717,131668.14490853663,409859.9200137523,18961.501033809694,14
2024-01-30 12:00:00,1358.653171765412,1372.388387867817,1352.0479664776433,1359.9310622896223,2972.373963748656,19500000,0.0002658185502699,197345739.3399523,1359.9310622896223,1360.8305104186657,0.9116407797630758,1662.1682571256124,1413.1022996469856,26518655714.647633,14006324890.359413,0.9665303799652064,31098116.353505235,99811.98482544869,348698.8955943324,36277.86424611582,24
2024-01-30 13:00:00,1378.9939898034183,1383.2978679590171,1367.575080308959,1377.7940459982935,1533.111315030042,19500000,2.779891640928363e-05,162907740.3592971,1377.7940459982935,1379.6309488043394,0.9603372520934912,990.2746033495796,823.4450894360604,26866983896.966724,19545513738.772476,0.9833651876711308,24000493.889684923,232399.09393082652,457252.0809322704,27267.386903240065,15
2024-01-30 14:00:00,1375.4056153760962,1391.0865725441365,1372.0664195771153,1377.5557966347628,4289.361108848076,19500000,-7.009950078237257e-05,194187145.79770792,1377.5557966347628,1376.1044360385906,0.9765342430233124,2761.827286061252,1737.205381255406,26862338034.377876,16351191458.6427,0.982081378123148,15018362.336772658,154511.88756790065,392602.6844480727,19859.56502593816,10
2024-01-30 15:00:00,1398.5880078355212,1412.0755291655526,1389.592888756708,1397.1634021663783,2903.060104751822,19500000,-0.0002131746923967,185642653.70148554,1397.1634021663783,1396.587009561536,0.989784931356934,1500.7367144089171,1081.956902171735,27244686342.244385,13015721364.038109,1.0206717045092144,17500386.52486251,146183.14092904475,505942.1706219774,29569.440468125747,18
2024-01-30 16:00:00,1370.1847524136624,1372.138242385429,1359.6481648324611,1368.6741227736215,5328.725631297922,19500000,-7.794695220142459e-05,212196573.59084424,1368.6741227736215,1368.944479809672,1.2631286049976491,3380.70972344501,2757.6174542943786,26689145394.085617,13945109482.640142,0.9703141184479114,18435995.477337927,137597.55469712976,490666.0823419861,13682.0749811617,14
2024-01-30 17:00:00,1360.4960538454845,1378.2638025137896,1347.1794007270344,1368.4802049482907,2092.533078284667,19500000,0.0001058950285409,213507040.89520591,1368.4802049482907,1368.3620147804843,0.6253556533894086,966.4841780850444,1121.0988805468808,26685363996.491673,19263891003.6442,0.9892721011501068,38130022.46883186,222711.0831998808,612395.6762184019,33279.72080125878,23
2024-01-30 18:00:00,1366.1065595581479,1374.3141945586588,1352.7128353998812,1362.8621144622632,1337.9082105100238,19500000,-0.0001358858364957,206479630.73275653,1362.8621144622632,1364.1623286145032,1.0061263507082316,737.1454872403074,784.3979653913542,26575811232.014133,19863769211.814796,0.9836493196024968,43338072.47918498,202873.45780650136,424078.2933629285,32485.422555720703,19
2024-01-30 19:00:00,1322.144776610125,1339.4403750245417,1320.5829157435953,1330.2530214668877,2930.671916207856,19500000,0.0001288171417352,203507740.3322458,1330.2530214668877,1334.9566998617393,0.984226451135231,1276.2270820553117,1008.959262798754,25939933918.604313,18388942830.54268,1.024266549281127,51413067.63938262,127795.950468331,376754.8726531493,43083.70818170067,13
2024-01-30 20:00:00,1287.8404543703923,1290.6694723235219,1281.718917890323,1289.4291575224229,5698.603046031568,19500000,-0.0001896370033735,174911408.46310526,1289.4291575224229,1290.0987847861015,0.7601038363265908,3009.0809250985726,3229.849849733448,25143868571.687244,13733656581.126953,0.9953716217194688,14132298.610978268,217757.15245288695,329737.2924679289,29835.83395263597,8
2024-01-30 21:00:00,1310.0472219508588,1312.517448022719,1299.6688209232059,1307.3662112014376,3230.75478443002,19500000,-0.0003982975667021,206710403.05898467,1307.3662112014376,1306.5357768407086,1.1437970156219956,1796.6541738706962,1710.7804287730553,25493641118.428036,17352137300.279625,1.0315209017019755,15443959.179700298,156957.82148416716,686024.5390066451,25113.739433823408,14
2024-01-30 22:00:00,1297.527804442056,1299.3467433296505,1295.6253283956446,1298.3517039628086,2697.7276874599083,19500000,0.0003458218362594,207352280.2893274,1298.3517039628086,1296.7982153329176,0.86510876645466,1143.7704650499174,1377.3787508731875,25317858227.274765,13080934594.699053,0.9654288947198556,15026521.779980486,139715.6343886005,505054.4879174198,32446.313672900025,16
2024-01-30 23:00:00,1268.4722892439952,1279.888673892584,1262.99291951225,1272.2028612480342,1929.1340282302249,19500000,-4.232437860975334e-05,217822990.02259687,1272.2028612480342,1271.916292574663,0.9310833020043978,1039.386217457174,759.9169310887049,24807955794.336666,14025343680.13661,0.9985190017469554,44683761.15954033,151236.01416705124,385199.25150240376,18256.14784656026,18
2024-01-31 00:00:00,1267.1071725846953,1282.413585404471,1263.5085145153462,1269.8850131907857,7178.769247416833,19500000,-0.0001511100959671,233579883.7776416,1269.8850131907857,1268.8179924531826,1.4473819627596587,4274.965434941623,2201.4261968747333,24762757757.220318,16322382636.127254,0.982723269489102,31530556.71426209,133809.93644993164,620717.2963268432,19562.603783384227,14
2024-01-31 01:00:00,1301.6574813650482,1310.4044183730891,1297.4460441746644,1298.9896015924762,1781.4781188815068,19500000,-0.0002281541423892,172201016.3974336,1298.9896015924762,1299.7268428706384,1.2238415583365256,1040.7866735306989,805.700465514837,25330297231.053284,18761401426.707134,0.963218617063432,27553981.24266334,116982.62802216022,580260.5331652651,21606.004787610083,12
2024-01-31 02:00:00,1236.421800578266,1250.0136248341346,1230.0908024848213,1241.1917115723975,2074.1420373536225,19500000,0.0002269107924191,191136761.80973282,1241.1917115723975,1241.8768762513414,1.1217583256089931,863.4781200719832,800.0604942332941,24203238375.66175,14080463445.183867,0.9979746687704484,29251148.147838257,197606.4570967527,337643.03249733505,33211.931048246355,15
2024-01-31 03:00:00,1207.4306097035221,1219.318790873678,1202.7149961283392,1204.7103950729745,3964.0325152085697,19500000,0.0005124723134403,185802822.4969212,1204.7103950729745,1204.2728825618233,1.079130243864563,1698.9918905623922,1533.8677373474557,23491852703.923004,14065768567.212002,1.0519878327470569,26084885.251194995,154017.85022677534,380524.1886589071,17038.597559761252,17
2024-01-31 04:00:00,1182.6660601127069,1190.815905559478,1175.6819746090941,1182.796409242485,1178.490492702223,19500000,-2.09221583018433e-05,199910131.5586583,1182.796409242485,1185.2624865462205,0.967600479694782,595.6171957037924,681.3343474023693,23064529980.228455,11902463582.111124,0.974412735912216,17040801.03382312,189909.39773994693,430858.5095007926,16504.38679191357,14
2024-01-31 05:00:00,1215.0891051938859,1218.4831743999441,1213.0271362583667,1217.9937653505099,5638.060107132058,19500000,3.533098760122549e-05,197381715.67382166,1217.9937653505099,1217.219794477467,1.491638907031143,3680.557870019733,1950.152374514834,23750878424.33494,13560963593.240839,0.996176350544867,32764200.272091005,174870.91161274584,357175.65865496965,23646.287940018414,18
2024-01-31 06:00:00,1223.5908795133662,1235.6405221951975,1214.7370380235404,1225.019534221906,4072.842986678154,19500000,0.0004214895519667,193512243.12646577,1225.019534221906,1224.9957307841598,1.174019729097408,2691.8511470503304,2363.3474345463555,23887880917.327168,11201160711.660019,0.9606330514122234,24769472.46712015,186677.0276626176,433949.7866465555,27316.853885331016,15
2024-01-31 07:00:00,1241.5574679220351,1248.6254228161376,1239.133430970818,1244.0885021357496,4673.275683379206,19500000,-0.0004431337113074,214064141.59629512,1244.0885021357496,1245.0080859095913,0.8607854584403998,2303.382161931874,2108.310999118703,24259725791.647114,17165594125.18606,0.9562231668428798,16509545.73297731,97587.36417973266,510115.4692093305,17837.813326160922,16
2024-01-31 08:00:00,1218.2688407460594,1218.3220013873013,1205.2616226567081,1216.1619005728587,3940.482694075718,19500000,0.0006900605928738,180540334.27401686,1216.1619005728587,1217.3683999379386,0.7557682815710454,2426.0276238708766,2173.112302258848,23715157061.170746,10837835711.978636,0.9763824301197128,33574992.74847164,131046.8193121494,336161.78577296034,26933.479581474592,10
2024-01-31 09:00:00,1191.0949175333815,1197.1365580423007,1189.0409658788965,1189.3526875654034,2750.225648437965,19500000,0.0008332300906979,181413259.5935369,1189.3526875654034,1190.9911119036278,1.120043585749819,1576.4765842508696,1059.0466382987222,23192377407.52537,15192337873.349718,0.9865005096511246,22505332.78461848,187651.3856666271,469113.5408974511,33207.127068867136,12
2024-01-31 10:00:00,1196.0461318275588,1211.4185107412322,1189.8028022715573,1200.172712389717,1751.8464849683644,19500000,-0.000711901258826,181658640.9201808,1200.172712389717,1200.8069994423988,0.9888883693489902,1217.580042161554,858.7134516282057,23403367891.599483,12449807949.749956,0.9878325087720656,29226059.00648115,118337.0664156096,558885.3289718488,31575.55448796112,14
2024-01-31 11:00:00,1200.7224890903722,1204.7847998222937,1196.8789191777225,1201.6924763150214,2779.3219648128947,19500000,7.074903132497291e-05,191567675.16176882,1201.6924763150214,1203.0755194484539,0.7514221759844427,1190.6425572039277,1297.8780955220875,23433003288.14292,13891853645.568998,0.9932192495476232,25382899.106744774,178664.7227067656,479281.8170000776,24489.208510984517,14
2024-01-31 12:00:00,1212.977248265936,1221.0471720512185,1210.2471212171026,1215.0749187630367,1830.568483147811,19500000,-0.0001156841095608,178712814.83055228,1215.0749187630367,1214.3882699968176,1.0894982107589584,1033.1073590397164,1056.6953398890178,23693960915.879215,12663652814.723518,0.9505500207788988,38115417.42769367,114958.19907861836,435772.99324371386,21435.86376862006,15
2024-01-31 13:00:00,1213.775798947889,1215.8850607559566,1204.9344092079166,1210.6438391993727,3801.221171606522,19500000,2.056846872857986e-05,196405545.09088594,1210.6438391993727,1211.8763738524708,0.9476164643473484,2196.1984654016173,1344.8322443267027,23607554864.387764,13456806762.497713,0.9812216136547908,29140604.288581833,163425.2528828548,387077.282355647,37074.589348010246,12
2024-01-31 14:00:00,1214.2314689189598,1218.2214308525474,1204.0074027344651,1217.5190116067045,4462.1675078805065,19500000,-2.5515520884777015e-05,194577031.34833583,1217.5190116067045,1218.7422884485354,1.1119697420878103,2196.727613300432,1612.4977868940289,23741620726.330738,14578147287.12055,1.0150527542021102,18738632.058658976,243408.7963789979,522389.3000387888,22128.49001765795,15
2024-01-31 15:00:00,1225.4166332200973,1226.4036443943382,1210.3174212373888,1221.4975095079913,6237.933992524023,19500000,0.0003435277295438,185146265.89663056,1221.4975095079913,1223.4676465643215,1.0923682469046716,2583.040974585541,3647.2533832711306,23819201435.40583,15298311425.590982,0.959252647813164,30352188.926879536,197530.84509655187,349624.841650025,29205.326496498463,13
2024-01-31 16:00:00,1240.688328110477,1249.7914905290847,1236.9259578999602,1240.7709504016645,3589.915057275774,19500000,6.622902790960278e-05,211445788.95006797,1240.7709504016645,1238.8248805849428,0.8854557415584849,1492.0812800757365,1182.479917354837,24195033532.832455,17712841518.59685,0.989345629154648,30751624.99048478,102468.91498637448,464426.394187096,39635.65788638977,14
2024-01-31 17:00:00,1258.1551898965824,1271.9825081759227,1256.2145657601086,1261.0857878291336,4732.8729130424845,19500000,-0.0001732721642599,196233898.2226083,1261.0857878291336,1260.0678606738734,1.134927705017473,2537.224145694965,2321.023313749122,24591172862.668106,13516790728.410404,1.008785312798142,32740097.10562924,201207.67268120407,444676.8629106663,28298.962548308,20
2024-01-31 18:00:00,1219.352743406167,1222.7563443445774,1210.5716911023897,1221.0066559793636,2569.399855567399,19500000,4.834445161146274e-05,214665099.5997862,1221.0066559793636,1222.1338172473684,0.9052166093917952,1561.532558601384,817.5039837945712,23809629791.597588,14891905665.640768,0.97653199233929,40383328.9551502,256673.3533107288,554112.0520202275,16331.852648272175,18
2024-01-31 19:00:00,1165.5880819387314,1170.825800845578,1158.8043741577812,1167.4597974777273,2346.9254490690864,19500000,0.0002544352710887,194117444.55372038,1167.4597974777273,1164.4811820187529,0.9170655055656232,1431.748290784626,758.2851407975176,22765466050.815685,16402897201.728428,1.0102457318848257,20856679.03202545,327503.49394681724,393741.64418770623,15188.489733652925,12
2024-01-31 20:00:00,1188.1680789985915,1193.5279422347726,1185.7796692863726,1191.2047419679525,3777.568944769505,19500000,-0.0002551163983295,196788934.76061732,1191.2047419679525,1191.9099425294435,0.8990161490494746,1716.115403182432,1810.0018474089595,23228492468.375076,12475315820.286007,0.954366211618449,34856569.07566168,183279.74656788504,400493.508801,20144.995494684525,19
2024-01-31 21:00:00,1220.1933390434647,1220.5210314446695,1210.6866492540612,1219.9619687184966,2457.165094129109,19500000,-0.0003938701066909,188489962.45817864,1219.9619687184966,1221.3768860080645,1.2538199928824771,1615.3197966360344,1143.5901614265483,23789258390.010685,16878835531.885185,1.0266534871879662,13385077.314358104,115716.09566596017,345112.94728627644,27251.11555461416,17
2024-01-31 22:00:00,1192.4957419553225,1202.0474128978024,1186.30751861135,1195.4315198613726,3410.427382084757,19500000,0.0006978228402505,197059088.43188936,1195.4315198613726,1194.862045875169,0.9454308990246004,1750.0564723401228,1609.4074862897858,23310914637.296764,17186357120.51922,1.010974021992811,25433658.183889825,181438.03954859424,482847.84143597935,25170.696511960003,19
2024-01-31 23:00:00,1146.8743074628599,1159.9598093479988,1139.3806857935135,1151.8974239008721,1753.5610855552063,19500000,-9.272800391253086e-05,208730897.9623171,1151.8974239008721,1151.5170788903451,1.315857620726627,1208.7478417392874,775.2416910470472,22461999766.067,15818820919.990648,1.001669962105284,23907767.218524244,242560.97464423344,406458.3860518551,42707.2775721417,7
2024-02-01 00:00:00,1153.4201493604176,1161.775096104931,1149.2754605381663,1154.2966679308008,1918.2836995443524,19500000,5.8794103924143176e-05,190787569.91660988,1154.2966679308008,1153.172224436775,1.428602900487577,835.3125900165866,1002.7018565359616,22508785024.650616,13977013516.714066,1.0337445407891752,47617742.64166524,155317.6968104733,372348.3815497022,25097.33354797736,15
2024-02-01 01:00:00,1171.864123509168,1180.6687357021628,1166.718496721062,1176.104819231144,4095.748037352996,19500000,-1.9338621747671777e-05,205519373.67612496,1176.104819231144,1175.6090356320947,0.8626520744888723,2666.071522022488,2447.850686356101,22934043975.007305,15288628653.526,0.9901195282229016,25066522.142904982,211245.7086057216,379510.1976233398,19965.631212986053,18
2024-02-01 02:00:00,1217.445016036236,1226.0463287557775,1215.249450147755,1219.2792042455997,4644.06359948267,19500000,0.0002644263112246,184758135.01241007,1219.2792042455997,1218.800553634916,0.5575522472830546,3123.139485845616,1777.4427741792244,23775944482.78919,14130513632.22545,0.9814643166261426,34030693.23361646,131939.56426935983,492584.4018827473,15677.743420942894,19
2024-02-01 03:00:00,1229.8177143358985,1233.2172069281653,1220.5139481838341,1232.0578490348664,1821.0561528376168,19500000,0.0006318369769273,209514174.02716306,1232.0578490348664,1231.3397548679195,1.2323241122708366,1177.8639597369363,723.0173847219767,24025128056.179893,15116051780.54144,1.0411763285229174,13188640.608514864,178632.93077765417,354834.9036190181,31386.43943126028,15
2024-02-01 04:00:00,1220.9234925706326,1224.9418008908929,1219.0065044280673,1223.0545821885676,4168.481731182527,19500000,0.0002739801525187,188231931.77017206,1223.0545821885676,1222.2746669712667,0.9338920930705368,2678.8845486289238,1654.532354012128,23849564352.67707,17704538549.82866,1.0552229740670438,23181722.905913547,87343.60670709326,361192.67005462525,21986.44995026449,14
2024-02-01 05:00:00,1206.330144895111,1217.5706642792893,1192.1702686394076,1201.521743545924,2283.882588759482,19500000,-0.0003555095442619,211072513.0422118,1201.521743545924,1201.3162775786298,0.840938051179642,1161.1099315021252,1208.1297737304642,23429673999.14551,12308455129.178041,0.9791968688164672,19020615.196545184,128337.16156593723,529279.6896970238,14018.849130599903,13
2024-02-01 06:00:00,1202.052744342244,1211.206469123292,1192.3257470945969,1201.9171402832612,3005.6603946534747,19500000,-0.0003152370281025,198134376.89351293,1201.9171402832612,1201.6970640678146,0.8889239246244875,1845.4842949624783,1215.5030409319638,23437384235.523594,16119392336.70872,0.9965877028867656,71827815.07363752,162505.9406905737,427956.0938478318,22174.05478187226,10
2024-02-01 07:00:00,1195.450649002091,1206.481539511729,1185.9434106692638,1194.8642788946413,6053.986186686649,19500000,-1.9689432598074937e-05,222681755.53632915,1194.8642788946413,1197.2230985836118,0.9203854178020384,3473.8013070556863,3045.282913755253,23299853438.445507,14023481505.791346,1.0313512762978436,20437033.96450574,148621.9061594992,535571.1450047086,16338.483689729968,12
2024-02-01 08:00:00,1166.808360032958,1181.7026112380436,1166.5817333181374,1170.968573189928,4463.746063433177,19500000,1.9530040140020035e-05,179781447.0623193,1170.968573189928,1170.6240916326385,1.2962022179650643,2353.9285409539616,1936.2224672337036,22833887177.203594,11486860403.800114,0.9976556499456768,27477815.70151967,117576.63661045498,411732.3729061876,19386.04481743053,13
2024-02-01 09:00:00,1218.471954421277,1227.9907426831414,1215.1439028274547,1220.0677130310028,4437.897441306399,19500000,-0.0004165853808639,175207889.0689897,1220.0677130310028,1220.6096063695143,1.0324991760761206,3097.3573329769843,2140.5816653705742,23791320404.104557,15299261111.962101,1.0178376552621395,28069895.54673729,143642.94495739773,442313.7806303557,22067.420028372544,16
2024-02-01 10:00:00,1265.0861723660666,1276.829191149891,1258.6193282391057,1264.541654078479,7741.843985491664,19500000,0.0003458022760523,187685927.72296008,1264.541654078479,1263.9386157032493,1.292682770639329,3771.334128015508,4247.9854989964215,24658562254.530346,16958385476.626678,1.0234121079246514,14129658.555712905,176736.24556001188,456461.5987217125,16788.452628142248,17
2024-02-01 11:00:00,1291.0805990267615,1299.1225621096055,1283.3916410945546,1293.7315297422977,2096.574978185681,19500000,-0.0002258961673644,176496045.75064418,1293.7315297422977,1293.0981242502633,1.1038941049838962,1098.4862170660415,952.30126794924,25227764829.97481,15657025590.159548,0.9831308627333036,21620743.132335976,159283.8489655741,583883.7906691952,19028.873248464108,15
2024-02-01 12:00:00,1272.5568852383237,1272.6029040103215,1258.5735333991408,1270.249951672136,1820.856934705508,19500000,0.0005479904686377,176522537.02200258,1270.249951672136,1268.2120000741165,0.9400275037946748,1221.537008155959,805.8238057960333,24769874057.606655,17369374829.604645,1.0125782399020078,31373825.213162966,165253.24467491687,574453.5759397143,17619.544533747063,15
2024-02-01 13:00:00,1289.1792675038046,1293.096326430818,1284.3370331836152,1292.2877275797282,2077.538097868622,19500000,0.0006461897791617,207222150.60232934,1292.2877275797282,1290.3862990349069,0.9248983488515616,1011.142952274036,789.6563899413752,25199610687.8047,14105748800.875736,0.999814219164702,27614921.436249264,195436.7742581139,557182.1067847844,17761.93993408826,14
2024-02-01 14:00:00,1308.3067079871976,1310.4896977554117,1296.8587192112257,1309.0564468598304,2624.772417827318,19500000,2.5523940210346813e-05,197104302.86894357,1309.0564468598304,1307.6073236251882,1.1188728002278476,1170.1349423053348,1193.6713603255869,25526600713.766697,18484589875.140083,0.9634939421981872,10632368.27835905,149374.122147928,390130.3628667032,16278.391701796094,17
2024-02-01 15:00:00,1319.2781485727394,1322.0857468847908,1317.1220616859819,1320.826293403483,918.484191096715,19500000,0.0002316917921254,189747239.8926622,1320.826293403483,1321.2010076421896,1.1783146158763014,452.8126372332944,347.85171459418285,25756112721.36792,16599712397.048471,0.970310420607148,21269428.72252897,228614.9601695365,363172.819279504,19056.63531903141,17
2024-02-01 16:00:00,1354.8346444580352,1359.5996302946617,1349.3609520223947,1354.3895360947733,2687.282883537754,19500000,-0.0002695841666252,191159917.18791336,1354.3895360947733,1355.982533386121,1.220619524888305,1687.0587353588985,1486.2583975278137,26410595953.848072,18248343104.4315,0.980427492268109,40140909.9639087,127093.99800908093,515121.612534232,16841.3165971329,18
2024-02-01 17:00:00,1370.090022456822,1381.467696503829,1369.373711843019,1371.8473316488669,2270.4075551017886,19500000,0.0002871028979437,187971120.21270472,1371.8473316488669,1369.5334854182586,0.9490368011276448,1493.8287340144927,945.98621387869,26751022967.15291,14228749738.651518,1.0278555955240782,33762695.82619094,263550.5945646022,582655.8256311167,26264.54565632399,15
2024-02-01 18:00:00,1391.6868874815882,1403.4506149040494,1381.353761377012,1392.4412944270493,4411.102264018378,19500000,-4.9457727030311006e-05,224999207.890506,1392.4412944270493,1391.8159813444822,1.0356623474672924,1915.889468809317,1494.1827693322784,27152605241.327465,15852736140.621271,1.0288407448694,43435656.7988163,214971.2672805588,558250.8802053833,23394.120663017457,13
2024-02-01 19:00:00,1409.766781423709,1418.75743475153,1407.642928894121,1410.432872711069,3555.353197080891,19500000,-0.0002261705964765,185903345.66259384,1410.432872711069,1408.6460084084688,1.1239037114711918,2085.2637293298912,1322.556754406842,27503441017.865845,19881831107.82529,1.0224973875496486,17989862.653248206,148895.58312566788,443569.53327118215,31521.167003124425,11
2024-02-01 20:00:00,1418.135005733295,1422.3007088415488,1414.4901149196428,1420.2209915512658,2207.5789275651214,19500000,1.3199503524104756e-05,177380410.1901439,1420.2209915512658,1419.9876817737463,0.926081527840358,1258.730756628422,1016.3129130638026,27694309335.249683,12885294336.678436,1.0132033210979683,44542293.894387245,151398.441187076,511734.7528668415,38793.61759596693,16
2024-02-01 21:00:00,1371.9183037679804,1382.1789027420248,1359.9633171511837,1370.5885755395273,4003.7248635678334,19500000,-3.972440252160887e-05,210135255.60180855,1370.5885755395273,1372.20007177507,0.7969303400092155,2404.794642194823,2301.686391861665,26726477223.020786,15266017170.178326,1.012384789214693,26214296.47606682,171387.76466329876,513537.0874729873,26989.34680036368,8
2024-02-01 22:00:00,1373.6746143822977,1378.548438276832,1365.678222951963,1373.0199903740486,4279.6714855265855,19500000,2.452179098873708e-06,193796162.5967441,1373.0199903740486,1372.543713902332,0.8510756888108765,2573.4388392183223,1669.7927881872629,26773889812.293945,18315900146.29542,1.008326813486645,50448668.23151694,189031.2704491503,455790.5023583223,25206.977179755384,8
2024-02-01 23:00:00,1357.7264915827805,1358.1436066462518,1357.5367802696414,1357.9671612381437,2029.8701512820337,19500000,0.0003849039708449,232100215.87888652,1357.9671612381437,1358.0384314664188,0.9529364244585627,1396.226374218846,769.9619446181957,26480359644.143803,17825105991.21798,1.012227911662649,26719379.38847748,213979.836758094,459766.8191032034,27504.39754749985,17
2024-02-02 00:00:00,1322.641324296734,1327.4953682309485,1322.6117605550623,1323.7809894138773,2329.683900439043,19500000,-0.0001355922777907,189042318.45822167,1323.7809894138773,1325.839771199218,1.1416121474461605,1174.0646155467152,983.0519406484116,25813729293.57061,18211246546.21819,1.014260877509926,11764389.753759343,116407.49334181489,451187.85755678057,25335.87476147624,17
2024-02-02 01:00:00,1371.3836323588741,1375.9174342468516,1362.2103949215189,1369.2023724062462,979.770544956906,19500000,0.0006205068999321,210976358.60374668,1369.2023724062462,1369.9662516838653,1.2863329541571158,480.0190580634979,578.3843632613066,26699446261.921806,17937144570.066658,0.9578673350281786,37478565.27202365,181563.48579389957,377898.4143374357,22360.6904060445,12
2024-02-02 02:00:00,1416.8505522416933,1421.406634339453,1412.5297883610463,1417.5191513559978,1727.91371179843,19500000,-0.0002975178898476,215001097.9231668,1417.5191513559978,1416.5834585087232,0.7624567893990661,992.45762702402,956.5141130346024,27641623451.441956,20292479921.49285,0.9762925856216728,22346324.97959431,95881.79760730675,385690.1139771121,21833.532566477625,14
2024-02-02 03:00:00,1455.8342389408072,1468.5545259869423,1453.2092031732798,1456.7277878640841,2056.5091146703157,19500000,0.0005846290819535,189115980.76842812,1456.7277878640841,1457.104956955664,0.887391514057406,1087.5345384977234,709.2907860688348,28406191863.34964,17028883296.613543,0.9691323512655388,22955911.929303944,155698.21268621308,384501.0995832283,16211.870677929905,11
2024-02-02 04:00:00,1464.6353529800201,1475.7655036558106,1455.343719289548,1464.328751738449,3093.5763278940667,19500000,-0.000204953186572,185793099.60413393,1464.328751738449,1463.2633808027538,0.9309287833582324,1677.1090317770884,1497.6806904103842,28554410658.899757,18197353308.010815,1.0332143502296205,14921882.740532093,234094.02408100208,321307.1006605176,28329.97941732445,12
2024-02-02 05:00:00,1509.6787494591897,1520.1793506537613,1501.1364762797014,1504.5734708308637,1858.0979952624,19500000,9.96960302390153e-05,209217979.1213337,1504.5734708308637,1505.3565742592712,1.1722716018051598,781.8562309295114,998.8377852048026,29339182681.201843,20663930439.63241,1.0496230031075084,51057229.359170295,114187.57180397867,455236.3371873176,21820.63928420639,11
2024-02-02 06:00:00,1501.0520089722415,1507.178860580578,1492.1626716546182,1505.0867136126433,2306.0099288420683,19500000,-4.705883404340591e-05,206450092.77598214,1505.0867136126433,1506.0128539028906,0.8997645985129606,1024.958351115272,1223.114820448567,29349190915.446545,19385354407.24343,0.9349285623876348,21663458.017587125,109118.59022396928,438837.877994776,34025.165524117714,12
2024-02-02 07:00:00,1513.6818416928145,1525.9098768950757,1505.6227337871728,1511.3547878901957,1615.3947922826887,19500000,-3.11860146135638e-06,176129327.4462338,1511.3547878901957,1509.439660009826,0.9176433541166074,1099.4578573342333,721.5219761681894,29471418363.858814,14164465141.367054,1.04694443835615,50103038.665175356,171991.2315072363,515242.4405053291,28985.203976909277,15
2024-02-02 08:00:00,1473.2097193763793,1488.8231355095454,1470.4585559471,1478.8089964665592,3247.227873243233,19500000,0.0003404071709066,180150479.2334297,1478.8089964665592,1479.215889900362,0.7539731547181874,1365.4185209075315,1687.0953441954605,28836775431.097904,16151447230.23973,1.002601641205946,22456274.96618159,230235.34204370895,569288.9794018011,18255.369105728954,22
2024-02-02 09:00:00,1491.3940844915937,1494.2998822221373,1488.6874949333373,1490.74628618416,3688.0653247062273,19500000,0.0005499480391686,160959526.93585,1490.74628618416,1490.7200889150665,1.1015094464322377,2128.174778950572,1752.111260159114,29069552580.59112,17900368841.56376,1.030381594574761,18411385.813014835,176548.13942258648,576573.9433329719,32016.52049622241,14
2024-02-02 10:00:00,1497.3992809655301,1507.1038348175468,1489.1614268155822,1492.697038022706,3645.2589126964135,19500000,0.0004571574114866,206788864.94080654,1492.697038022706,1493.6593460639451,0.9682356173998288,2283.2899700262515,1313.8734095569143,29107592241.442772,19688819665.904972,1.0151940146375469,45235357.10551092,101097.99022992943,587536.1715270996,10216.684651619042,13
2024-02-02 11:00:00,1455.8768916709446,1462.9162259208563,1454.0215038184558,1454.4553985239445,2999.4390473583303,19500000,-2.1456899702554312e-05,193083197.82572588,1454.4553985239445,1455.8100012701984,0.8773853328497448,1210.4507980767914,950.2705577490198,28361880271.216915,17387825613.89226,1.0432118516079976,25912706.54739311,106853.9146273607,380249.8419759886,39303.45562917559,19
2024-02-02 12:00:00,1453.6080611330156,1459.9944890487504,1448.6347559363176,1453.112186371162,1379.482215727498,19500000,0.0001552765667213,194629025.75347066,1453.112186371162,1453.9512854279308,0.9494212933520764,643.9760188891019,566.7601359221816,28335687634.23766,19360777162.63382,1.0062922730007249,26014096.010110654,166780.95908638777,332238.4272120996,14742.155896381408,13
2024-02-02 13:00:00,1449.3156404016452,1452.5688418179577,1436.2434700075044,1450.941999747691,2186.425216858014,19500000,-0.0001346233621005,172216399.1244353,1450.941999747691,1450.6471779772025,1.2528226184205602,1121.9020257894945,696.5550637869399,28293368995.079967,19841654245.188232,0.9590963662356125,15981262.978625312,121199.0355619525,532931.7870092002,25553.604289152103,11
2024-02-02 14:00:00,1504.2979580358112,1512.0947986737624,1491.6991683859708,1504.2045553549995,2431.7019055459014,19500000,-0.0001974650937724,180588174.52869436,1504.2045553549995,1505.7588950795682,0.8179309315812997,1342.4094477585977,1017.6770257729522,29331988829.422485,15532416812.038826,0.9968297534868036,22220560.44426457,168412.49451182582,583282.3699647028,25039.875417050724,13
2024-02-02 15:00:00,1530.7292221673083,1533.0317481665802,1525.0348519556403,1531.5012912218272,2436.584015029017,19500000,-0.0002438902717186,189773382.24672198,1531.5012912218272,1530.3173445817124,0.8450732861444255,1224.331296454837,1336.8652021948624,29864275178.82563,18958721444.61707,1.0154696813832045,31675568.619856298,170928.18530845531,603920.8887465846,30856.881218733783,15
2024-02-02 16:00:00,1529.5968579536539,1534.521468561493,1520.7889250167857,1532.0050982946361,3094.837281174507,19500000,-3.127199209523877e-05,186845355.77815893,1532.0050982946361,1530.1352523782134,1.2846039869569927,1840.4990423420857,1712.3370863794178,29874099416.74541,18436295978.423874,0.9935211669539692,15869441.64361808,143998.85430850828,487477.4158758744,19958.112031841498,19
2024-02-02 17:00:00,1538.9082339651097,1541.8418848399674,1530.177075606172,1539.800935452856,6080.065124598585,19500000,0.0001748816893044,199037696.08087975,1539.800935452856,1535.0348101204745,1.0152703844139377,2844.9795445189634,1886.1710356189024,30026118241.330696,15559389620.551666,1.0197319516645802,21508157.259971187,256193.57075254252,296754.12426234374,11572.009169024102,13
2024-02-02 18:00:00,1541.9287634510301,1556.640433440478,1528.54375239335,1541.3172268503179,4474.044580465523,19500000,-0.0004735445479254,206591786.1049246,1541.3172268503179,1541.363249115783,1.143336588216623,1823.821370273589,1435.5448086079534,30055685923.5812,17942145262.895424,0.9980290783407868,22553466.367688794,188643.9776035571,475975.6101341047,19966.54948564688,14
2024-02-02 19:00:00,1532.8726141689665,1539.6016443167332,1529.2505879128207,1535.2283209127584,1819.3618924978737,19500000,8.609388922577028e-05,236426258.00358367,1535.2283209127584,1534.1205823839946,1.0836666984695515,728.6022499961223,911.427763409976,29936952257.79879,18398367279.592335,0.982134720426554,27402758.134517323,220333.52932715413,494394.061528442,20624.83702286785,12
2024-02-02 20:00:00,1500.0773959458345,1507.8372191902902,1495.6313542220387,1502.500273257637,4184.746625693428,19500000,0.0005548075373648,196854718.25455657,1502.500273257637,1503.2481494939555,0.9929580014350096,2107.6627181202048,1883.134343161175,29298755328.523926,20368552205.006638,0.9674206485006538,48225658.16721442,204872.9765665159,568305.8404300754,11911.29507645294,12
2024-02-02 21:00:00,1494.042207453161,1502.9429642616692,1489.533405697056,1498.1178173126398,4105.780689016043,19500000,0.0004365733207222,215572991.81945512,1498.1178173126398,1495.3144982133786,0.9327110520191482,2087.784716666585,1415.7040480892863,29213297437.596474,17186089762.017372,0.9882455385239995,23667104.66308493,156761.6236029178,588849.3979170541,22328.328390851115,15
2024-02-02 22:00:00,1477.229998533926,1490.499223572062,1475.4732461394383,1476.0765184615555,1992.1430812946835,19500000,-7.555522295799972e-05,184503701.59552082,1476.0765184615555,1475.2688410511669,1.180941030931752,1363.7837713196493,1079.0620008112871,28783492110.00033,13651284812.450974,1.00613714949101,20244174.705850437,155032.21099235132,530686.4736170577,15950.485608135145,17
2024-02-02 23:00:00,1441.3372205056885,1449.4514577245172,1435.2361718618215,1439.766943693274,4557.060016330545,19500000,-0.0003190618727848,172443844.2838273,1439.766943693274,1440.5879994527209,1.2617092049055632,1884.0445248908468,1663.0938069266915,28075455402.018845,16738271713.78819,0.9412182458723216,80047131.19174613,151084.5647950059,393385.065011331,26761.65961797538,11
2024-02-03 00:00:00,1455.3827227301194,1468.7600170934581,1441.9376374778712,1454.7087257908165,2751.2528865764134,19500000,0.0002379490919394,191690715.52244115,1454.7087257908165,1453.3560850351669,1.2421424480460144,1538.0040626616303,889.8783747425349,28366820152.92092,19896070189.643368,0.9765977076785493,22438835.982617233,192967.21116650983,360114.2197123941,20458.95737977826,11
2024-02-03 01:00:00,1469.1139524013438,1473.5201910395876,1452.9112005879695,1466.2835252163177,1472.9511539648147,19500000,-0.0005952284750622,173512494.43977338,1466.2835252163177,1467.0302399969141,0.7889168685597052,844.5076979922758,773.0815673802265,28592528741.718193,17766729315.63476,0.940099238656768,24724733.127445303,138331.562001877,492274.72823960736,39669.12537133494,27
2024-02-03 02:00:00,1415.2023931979802,1416.827536258762,1413.4024464944375,1414.9537359152735,3742.845246671341,19500000,0.0004330462347648,197401791.34605303,1414.9537359152735,1414.3070700869841,1.298204561820027,2282.321544987764,1805.6899980599887,27591597850.34783,15055619372.022284,0.9814877543806588,23125335.712944865,250511.0312612816,377572.1585626079,20397.067162399355,13
2024-02-03 03:00:00,1412.7340324930628,1420.5919198697038,1405.1612064634865,1411.627285822011,3322.526982862559,19500000,3.592376263502786e-05,185236061.23055762,1411.627285822011,1411.7221354453056,0.9309152371146708,1965.6746763016051,1389.9220876474765,27526732073.529213,19992425592.88821,1.0359194420286166,23887605.064044606,135067.8703042243,594233.382712123,25062.234234985805,13
2024-02-03 04:00:00,1441.039402287083,1446.0187264882543,1434.672200139168,1440.1642506902328,2660.212232925613,19500000,0.0006493900961732,168633148.63202772,1440.1642506902328,1441.1653923996557,0.8598426191162193,1070.5807274025217,1350.903286289608,28083202888.45954,13948798124.103798,0.9644165085481348,27527053.74118861,171719.69875800892,314609.7347942813,20662.55797766925,18
2024-02-03 05:00:00,1470.876597721905,1482.9431549616556,1463.6787278199715,1471.145935176851,2925.6543893790176,19500000,-0.0004180896456729,226546304.73723066,1471.145935176851,1472.6947532379736,0.9667014792047568,1724.8409084531738,1677.6117904931125,28687345735.948597,15722481250.306055,1.0210947923758398,38566573.86735054,153695.6760897041,495527.09950063215,13534.80159748556,15
2024-02-03 06:00:00,1500.1966118707217,1514.9980801562551,1491.874728365408,1501.7909787363242,2080.6950188418564,19500000,0.0003754438675623,188870654.15802038,1501.7909787363242,1502.080062103121,1.1808395718519114,1033.515301617119,645.5454771714801,29284924085.358326,17018652707.4604,1.0854647538193696,31364053.294592943,145408.4083357048,471609.6902077167,20714.435398561705,9
2024-02-03 07:00:00,1509.7667594785673,1516.9015172603433,1502.8060157125014,1503.1105272670218,4044.306028168829,19500000,6.984734895574047e-05,172959558.9801712,1503.1105272670218,1502.0372908762126,1.114151174821404,2555.43799107658,1974.8501285150423,29310655281.706924,19678979520.32337,1.0436061439377204,41054710.25420537,280151.7537788001,424491.247647446,27612.505097905003,12
2024-02-03 08:00:00,1476.7318380746783,1492.425212119312,1464.2941786459107,1478.067866515802,2916.894152385053,19500000,6.848405583758689e-07,211859028.06445768,1478.067866515802,1477.538660778355,0.950205233581524,1331.5902289533133,1065.9795195874176,28822323397.058144,20196494824.886944,1.0040054014117363,40515265.058762275,145835.77147342917,367683.1148130357,26386.21362866948,11
2024-02-03 09:00:00,1444.5951650741197,1454.5210304951272,1430.529660948994,1446.5215780290484,3239.662452312588,19500000,-0.0003109530395636,186005863.84839696,1446.5215780290484,1447.5875998637975,1.182384513219893,1991.944348578392,1432.7126251254865,28207170771.56644,13188774453.37868,1.0257530336738945,29005578.99240398,150816.58441742102,292917.04923731554,20171.372568876788,11
2024-02-03 10:00:00,1457.9356604248233,1461.8855054513658,1447.153281183547,1456.6712411684146,3563.758274992756,19500000,0.0002787243720135,215138204.01392567,1456.6712411684146,1455.329277567532,1.0283670091921502,2094.237561418226,1522.4173594474903,28405089202.784084,19531644580.873444,0.9589095159268962,31018758.559872042,137856.2287460321,397803.8258135355,14228.085821518303,13
2024-02-03 11:00:00,1468.6491658625607,1475.8305006899366,1458.2149238369723,1467.9097667505391,1673.5580248246033,19500000,0.000302841215433,185934749.2185547,1467.9097667505391,1467.7951720308738,0.891727850663322,996.9172036277636,697.8634882342541,28624240451.635517,19068281786.34724,0.9527975603976834,41577619.046171874,164433.27666443848,399202.2117073623,26724.541414339183,11
2024-02-03 12:00:00,1502.1126437397277,1506.906866417286,1494.1817915388533,1506.344844751113,1906.1837564916057,19500000,0.0006355383405897,188820255.42844194,1506.344844751113,1505.9142047133498,0.8679622495306494,863.0900895322114,680.7112388197216,29373724472.6467,21101957102.79921,1.0008609432723818,17108636.20224177,158684.5277660983,552576.5925245769,24980.37949803042,12
2024-02-03 13:00:00,1543.4628812070612,1555.872340680196,1534.8571935853079,1540.0050209092742,987.3531434199195,19500000,0.0004024150788581,202685169.30511272,1540.0050209092742,1539.9998437460838,1.0855067936752376,593.1545734811154,533.9556243704014,30030097907.73084,21625661410.925182,1.0119583169040522,72482983.87795247,123030.3949601164,378294.7271865026,28368.176671966063,20
2024-02-03 14:00:00,1535.801963994312,1537.6494819774996,1533.5139596446472,1536.091346938562,3953.557673027907,19500000,-7.816859868672051e-05,206753011.30230764,1536.091346938562,1534.6946059134596,0.9836318902817188,2455.5290619138045,1636.2042580922566,29953781265.30196,20466150723.074917,1.0328321285274773,21737378.62671678,146372.13591030877,484345.6688929971,20287.62435477841,17
2024-02-03 15:00:00,1495.1591437626653,1503.115139716548,1486.4264672889792,1498.4885788788695,1626.0271512053523,19500000,-0.0002011587750852,209672344.35773158,1498.4885788788695,1495.8633102762483,0.7594953870111998,889.1491723374938,920.589707980781,29220527288.137955,14816584097.40333,0.9829371357579606,23189077.714728463,189552.5617384592,341653.3957113181,13288.942296970004,22
2024-02-03 16:00:00,1492.6448304263017,1501.0829986407155,1488.435158746174,1489.1043831556813,3185.246168421555,19500000,-0.0003105474300567,195759733.38549507,1489.1043831556813,1490.0287337059183,1.184632143080088,1599.3430136481013,1294.4855777655164,29037535471.535786,15801107464.599941,1.0058018645308493,16433253.895383896,210395.99244622816,487014.72552084434,25851.607273364887,11
2024-02-03 17:00:00,1497.60931527136,1498.2529147562977,1483.4052271860978,1495.7376222877945,3588.516311921416,19500000,0.0005419673036918,205687224.2363661,1495.7376222877945,1497.329283692965,0.908414046721284,1614.7119628186358,1980.5524039921945,29166883634.611988,21317955945.90812,1.0047733466965891,16629978.91150146,163734.28071259888,282790.02201877715,21966.13373226328,18
2024-02-03 18:00:00,1486.085565268162,1491.035235591475,1479.8304572598045,1489.853529969158,4028.6089410925656,19500000,-0.0001334522852833,209289327.51841488,1489.853529969158,1487.3324371354038,1.374959023519517,1961.8848456445337,1866.6152617190376,29052143834.39858,18286929749.054695,0.996058176832706,39396657.427594565,165173.00152098457,672703.0214875678,33439.90184777154,13
2024-02-03 19:00:00,1478.1155431086638,1488.4049471886635,1466.7715539829926,1472.8803876074473,1632.701923239856,19500000,0.0005440689606913,200359425.14434025,1472.8803876074473,1473.5710597531117,0.7553319201296707,1027.2119802163566,678.693895753578,28721167558.345222,17566676599.130905,0.99782575371598,66164539.30251284,148709.6806271708,430105.7960101388,22217.15261258073,13
2024-02-03 20:00:00,1482.447376349667,1483.5114339825664,1475.6529280108198,1480.4966817140908,2885.401077460449,19500000,0.0002575216122586,194932764.02307186,1480.4966817140908,1482.2483800933799,0.9645035950438297,1508.546018499836,1475.044916408512,28869685293.424767,20922231388.327682,0.9743588649208133,21267313.23165163,143542.95028350817,252988.6373700313,21728.06307397088,16
2024-02-03 21:00:00,1465.7661571972235,1472.7891098485743,1451.5576959532043,1465.7960480492006,6871.517236485122,19500000,0.0001989708644781,175641283.35945752,1465.7960480492006,1466.8161117113389,0.8693621154507714,4197.218740992952,3683.108414582482,28583022936.959415,20358531690.116116,1.008391222251549,30661075.75849562,129327.95480708827,383252.8008602411,24963.657384079408,15
2024-02-03 22:00:00,1452.2477686972904,1457.1664684763184,1445.1114543318083,1447.643628453679,7024.486110473055,19500000,7.939506231910523e-06,206851528.1971119,1447.643628453679,1447.1852028871974,0.8227651281117997,4369.422814069263,3124.542258722824,28229050754.84674,18864030590.4582,1.0058514994058525,29140646.50149619,110286.5917762405,371337.8423059983,18414.99724659853,25
2024-02-03 23:00:00,1457.299043547848,1460.6228425785264,1454.6305972518107,1456.8349024051306,4883.715328644162,19500000,0.0002982018739006,197836561.769346,1456.8349024051306,1455.6060674536254,0.907231029181044,2941.2227687590434,2088.4042787577614,28408280596.900043,20302707572.752792,0.986799647021319,39811872.55677447,136542.10826229563,388029.3940616357,18150.607018204777,21
2024-02-04 00:00:00,1445.2324708162682,1448.0420956960975,1442.8401558065098,1445.3136485197488,3528.9179366499798,19500000,9.535877114895936e-05,190752748.71460733,1445.3136485197488,1445.5752186079162,1.4249169364446552,2124.625721967305,1669.974629447649,28183616146.1351,13645111656.145266,1.019973227980707,64816041.97697363,204028.14251879125,411297.3539600234,21388.9865235046,12
2024-02-04 01:00:00,1450.6140805338002,1463.6210906049478,1441.0613881433824,1452.5322950196546,1803.4320187702865,19500000,-1.076398744064312e-05,218391354.48010138,1452.5322950196546,1453.037464049355,1.029089091758344,1051.83812941087,857.6203175337885,28324379752.883263,19183059785.64186,1.0308349476529688,49031194.37630395,146370.41318080292,387502.1086099824,16711.929881318014,17
2024-02-04 02:00:00,1462.33657216268,1476.2513216526756,1446.1488394842133,1460.63682780283,4269.751093893971,19500000,0.0003088014359944,175886809.03410652,1460.63682780283,1460.9228314647848,0.8535581500722214,2371.9602807710557,1825.9324323656012,28482418142.155193,21068218568.12378,1.020321288879264,24254535.622983534,149267.507726669,375764.38284716895,20563.46754704191,17
2024-02-04 03:00:00,1429.231226617383,1431.2347192663449,1424.5078925739165,1427.8701722952446,2754.494955726803,19500000,5.680836723366085e-05,224885245.81827304,1427.8701722952446,1427.755750447132,0.6936930675599225,1265.263502133545,1452.4420597615494,27843468359.75727,12938665891.765676,0.9687267003981784,32969220.119906303,148542.84291169437,350902.40298157785,39413.68646737351,18
2024-02-04 04:00:00,1414.3760522819175,1427.9495536241634,1401.5260674950362,1414.3345270245022,3945.2363297647057,19500000,-0.0001395004336216,196819189.2064952,1414.3345270245022,1412.9447287630358,0.7087357646657758,2575.612094185729,1656.669572168752,27579523276.9778,14256233298.256554,1.0029893730058597,34304978.3617883,222165.2862440134,521444.3752729051,30115.34489521972,19
2024-02-04 05:00:00,1453.4404035764715,1464.3986319790731,1449.3908779338851,1455.7404337313135,2172.3792458872863,19500000,0.0002799480326381,202242769.0097173,1455.7404337313135,1456.5013322112095,0.8982627769468678,1497.3759411143335,946.9390333159638,28386938457.760612,19535621843.63127,0.9726570531140964,26470505.04130065,129043.4382608696,562545.4011995677,24158.978787350126,13
2024-02-04 06:00:00,1422.8087288329098,1431.938329089883,1413.2231124694508,1422.4390942247646,2734.033973704733,19500000,8.080430331143044e-05,191036368.1576852,1422.4390942247646,1423.2510999747324,0.8809648102310675,1476.2285745447216,1316.6983691362625,27737562337.382904,16809355244.35464,1.002896642388995,17213481.671198554,174427.30343514055,420451.845818106,35084.09519057132,14
2024-02-04 07:00:00,1363.425623774342,1373.2966508013053,1362.8734506863223,1363.615981253817,3235.936581039857,19500000,0.0002466730035273,172552496.08152178,1363.615981253817,1364.0261871116109,0.9561790035541688,2200.3450611193275,1928.7951128268928,26590511634.44943,12656698144.758123,0.9727738990894026,19386110.59338282,159992.69974918704,440855.6030091462,17197.704087345774,14
2024-02-04 08:00:00,1310.400173823818,1323.1557373779096,1303.905123279407,1313.9042890773367,3371.5877193861047,19500000,-3.615795750625592e-05,194980305.57439104,1313.9042890773367,1314.181514532564,0.6348054150211697,2358.082925975112,1275.154142968733,25621133637.008068,13589126678.888348,1.0383149001206435,42238342.926035814,165542.24636561217,353180.24969635933,46496.48330955398,18
2024-02-04 09:00:00,1310.9306584684336,1325.5798231398967,1302.3497000993561,1314.8009389915142,3815.631104741812,19500000,-0.0002627363914042,202521679.65433457,1314.8009389915142,1317.1402978887033,0.9818307684730428,2082.7957160149613,1410.203226874854,25638618310.33453,14029910357.315481,1.0234999440705952,44017643.69520566,173007.04613924865,448742.3358115424,19184.33318033769,20
2024-02-04 10:00:00,1317.2329560459664,1323.6013644536692,1308.689154995083,1315.7457597224427,2231.4402494155997,19500000,0.0006205221887542,208130520.2274352,1315.7457597224427,1315.0558105601517,1.2281954214217243,1377.4828205260872,787.8460846565318,25657042314.587635,14016924993.575893,1.0345896791602718,24558067.181252956,165097.45833128205,463236.384487265,40180.688300699614,13
2024-02-04 11:00:00,1305.9543053545992,1319.787604685187,1302.8482839060784,1312.7857491563918,1522.878806081056,19500000,0.000563983423229,194071120.50265998,1312.7857491563918,1314.5992774657173,1.38343321899873,903.2759209368648,771.8456364078353,25599322108.54964,18260043174.712044,1.031551662705865,29621175.85056528,198442.66015519245,423420.1714149755,40127.65050033781,18
2024-02-04 12:00:00,1345.742544888804,1350.1004226327923,1334.0450551773097,1345.189912551204,6716.970543890519,19500000,0.0003651354883785,165449193.70158863,1345.189912551204,1344.3370292308966,0.6846214442688274,3164.8984516097944,2920.0577984547467,26231203294.748478,17013845353.084978,0.99188200865279,43076296.33595516,161568.69189230725,478884.6319735728,13017.254920842426,17
2024-02-04 13:00:00,1274.0768661314605,1276.6386073618057,1261.716581271879,1275.296261203657,10348.812776314991,19500000,-1.634320561228195e-05,174292416.05711937,1275.296261203657,1276.8380313493278,0.8519064557955082,4285.721061672276,4311.1281100297965,24868277093.471306,16673562647.840199,0.9872317076941772,13495547.27386916,251725.4021492861,470589.6474479123,34205.01818842621,23
2024-02-04 14:00:00,1288.9272290238694,1297.4939574197538,1279.6603030131282,1285.5635606914632,3728.310107175547,19500000,9.904608051678268e-06,232346296.9876617,1285.5635606914632,1287.277689426855,0.8429507270661162,1998.3987995082516,1346.766693567604,25068489433.483536,11382874734.041817,1.0522517148610049,22320965.10278752,164574.72226439152,358316.5606105748,20228.084870075967,13
2024-02-04 15:00:00,1325.1670554966065,1326.9220314126815,1316.7400628947626,1326.4762031695332,1537.639846526824,19500000,0.0005146982337689,180668610.0746232,1326.4762031695332,1326.2201253422274,1.029573136238692,978.1872700251954,872.3669173174368,25866285961.8059,14957272999.016338,0.9950464104948276,59812573.66906475,106311.9822818936,561636.1519463902,18575.69830716156,9
2024-02-04 16:00:00,1298.732045549856,1302.3118062870433,1286.7694868137046,1297.021315383768,2025.1568667023216,19500000,-6.149011270223956e-06,221015161.8775376,1297.021315383768,1299.3053220004886,0.7835232887951508,1007.5973551056236,876.7955346360737,25291915649.98348,13792849797.549988,0.95936258072584,30077892.539257005,190913.8559908644,424416.5783690561,25780.957991161013,13
2024-02-04 17:00:00,1286.31310271079,1288.5480789390892,1283.2067972823988,1287.3350248901681,3845.1149771612177,19500000,-8.976681090418924e-05,182973330.87404907,1287.3350248901681,1288.0675647175958,1.3999725786423227,2442.923113522019,1854.5296892034,25103032985.358276,17712138285.461136,1.0302240020099749,16985854.584272552,179516.82252384737,618538.2551412715,16278.905418716024,8
2024-02-04 18:00:00,1268.5110884761032,1270.9304836154772,1257.2594176525404,1268.222572524435,5828.749753549451,19500000,0.0006616704026909,194313119.4087783,1268.222572524435,1267.2368180695794,1.0087424886082748,3476.5024441293835,1945.396951586715,24730340164.226482,18205509378.033195,1.0043132700479116,27965742.12941239,164084.4081002795,481222.0658362385,25606.43910489541,11
2024-02-04 19:00:00,1247.7002269670693,1255.669674016999,1242.3733075594532,1245.864230412001,1625.4738995318469,19500000,8.569669551583831e-05,207282792.66083708,1245.864230412001,1245.5226685175198,0.9756715675487634,989.3648538401144,540.2939758883251,24294352493.03402,14017896169.23547,1.0451783237193697,40150768.67110204,152528.56532493234,656177.5101575073,16610.024129420817,19
2024-02-04 20:00:00,1236.7397340695236,1245.6647329603184,1227.1447262532995,1237.8849155572093,2801.285196415843,19500000,0.0006305275985541,184648089.11523446,1237.8849155572093,1239.410933420406,1.375122401950042,1360.6465947530255,896.9893430671705,24138755853.36558,17908981915.713245,1.0072890903394254,9635499.794752195,95927.23683111956,559642.7058738144,23228.233611828007,16
2024-02-04 21:00:00,1276.40182063801,1281.7761732133729,1272.4348816014656,1273.8628721032587,3287.77404340337,19500000,-0.000319517573207,223954870.18016845,1273.8628721032587,1275.1661162427388,0.9967956202022776,1778.7324927056643,1348.65748587884,24840326006.01354,11285152895.596313,0.9993999553795986,28633623.529067267,100036.35855445598,462979.4398117043,32879.635841448435,15
2024-02-04 22:00:00,1319.0506534401663,1322.8691319815503,1315.246686744347,1321.6773493927892,4593.002486270318,19500000,0.0002554554648353,198368342.26682734,1321.6773493927892,1320.4111290944827,1.0833528049367052,2087.570796092303,2029.4915477585068,25772708313.159386,14116120099.903059,1.0457836242632408,22990969.91508375,245703.2547148868,382842.3737555672,24734.52650163377,14
2024-02-04 23:00:00,1313.7319145538038,1319.4252860036825,1305.9521308782537,1312.9583382957253,2510.405198594528,19500000,0.0007213247797649,204575155.39043963,1312.9583382957253,1312.9067950803458,0.8605705713560625,1189.86719130687,937.3186369303564,25602687596.766644,17473305675.805458,0.9538460096488904,13835919.843252856,140592.98295093203,384495.1696023149,19772.79978149072,13
2024-02-05 00:00:00,1366.602384144824,1371.4230039735883,1356.9248806785197,1364.085265642122,1363.8851777693685,19500000,0.0001089252233976,192993939.65190333,1364.085265642122,1364.4992968707113,0.7602557318609384,582.3176137064526,552.2415435104376,26599662680.02138,14843406816.56049,0.9824391308619098,27573033.564470712,207192.81391488208,492183.4820734303,25911.012056468324,9
2024-02-05 01:00:00,1366.9948671759585,1376.8435068155984,1353.5826858933106,1365.192710431152,4066.747340671255,19500000,2.079865231966115e-05,207839255.58602983,1365.192710431152,1364.6362516174072,0.8850843513105245,1781.3655601453845,1227.6615952169795,26621257853.407455,19334718735.113014,0.9733791108443438,25266395.0919282,109015.09977795788,455260.5706491019,14444.311199349457,10
2024-02-05 02:00:00,1419.4862096608708,1427.7054125145232,1399.9803502684133,1414.0662496219657,5231.2104955687655,19500000,-0.0002503255752795,223714518.37247905,1414.0662496219657,1417.5417412591205,1.5486679398397734,2422.8562949328298,2120.348447975191,27574291867.628334,14215635753.0048,0.9341476066428016,26428190.103613637,125277.35849069252,393247.6137195454,17125.806634081055,14
2024-02-05 03:00:00,1409.41595253001,1418.5100515627607,1407.9049057656148,1411.5712505136648,2860.364287995006,19500000,0.0004247029163305,195110189.4898308,1411.5712505136648,1412.0422406611942,1.1349676969114644,1642.0500802657195,960.3713154893574,27525639385.016464,18956908345.384346,1.026195292840498,23214175.388043948,192848.509870017,522621.0912307171,19359.121482828712,16
2024-02-05 04:00:00,1411.5134434832548,1422.3104177379619,1407.6827635044112,1415.4175876960883,3650.502271185111,19500000,-0.0001310384247922,226431930.36056215,1415.4175876960883,1415.4716393927197,1.0564423265506409,1943.39356666828,1235.751030322173,27600642960.073723,14090422887.874601,0.9832774475805118,17734862.364143927,158637.14099691005,445857.3184685367,27890.88114865484,12
2024-02-05 05:00:00,1423.1083266324983,1439.7229121712453,1418.0193167269251,1425.9440591139523,2351.372279162734,19500000,7.155743218300345e-05,187755330.85607544,1425.9440591139523,1427.7847404917134,0.8226086744851178,1128.851162683056,708.5903376157585,27805909152.722073,14156863549.03464,1.0271610412493972,14911701.120340629,186170.23815466237,523243.3666719779,24878.011652273763,15
2024-02-05 06:00:00,1521.7046383996776,1533.2132026512875,1512.4191827603643,1519.6972928387593,1952.98373501574,19500000,-0.0002703506839377,209598758.95941406,1519.6972928387593,1519.2942485478407,1.1999143271417891,1285.7150748495335,993.9010961765842,29634097210.35581,17298157689.99522,1.0116725947370382,20242642.054227505,162201.04422329593,363998.84977667255,25862.51588725081,18
2024-02-05 07:00:00,1547.486849153883,1555.1775424949863,1538.3117394416313,1545.9473238984,4980.137799775927,19500000,0.0005670683800292,205038239.3556706,1545.9473238984,1547.6593486494453,0.7622058199372251,2776.647480345557,2885.417797571174,30145972816.018803,22111533753.77617,1.0182142739988305,37628742.776780665,154520.49326233284,540307.8418465555,21846.26472975816,21
2024-02-05 08:00:00,1524.6975749491287,1532.0042705064545,1511.3341016307822,1524.3858177456552,3618.257820456068,19500000,0.0004464655932177,181015159.60303003,1524.3858177456552,1521.9959887158082,0.7309492186792175,2449.317549818365,1760.1509720337417,29725523446.04028,18597372109.706783,0.9863380155747806,29291444.17721041,137308.98674388297,489039.7795246056,17388.60014136305,9
2024-02-05 09:00:00,1550.880918388691,1554.7834878732756,1538.930461196928,1554.371904162117,3809.23743464384,19500000,9.052457523606072e-05,200571767.36225024,1554.371904162117,1553.8221942488394,0.8942432719267894,2249.3146650560134,1252.708167641155,30310252131.161278,19414015605.58241,0.9770725556804486,25955875.924088668,120752.6280922982,562144.3423903622,34421.44605606048,22
2024-02-05 10:00:00,1545.6854250137362,1560.2536533262746,1543.0274443446076,1543.3183842296175,6317.365658116502,19500000,-0.000246244680676,197286428.25613672,1543.3183842296175,1545.0917657310738,1.4783079879674128,2556.8670692870155,3770.802930984784,30094708492.477547,13630489403.853626,1.0026928262565915,17604597.484769687,231116.0680566065,537931.2808068017,17866.128982228773,19
2024-02-05 11:00:00,1524.6844570109404,1533.3065486607968,1517.746810951311,1528.4282036575712,1759.137362336562,19500000,0.0005607721147727,184161294.5039259,1528.4282036575712,1530.980980959405,1.461668872794698,1185.7337102302004,1042.5977059700808,29804349971.322636,13918171298.858139,1.0275750454992452,22977175.994127024,240825.35374970292,434959.9860980765,24977.025089937364,15
2024-02-05 12:00:00,1560.220462916897,1564.2136768450023,1546.9913783928187,1556.6123923528169,2261.959757668405,19500000,-9.779518114144132e-06,202898842.7002152,1556.6123923528169,1555.5643319022336,0.913705119774638,1486.6481707632056,996.326230342859,30353941650.87993,14268787195.70793,0.9984885398354876,35835190.00423373,125533.0389300023,428019.95267263486,21298.003268786317,9
2024-02-05 13:00:00,1566.63849398243,1582.2956189198494,1550.564474476584,1557.7362233072402,3225.8981107611144,19500000,-0.0002315614522452,199491277.1818437,1557.7362233072402,1556.5058895345505,0.8738558890087424,1905.1553155213876,1072.1619655881786,30375856354.491184,21138335247.39874,0.9789419103210312,32654440.622212697,123497.99801306627,631975.6845137377,26079.32020940031,14
2024-02-05 14:00:00,1567.7442152243598,1579.0114309747871,1564.549369959573,1566.5960533844056,2248.106040898793,19500000,-0.0004286354037417,196028565.80255234,1566.5960533844056,1567.6416723280693,0.7203108614674841,1259.9107147049308,1160.5213310489694,30548623040.995907,15917532223.664793,0.9640294572580492,22047248.298286628,149202.05116238707,417435.9115095764,18367.79070362984,17
2024-02-05 15:00:00,1569.0186934598821,1569.7618399168755,1560.9618316980889,1567.1910098039893,4409.727907845661,19500000,-9.378953956813244e-05,196091453.6695685,1567.1910098039893,1566.3713157860518,1.0157285569498469,2363.075386849439,2594.86232449876,30560224691.177795,16766911753.909698,1.0061248904597149,9388696.706609866,177213.19064983248,513850.0342811698,30206.220176560088,15
2024-02-05 16:00:00,1576.3787844411347,1578.910697094169,1569.889531398166,1577.9341849966345,2714.329904451164,19500000,-0.0003363914367589,195755518.79906556,1577.9341849966345,1577.6681801373727,1.0329332293067497,1478.366442692177,1448.3932579647303,30769716607.434372,19476794716.04473,0.983377973952144,20371325.437187828,155522.4616392743,409922.1741687895,33305.68475462533,13
2024-02-05 17:00:00,1585.7997201669755,1591.9677262665507,1582.8229215940585,1591.5618531026155,1814.8055323565372,19500000,-8.684625095684737e-05,191454729.00034553,1591.5618531026155,1593.1158620931649,1.1710622593031037,1144.7179753236762,884.2836978434091,31035456135.501003,19402941844.175255,0.9978477823783078,21998835.964232843,184403.21342062493,304864.7101711387,29655.32325538009,17
2024-02-05 18:00:00,1529.3920861533497,1540.4194914589627,1517.8251849976161,1531.237899616359,3080.6190240066817,19500000,0.0003233226201093,199388279.28537324,1531.237899616359,1530.5578735245692,1.19978395449582,1706.485744273304,1488.7078208763642,29859139042.518997,17114029773.81901,0.9928366365325402,18564013.95690359,160763.20149236717,346117.01151526254,23093.06414108592,11
2024-02-05 19:00:00,1548.5511681174,1553.0540317399825,1543.5741141307162,1551.943391210818,3245.96960891174,19500000,-1.2620049192569978e-05,187270521.6459075,1551.943391210818,1549.0483560439277,0.9612849657483984,1469.7990902864865,1926.0786262882475,30262896128.610947,13657344264.444109,0.9866670707594636,22619153.221270613,158156.79836681733,479828.5717818041,19330.944370240715,17
2024-02-05 20:00:00,1517.50775310653,1536.1175319856345,1508.5698253073388,1521.9121808878224,4756.850323425352,19500000,0.0002067080146341,243864345.00731802,1521.9121808878224,1520.0842358549992,1.117624638871472,1985.762723137026,1531.400419327536,29677287527.31254,17357674855.131596,1.0088141068227854,36991471.99898281,297529.80510974844,509011.7297288277,51360.95514022234,14
2024-02-05 21:00:00,1483.8801435464666,1497.7827136574513,1471.1595930940875,1478.7861395274658,3628.484879547764,19500000,-0.0001170003978596,176147319.69761083,1478.7861395274658,1478.9487403235923,0.8692471614903683,1588.7534504727198,1251.34399058331,28836329720.78558,19368347193.91124,1.0166351225243233,26288951.7955251,142728.4548815168,480144.6452904235,16358.658967109412,16
2024-02-05 22:00:00,1478.0134558202942,1486.0842084028848,1464.2458898834207,1477.2073068095303,3753.9849034449794,19500000,0.0001195507199092,188159209.23988882,1477.2073068095303,1474.6023652496092,1.1133889884225316,1784.765799382296,2061.8515573821164,28805542482.78584,14995352944.622286,1.0589583683395234,39644244.005748264,245238.55831908723,556370.6012946869,28691.86366367859,16
2024-02-05 23:00:00,1480.9622677669909,1490.0944576693264,1478.0328912000057,1479.838515155953,3498.696823511463,19500000,0.0006762702466258,189352049.83317283,1479.838515155953,1479.5467495767723,0.9035295931028766,1785.4557901779492,1201.9210490028504,28856851045.541084,19117877447.309715,1.0227390314405354,14595576.655781617,233681.8296885193,478423.7050337637,24339.00451147291,18
2024-02-06 00:00:00,1458.698516855259,1463.8611078047961,1457.0317640485514,1459.6006153240373,2713.2127799675204,19500000,-4.545823408068947e-06,232132149.96845886,1459.6006153240373,1457.7146704538698,1.0962460957006634,1811.679470771436,1125.953312046005,28462211998.81873,12937380230.47421,1.047810469884224,23618769.768628556,184614.1733189629,378871.7585007164,21617.0744963815,13
2024-02-06 01:00:00,1483.6980925292726,1485.160734608315,1479.2422553270042,1484.211246938939,2083.6791711642995,19500000,0.0002153288312858,177408782.65495324,1484.211246938939,1486.7936839819165,1.078639219834414,982.925994213451,801.0699923111487,28942119315.30931,20907854755.40015,0.975441988857948,12285976.671443062,100555.69588513188,498251.5935155196,23284.632717035955,15
2024-02-06 02:00:00,1447.8319404670683,1458.509128340866,1438.8130561965293,1445.0443035293974,3444.104390193477,19500000,-0.0003696581682405,204004312.25484592,1445.0443035293974,1448.3175349326455,1.0138558396982027,1707.8609950922012,1284.7660220565722,28178363918.82325,20711428922.613068,0.9519716568781892,22498223.180832487,164023.3988577109,457678.19822886906,18900.344133272207,14
2024-02-06 03:00:00,1433.3816312319168,1434.9334161222066,1429.1023814768366,1433.474340091681,2523.589614300836,19500000,0.000556031836725,201127467.45228192,1433.474340091681,1432.1007891327233,1.1722300304743896,1178.2749984566894,776.5503788932846,27952749631.787777,12599378903.27135,0.9995670923283952,17563174.747931503,143103.91313825268,394308.31159422704,25037.166577820117,13
2024-02-06 04:00:00,1418.4496058990642,1419.663197920906,1406.1317305656055,1416.945676936543,6938.988615337466,19500000,-4.3161988683459553e-05,202503168.3627556,1416.945676936543,1417.4511846059322,0.7304607246416674,3911.664326209613,3260.4599059277925,27630440700.26259,16228615675.368898,1.0257408173244729,44548054.44332716,163574.31186140783,486262.49016199686,24222.744976191607,15
2024-02-06 05:00:00,1415.2126357840214,1420.1738248976933,1411.7416025810764,1415.7676288640357,5831.85929710474,19500000,0.0004151600949719,217668834.78691718,1415.7676288640357,1414.549497112521,0.8081696790817311,3412.372554913292,2451.549518112963,27607468762.8487,15850733829.838064,1.021034851544783,31435950.256327037,124773.86549660796,449492.3137549166,49182.63863224255,17
2024-02-06 06:00:00,1422.8538717431302,1424.0056951968327,1421.647651033335,1423.8282056160447,4090.4880362132985,19500000,6.304591127232842e-05,217311910.49669078,1423.8282056160447,1423.530176157964,0.947420799241262,2289.1936053748336,1904.0283605692025,27764650009.51287,19506471522.06257,1.0363414471697971,40044812.77995606,196627.13278365985,391993.24630975263,30371.096573756196,21
2024-02-06 07:00:00,1391.6269217533943,1401.6109708914778,1385.8683721968819,1395.5537704905187,3601.960176186096,19500000,0.0002834738095062,190183767.51322564,1395.5537704905187,1398.2101642881605,0.7492723993514023,2469.348995810821,1409.635982793587,27213298524.565113,16660429761.061703,0.9239036392304438,22473306.29880796,208198.297267156,426951.9878631855,25713.330467423384,11
2024-02-06 08:00:00,1410.4567898351077,1426.079176791219,1399.5486091543796,1416.0580046168845,2852.697949753561,19500000,0.0003013037281633,200254437.24815744,1416.0580046168845,1415.538752363675,0.9218498668431984,1992.933028958929,1661.5204202220266,27613131090.029247,17490423450.091618,1.0375893068465265,17746354.409370873,218055.75708570136,586960.8650156526,26177.81774000641,9
2024-02-06 09:00:00,1417.2434390126602,1429.3482302476145,1405.1889056724388,1417.9852208327504,1586.7419966750954,19500000,-3.573210185381507e-05,169853990.01143876,1417.9852208327504,1417.7214224607771,0.9278120871314604,1033.3162141315772,757.5172263661884,27650711806.238632,14122650851.920166,1.0100638787928893,17521735.704114236,147924.2091002401,583137.078177561,38248.56402227745,21
2024-02-06 10:00:00,1365.623454310544,1373.8760165873337,1355.455567548895,1365.4691653288241,2675.55974615436,19500000,0.0004275719307285,198739473.5711493,1365.4691653288241,1364.3187175935375,1.2994443595042025,1716.6092831622782,1574.1979882728035,26626648723.912075,12597584078.895386,0.9536795996462496,29673163.770741474,124884.3920192899,459378.0681321707,16463.021614779078,18
2024-02-06 11:00:00,1309.7688583260644,1324.2673128430056,1302.4618323463253,1313.1466129290454,3135.989448106337,19500000,-0.0001276954591979,185035591.6847767,1313.1466129290454,1314.7830422893942,1.0289169461829124,1598.777072843574,1270.0813282307638,25606358952.116386,16841285104.903635,1.0217058654018645,55043949.39038958,177712.1444285194,447509.6727635212,20851.479352567425,7
2024-02-06 12:00:00,1312.8638730520308,1318.2915894776963,1303.3562218281256,1312.9544009035665,3343.348862933613,19500000,0.0003333802660082,194252091.1050192,1312.9544009035665,1308.801175965256,1.2286130299434983,1918.8651029957596,1005.3010755051248,25602610817.619545,16288452627.798765,1.005084477304989,31469545.38822827,252462.646105277,332166.22574240086,12429.87777879278,14
2024-02-06 13:00:00,1307.4360671849267,1318.5332195532048,1298.3877513035643,1307.2955262146868,3769.7659018267454,19500000,-1.7061588249959287e-05,172300078.4941844,1307.2955262146868,1306.84738880985,1.0621922616417794,1905.39698284652,2014.486256668069,25492262761.18639,17836901079.650078,1.0114368789573416,22969339.389314033,165602.7966300608,623979.6425328159,26046.32995596749,15
2024-02-06 14:00:00,1299.098779583376,1311.3328564532194,1296.0541255208818,1304.7247736989736,4725.199678046045,19500000,0.0002048673845896,203661057.91055772,1304.7247736989736,1304.7953774525565,0.8984057689247651,3001.951268762524,2590.418992571429,25442133087.129986,17896124495.103455,1.0299732745094607,24743405.42992173,182238.9963792036,544306.8217825722,28408.74005339008,19
2024-02-06 15:00:00,1301.7383216476965,1307.0338662405125,1294.5688820880052,1304.1251958993284,2108.902532022459,19500000,-3.859790070627826e-05,172145810.41155198,1304.1251958993284,1303.393480816622,1.0271041745123115,952.2735501023066,669.8106825049704,25430441320.036907,16257950245.709259,1.0129082610529214,26352080.16686024,153471.34307715137,514211.6932090657,16339.160405631254,19
2024-02-06 16:00:00,1311.2198157955609,1323.5996406045444,1300.0565013779812,1310.1526600481225,2118.497089879733,19500000,0.0001149927924119,199523119.49916774,1310.1526600481225,1311.4150517581543,1.1570634268296218,985.1043548096294,1033.0019941432467,25547976870.938393,15622802839.868387,0.9558152470459096,60022792.936333574,143506.04640577902,280703.3948714228,33878.09791616255,14
2024-02-06 17:00:00,1336.3880305766465,1340.0627084221778,1331.1196250673574,1335.3543094919964,6157.51360733196,19500000,-0.0002224081105075,178742621.22183898,1335.3543094919964,1337.0929772367226,1.2695725452710676,2534.4832233048824,3068.3220354963146,26039409035.09393,18857804619.269592,0.9957092119065128,43707109.36729077,191869.1646572036,446049.19612461,17753.4652679466,20
2024-02-06 18:00:00,1303.1241101206433,1306.480054513642,1294.6020283720602,1306.1378270174255,4383.009178790755,19500000,0.0001742670954066,184213620.55622077,1306.1378270174255,1304.4241225791118,0.9738850385061472,2553.900124787381,1506.5286167162717,25469687626.83979,17583743606.10238,0.9514706448744732,29608188.155362368,158495.78964065356,431306.5021985297,19875.827369199043,12
2024-02-06 19:00:00,1276.410667698006,1279.5081850700183,1269.8625856560784,1276.006306274697,2451.8902310200806,19500000,0.0001132563504878,216252329.17159274,1276.006306274697,1278.805209077638,0.7192817539916155,1487.2221615304982,1141.9859353674187,24882122972.356586,17783937509.159794,1.0194718564167669,27881409.35613188,180030.35020021707,507150.5025128583,22830.891190146063,19
2024-02-06 20:00:00,1251.0852524907323,1255.6728264923418,1242.2501352819227,1248.5322357329146,2825.3694548965773,19500000,-6.204606622174176e-05,206665342.88578483,1248.5322357329146,1246.8801044344914,0.7092406052011113,1132.997692203658,1053.7488431504182,24346378596.791836,18229406228.02069,1.0419391072475213,30078442.057346247,184771.77878381987,404252.045450139,35534.484872985304,11
2024-02-06 21:00:00,1257.8449793213354,1262.264413672451,1254.7621430872493,1255.8931381272937,2831.729760370639,19500000,8.349161008291116e-05,216156698.2001992,1255.8931381272937,1257.6371098718034,0.9368027585758376,1566.6140788711073,863.4949613830956,24489916193.482224,13985009164.863073,0.9627564411234302,32517474.312600665,177527.2167213698,422378.8574386958,17026.745553053872,19
2024-02-06 22:00:00,1287.4394729573062,1294.440933221795,1278.8623301955474,1287.6848690896607,3028.3919896247035,19500000,0.0001402013428503,223373558.2098456,1287.6848690896607,1288.0065684369445,0.6265164172819885,1553.753945886663,1696.121577430967,25109854947.24838,16700072339.294348,0.9798560871840276,22618952.636993993,187112.2213192367,500760.18248566176,24037.59008581212,10
2024-02-06 23:00:00,1275.5567516020826,1288.0270684890518,1264.514422174874,1276.7517307380451,3775.701778969455,19500000,-8.490711597953367e-05,185348947.60758424,1276.7517307380451,1276.2363046636044,1.4319267187150777,2407.8187698480806,1689.658833503972,24896658749.39188,16342673314.904411,0.973528920366335,19037976.916558743,131498.21637371424,378997.2873239168,27790.55035030516,10
2024-02-07 00:00:00,1213.0352181438682,1218.1146112185218,1211.31960681064,1214.5639764227344,10588.209747212066,19500000,6.137242728109925e-05,222290499.17020756,1214.5639764227344,1214.1882304944536,1.1268055092314853,4358.818911642582,5659.5011360585295,23683997540.24332,11895117571.377094,0.98638284184185,40324347.88940356,129507.31705921526,394427.8304798757,26122.2063376147,17
2024-02-07 01:00:00,1175.0850055382261,1181.2045028656048,1169.688545913852,1173.9865772468136,3277.637870751971,19500000,-0.0002016655822684,175357526.04419997,1173.9865772468136,1174.0646323381366,0.880616188888773,1358.8093705675756,1694.105834906647,22892738256.312862,14673434359.399384,1.012372694745966,26919755.991181593,161029.78040935905,459854.4603925089,26413.23026278148,18
2024-02-07 02:00:00,1155.1551747348637,1159.0843074596853,1154.1426344847348,1154.7045998243998,4151.807560783149,19500000,0.0008037199116883,209297225.8719828,1154.7045998243998,1155.0607313481614,0.800971815798587,2433.2196719202425,2483.2441729959787,22516739696.575787,13024285301.017376,0.9867079263369652,38999878.18300391,162001.3050319235,578212.7391037528,27679.57530681963,17
2024-02-07 03:00:00,1143.447694855025,1152.844239959368,1141.6717242241257,1142.010123361719,1282.750201498048,19500000,0.0004177355980624,189540046.8307935,1142.010123361719,1141.0734987897338,1.228291057556919,740.7775385770991,553.3605055797178,22269197405.55352,13031726706.762182,1.0195759051809707,51548898.76631332,142831.27154450995,520057.12871920527,18649.65978134548,14
2024-02-07 04:00:00,1133.132494018756,1134.9183279768931,1121.622526734185,1132.833711816337,2339.166629339776,19500000,0.0001819282316894,183028766.93892166,1132.833711816337,1132.68198011692,0.8003329654192181,1518.8840660681622,1001.7836223060416,22090257380.418575,11134404189.148563,1.0319613931022793,32861877.322973344,172862.20861124573,548575.8381587442,36546.25275244567,11
2024-02-07 05:00:00,1135.67820998435,1136.8537535466435,1128.2264592866488,1133.8215455690715,5510.482692795941,19500000,0.000451633878243,207104798.41117167,1133.8215455690715,1133.0611222724085,0.8157516239873326,3183.296009783696,2118.927560589096,22109520138.596893,14889032933.788206,1.0330527778398784,30799139.15617475,204240.675176308,448051.4556857616,21304.107650545146,17
2024-02-07 06:00:00,1127.1001172063814,1132.769377295165,1122.8806296847106,1126.8869270288124,3645.167860618643,19500000,-0.0004937757430051,212653370.23148674,1126.8869270288124,1125.6303922937632,0.8579673893171673,2496.251953904646,1777.1803173214032,21974295077.061836,14489461160.747795,0.9664545671389104,95982371.12523416,219011.1604673665,596608.0265277205,20472.65841601814,10
2024-02-07 07:00:00,1152.7078636482483,1160.4527646842434,1147.738099698809,1150.9016645491506,332.1021849544865,19500000,-0.0006673039213502,212148991.77425456,1150.9016645491506,1150.0761093167912,1.0230797929638429,164.16322196245045,148.0623625567756,22442582458.708435,13682951707.372824,1.0415778683341816,28987810.081419587,231669.12982531585,312313.7327039856,33000.818738358175,15
2024-02-07 08:00:00,1137.5370876223596,1146.5864818261496,1124.4307205723737,1135.5593457515934,4175.592741243294,19500000,-1.978731852497184e-05,200588619.05514172,1135.5593457515934,1134.367037244634,1.1321964281513288,2168.7044173480795,2165.580717887509,22143407242.156075,11005622321.16264,1.0439821685462871,17250629.3202894,117160.4432515676,662945.3541537714,18230.11069771246,25
2024-02-07 09:00:00,1114.4585001022094,1122.8363278484032,1111.647269781388,1116.254613227114,7778.215318232891,19500000,-0.0003135692430806,199262675.63654768,1116.254613227114,1115.8972388288091,1.2693874314699292,5392.655347465522,3165.372021653768,21766964957.928722,13431511111.819849,1.046580397937115,23845064.469028573,121692.22089222058,680342.6144441948,24247.85544530158,8
2024-02-07 10:00:00,1123.033666173621,1135.8317543686542,1114.8837165712378,1127.109619270129,1098.8793941558074,19500000,2.901834266550124e-05,205658427.80544087,1127.109619270129,1127.7097768581025,1.2324379240566414,474.9986102863553,372.798595363181,21978637575.767517,10550625767.472591,0.9952655554084692,49637233.771318294,151386.07663269556,484718.3453085893,17732.415233979485,11
2024-02-07 11:00:00,1096.5028478786085,1100.8089248546346,1090.0265359348468,1093.128376199866,6372.160364821752,19500000,0.0001616969921784,202020357.96488798,1093.128376199866,1093.3696409509391,1.0001547538200857,4070.3541538406826,3560.3212110103395,21316003335.897385,11762418073.561401,0.9774447258006916,15901292.705818,166054.5512349871,522537.75965231255,46899.89636045392,12
2024-02-07 12:00:00,1102.3570667109607,1102.7193857968061,1101.0148505193094,1101.7914978962415,745.4754365391912,19500000,0.0003761243495021,205896952.99475765,1101.7914978962415,1104.0769933348718,1.2264261792294129,300.7774323991832,408.829227622577,21484934208.976707,12068245520.418898,0.9704727642555976,19748617.850100543,153337.32300182004,439063.806763748,44028.67279149407,11
2024-02-07 13:00:00,1100.3779249718875,1105.4459992750608,1092.859299939237,1104.164072428873,4764.7458247083605,19500000,-0.0002414791952825,200414416.48575282,1104.164072428873,1101.8337860345744,0.8744152315900361,2601.33192201132,1931.1517502219867,21531199412.363033,15395402223.384676,0.9669466034027554,41539221.22474753,141752.8273544705,424253.45522861904,21309.914344123663,19
2024-02-07 14:00:00,1099.4510879504496,1101.4492959762756,1099.4331575784402,1101.0229512494236,2968.0952230007124,19500000,0.000219889205848,210922349.57420734,1101.0229512494236,1101.649808720312,0.6947708480005853,1323.8319126226168,1505.1374573815242,21469947549.36376,12338105186.2024,1.000350712199946,23936849.491477337,150828.006973958,391533.3300149652,25744.007280867507,14
2024-02-07 15:00:00,1138.4273400561972,1142.1721245066003,1128.991555135146,1136.6726033334887,920.589653429726,19500000,0.0001043169079456,173103680.41859996,1136.6726033334887,1136.7935683030596,0.8743922421632413,533.6276278580967,412.1672022797344,22165115765.00303,13953848270.238447,1.0254355556947128,25532931.069483466,183657.6040681909,438097.86336747,22060.85260694624,14
2024-02-07 16:00:00,1122.0995923795756,1128.290612186254,1119.290117582897,1122.727594171102,3725.9193793920695,19500000,0.0002042527929799,195110384.0153615,1122.727594171102,1123.755642531647,0.8510774849953893,2382.542839211781,1968.3720189808375,21893188086.33649,15597444913.698519,1.0391967532296202,40993621.291239835,116727.14407851838,494442.7723918797,19839.301101460416,10
2024-02-07 17:00:00,1168.875753466508,1174.2432314497803,1160.154722002237,1170.0740530271114,5299.776212414571,19500000,-5.5931585226079935e-05,176506839.93202424,1170.0740530271114,1171.0293777778743,0.8812645499945577,2172.4455273663034,2210.217137866712,22816444034.02867,13181694737.211088,0.9854332865091294,20032157.915017627,292388.6803300228,481170.4101654342,22831.340393393795,14
2024-02-07 18:00:00,1168.1908348996271,1174.7397065878479,1155.959957322091,1164.926984736614,3575.797481182577,19500000,0.0005149405419586,201583464.13524175,1164.926984736614,1164.8512740930962,0.8254100829955162,1606.0044234429809,1647.3404729751294,22716076202.36397,16244517241.730995,0.9988393519875912,14829617.561882518,163611.23687483466,658237.1885915573,21759.80129867043,11
2024-02-07 19:00:00,1133.2859249208523,1141.1227671676043,1125.079719502,1135.664658920632,3993.4620626185338,19500000,6.894740547108214e-05,224847357.83412173,1135.664658920632,1135.9742993490531,0.9119027617175656,2007.8452928762133,1267.304544242852,22145460848.952328,10872056978.21515,0.9968743733979566,15310103.347004736,211654.78389607088,451375.51934368553,13957.883844705597,15
2024-02-07 20:00:00,1135.5520173042833,1145.0783066577205,1135.2739950907921,1137.3676048499083,2426.395116768389,19500000,0.0006322546670511,189832207.9118741,1137.3676048499083,1136.6350613918537,1.1320197683313111,1156.7588551953388,855.2387525903273,22178668294.573208,12407921341.216623,0.9809415925040458,33675801.587468624,140786.35060187432,328481.0036650233,23834.919648316376,13
2024-02-07 21:00:00,1113.7294554288105,1121.1576095009818,1105.424389876782,1113.2587997218313,1175.3310392021838,19500000,-0.0001371165961046,199187682.96023265,1113.2587997218313,1114.0533102390332,1.4092412239975949,605.2554850795532,628.2493270203066,21708546594.57571,10385763237.599667,1.0220724858928183,29598396.448292594,187885.384340362,614683.0968119967,21748.76249782014,15
2024-02-07 22:00:00,1097.6121613532616,1101.103272112831,1085.8962156121108,1096.7556940132902,4213.007369341874,19500000,0.0003228482019866,209471205.39064753,1096.7556940132902,1094.8047015741809,0.70817127914368,2888.271396268903,1746.1636672868076,21386736033.259163,13222967389.368446,1.0108854473986968,20227453.03735135,166878.74806635428,346559.2727630688,24189.16626697513,16
2024-02-07 23:00:00,1106.7074128773788,1110.5389939193135,1102.9273992743583,1105.609889342832,7150.066667161727,19500000,8.209945583184143e-05,167109538.0299642,1105.609889342832,1106.57931732464,0.7729453547078565,3077.1158343615866,2220.321837234688,21559392842.185226,15893252779.31584,1.0042546952535882,16786092.227616277,201632.51733399375,395585.337819868,21520.14316001516,13
2024-02-08 00:00:00,1120.1130054422542,1126.6673222935203,1115.0091460210258,1118.0753398694876,5243.740859617972,19500000,1.6772749999708923e-06,189104261.2368876,1118.0753398694876,1118.1612377469341,0.8536028401444371,2763.370850353978,1836.8346301680897,21802469127.455006,14108062739.69979,1.0107491631758778,23946881.29922342,154869.52551526198,467123.34707288817,19769.55072773828,8
2024-02-08 01:00:00,1104.7979691763696,1111.3873429691362,1095.375108221654,1104.3593648575493,1103.301232864591,19500000,0.0002896946021402,203004592.31512213,1104.3593648575493,1103.9319092712897,1.1654978974324883,592.6133352937602,467.2253547327866,21535007614.72221,13735516382.724157,1.0184635374387243,41707220.31205096,239879.23586107203,480909.80525993626,28637.51979771082,22
2024-02-08 02:00:00,1127.6003589983957,1131.1489163543358,1124.6909127108602,1126.4977791576569,1397.6573552912348,19500000,1.0247956243123147e-05,156382944.2779699,1126.4977791576569,1126.3484808028156,0.9598392191539148,676.6095813374337,720.3161669319628,21966706693.574306,11718086738.739683,1.0181631105739115,19100990.01116064,112082.00144358256,331343.98230706673,25846.75450815256,18
2024-02-08 03:00:00,1152.3981416677123,1156.8044276827284,1144.7855876670374,1152.9958760817772,1952.7933800633143,19500000,-0.0006985896011471,182349042.95410413,1152.9958760817772,1152.9276230674172,0.8651764152138853,944.277080672278,798.7813690369535,22483419583.594658,16397877991.99093,0.9748453013163444,20470682.477734447,206352.97607725812,381057.4967108411,33483.705281851246,18
2024-02-08 04:00:00,1186.8646574821864,1195.1020324507103,1177.7558296686693,1186.7158473420816,1344.143484062625,19500000,-0.0008188604369522,215322302.3136154,1186.7158473420816,1188.3740498581944,1.1541297555015666,825.8762319055575,703.734018068182,23140959023.17059,13686961700.17494,1.0268898564622884,16574389.807174899,167657.74342750848,329010.02741414367,25550.67283514574,7
2024-02-08 05:00:00,1199.7257789103971,1207.4929334478975,1199.0220811582094,1199.467811335212,3047.5551554419644,19500000,0.0004817266480852,213643150.11309487,1199.467811335212,1203.4662296835686,1.2107960710850472,1783.8960185555086,1698.762636580397,23389622321.036633,12398853198.371418,1.0076609835304169,23037013.21468761,126174.14380437556,500990.5976195817,20758.644357630288,10
2024-02-08 06:00:00,1233.2792095548423,1234.9447630512943,1225.9223895345785,1232.7488855804,3628.983652760648,19500000,0.0004690775373639,203163852.06035796,1232.7488855804,1234.3759548679814,0.9962550380420012,2336.519694719869,1460.0888547213883,24038603268.8178,17940249864.44246,0.986961514150592,30547991.677093312,265140.848491498,560551.2631217191,26503.4596916663,19
2024-02-08 07:00:00,1189.1924469594564,1194.4372836804844,1180.5201604619688,1187.3578844962153,1458.076467996486,19500000,0.0006662022838767,211588459.54435733,1187.3578844962153,1186.8053762554798,0.8493840448324147,760.4189072518204,787.5255760255733,23153478747.6762,13358102739.079184,1.007026890743385,62186318.21145198,258376.84342379167,346498.0227167676,12158.892234432422,16
2024-02-08 08:00:00,1181.26053466964,1191.805719268045,1176.369970058997,1179.950445879762,4396.500794969516,19500000,9.474152551534678e-05,200592540.12800732,1179.950445879762,1180.8115522687224,1.0555436195874437,2558.8219717176776,1486.2995230793567,23009033694.65536,12918414943.732325,1.0103343243017515,29112858.615910303,96909.44975293374,539896.0989143784,41402.80729693721,10
2024-02-08 09:00:00,1159.884890130053,1160.3059941814483,1149.6186353431851,1159.7823259331146,4026.094071851177,19500000,-0.0002877904405993,206128331.00726086,1159.7823259331146,1160.6792194320367,0.9544179109232184,2689.7386035040718,1709.4193830838933,22615755355.69574,10414292550.509737,1.0324535100149237,26117252.367098093,170109.23981971492,532935.5352658561,23916.26482650249,18
2024-02-08 10:00:00,1160.7859188070775,1172.6101201173649,1158.8967429825466,1162.667407629792,2266.337650067414,19500000,-2.5875152795300425e-05,192253545.7365622,1162.667407629792,1161.7080201517463,0.9529406552698324,1485.3543904345242,746.2340945973554,22672014448.780945,11415098364.135801,0.9686153311454446,37684240.7824495,194155.6893623241,387777.05076310656,42418.368563222844,10
2024-02-08 11:00:00,1149.7254832350038,1151.6015840898433,1145.3832248036485,1149.5698975526068,2734.596048869629,19500000,0.0001034273546083,199005480.17632866,1149.5698975526068,1148.235477623422,0.9025961620346008,1848.6061197472573,863.4716638448672,22416613002.27584,15529274686.456873,1.0397495306096258,35253103.53815116,181757.0532516161,297593.6346675578,16969.9002823251,8
2024-02-08 12:00:00,1145.806408843491,1151.6830313978921,1136.082308636309,1145.870618356498,1124.5063430683804,19500000,-0.0002021114672855,187443546.99315488,1145.870618356498,1145.9126936611858,1.2032144087082524,540.541772915337,359.1203365057,22344477057.95171,13290685583.308773,1.0006949906892948,21178849.583758797,237727.99051895013,357092.02339587593,15751.74426673062,13
2024-02-08 13:00:00,1190.4060883160691,1195.4574150009116,1187.6777903907844,1189.946336889563,2524.678285368033,19500000,0.0005945724168921,218141953.95854598,1189.946336889563,1191.0264602263642,1.051245913757497,1756.2327541061798,836.7430360467973,23203953569.346474,17088839754.640291,0.984815402477542,67013318.127397515,225687.8608427429,392757.8262109964,24581.514289659597,17
2024-02-08 14:00:00,1191.2666547458116,1191.3873221639071,1176.2908674140192,1186.0326327074847,2991.9854827638364,19500000,0.0007718508638931,222692545.63931638,1186.0326327074847,1184.2395787677126,1.230154998367362,1929.5822257151167,1647.739593958531,23127636337.79595,10989460457.265848,0.983897257004286,26425091.843211412,173910.63235137166,602193.5410374098,24557.20131584389,20
2024-02-08 15:00:00,1194.755505873136,1206.9566032068892,1193.810822523084,1196.0083791369343,3243.3881821384284,19500000,0.000243484210219,220183298.03477135,1196.0083791369343,1195.2657800846314,1.3063868921988158,2070.716346411092,1502.0232419492854,23322163393.17022,14804513608.296986,0.9699589672497226,29330193.386203993,287585.61986308685,432068.52831161965,24378.90363888436,13
2024-02-08 16:00:00,1191.589936502268,1197.0107797297937,1184.7597101394,1190.5843950695084,3602.6986045857184,19500000,9.674087599054124e-05,190836806.6444949,1190.5843950695084,1191.385243697549,1.0961413550260115,2162.6047900718017,2104.755812007284,23216395703.855415,15462009127.695528,0.9477725534872976,33268359.602211893,205707.72521593288,361723.14478836826,23289.2663322295,25
2024-02-08 17:00:00,1195.056165612466,1206.4602074903773,1191.6095426956385,1192.5078667713947,3368.1566030210324,19500000,-0.0002884900935423,182685377.59743705,1192.5078667713947,1192.676873295127,0.9036660297396268,2340.802796324082,1554.067761094224,23253903402.0422,14797736256.254921,1.020321996410776,30643369.067271013,149066.28864162258,455690.76475817786,18243.51314511431,9
2024-02-08 18:00:00,1193.0044328941528,1196.425300343889,1184.6848103155899,1192.7706452815146,2611.8868009088283,19500000,0.0005639301688468,218377505.3634549,1192.7706452815146,1194.5792119463795,1.2312935044506883,1390.7486704939204,1276.202889405639,23259027582.989536,14163893448.317633,1.0594265920126589,49118041.72272968,141763.16630931987,341441.0990054035,14106.532427029248,18
2024-02-08 19:00:00,1209.2618700468888,1219.7374126642621,1194.1181013458238,1203.634050068445,3439.5553086746827,19500000,0.0001228920432547,205938982.71343884,1203.634050068445,1202.055643548567,1.097607642029491,2140.991759155818,1222.2294289742397,23470863976.33468,14633837153.674417,0.9514715395349256,21075344.552641682,222089.42070967177,490346.7191873967,23979.274338140447,13
2024-02-08 20:00:00,1231.2071879801385,1243.5039013846417,1220.7436684464603,1232.1387817248549,4919.764766493982,19500000,1.325068047681633e-05,202421892.4024951,1232.1387817248549,1235.1601892385436,1.68316097007474,2999.302052519856,2273.788867572917,24026706243.63467,15782299451.36147,0.9714871625220892,36503941.74703782,133487.2762601321,363839.1626600747,14991.256346765234,12
2024-02-08 21:00:00,1274.3641581022864,1281.4602308372105,1261.0419234892238,1273.5386777829322,2841.964914840241,19500000,0.0002443522266023,187424628.16815898,1273.5386777829322,1271.7073387876865,1.0639842388501086,1760.9572619359924,1181.0943720413445,24834004216.76718,17606789042.40796,1.02254749567436,28499733.21746385,146908.53043296418,374555.49378457264,14572.59677277714,17
2024-02-08 22:00:00,1279.5300970238147,1284.175033107353,1270.9314536002596,1281.5775600588167,3493.982371842569,19500000,-7.571345869675565e-05,204000093.72838947,1281.5775600588167,1279.1051871270865,1.1497420441770931,2185.274392867228,2024.520311337652,24990762421.146923,13767495818.599243,0.9986308927398572,39533824.673824765,153293.09587244358,476917.3143595901,19649.56462295901,15
2024-02-08 23:00:00,1295.9958928871656,1305.7947097423578,1286.0288820700393,1296.9076831468124,2715.997229652497,19500000,0.0001440625519365,180773542.86032432,1296.9076831468124,1296.9609694787616,1.0598048403112594,1241.8266334085315,1575.757399328861,25289699821.36284,14867719034.42358,1.0250325772682545,24485305.651700072,177888.69920187054,627843.8302383567,25064.247206611137,18
2024-02-09 00:00:00,1268.1551154426875,1275.1170088760393,1261.1134481601716,1267.5240560031218,2157.316876588654,19500000,-0.0003327400552536,207429668.82049853,1267.5240560031218,1266.2128544266227,0.9803754010476546,1088.8311385515815,775.6623849957509,24716719092.06088,15837803177.536947,0.9969483843055348,23194175.8411138,155070.54311833787,686634.5725820522,39987.72340755218,10
2024-02-09 01:00:00,1267.5666993091477,1279.5392428185917,1253.8748315703028,1265.424830959176,3871.664641485096,19500000,0.0004261261567757,220165224.35081378,1265.424830959176,1265.5023310626493,0.9495583379443516,2004.2686344301576,1881.7810141466612,24675784203.703934,13430160401.557392,0.9825811750220088,35762388.59570293,117096.92338946296,359340.9358510532,29548.190653988346,18
2024-02-09 02:00:00,1290.3992620596593,1296.0676255036958,1281.2745124905064,1289.5762678093843,2258.343881660581,19500000,6.867668765929804e-05,224651652.59494832,1289.5762678093843,1289.6101490027659,1.0606148306970866,1410.1097936797023,1109.8692905171754,25146737222.282993,12664773474.969805,0.993224736679806,30792299.765908733,217623.09740591148,392651.894876112,33859.174518553555,14
2024-02-09 03:00:00,1315.5411828839647,1319.0735905003305,1300.6423839840809,1312.2366695310686,3615.818224575303,19500000,0.0004476402581902,208669001.69788736,1312.2366695310686,1312.1109910979458,1.1098614085455547,2223.27403500643,1694.9528450527555,25588615055.855835,18931752893.992264,0.9285373173323213,19219965.861731704,147104.7707089671,490463.654815893,26798.427951783324,19
2024-02-09 04:00:00,1317.6835499918957,1319.7563972146968,1314.5810374955795,1317.9338659897442,3023.3709175727863,19500000,3.965914664751419e-05,176532611.0242601,1317.9338659897442,1316.9554173479278,1.2597050168317077,1965.2209116084143,1019.7797222746912,25699710386.800014,13066212487.862013,0.965695469630546,45709779.24445872,269677.968586939,558917.8987259647,24589.04052854735,14
2024-02-09 05:00:00,1340.749222034068,1351.0136746232874,1334.089214103541,1341.6405235546308,2560.691611528103,19500000,5.914008736480649e-05,200307514.6137791,1341.6405235546308,1342.3551566340525,1.0637177803039144,1630.022962552937,1270.6269456884324,26161990209.315308,13599523883.181086,1.028448381226561,35768624.49319081,175605.89000932503,286984.43564883195,46711.09961121602,17
2024-02-09 06:00:00,1362.337358190386,1375.608017439485,1345.1203913700667,1355.0095071353542,2529.883628255355,19500000,-0.0002636952284875,233981461.48838648,1355.0095071353542,1354.7150132785912,0.9115782554320452,1464.322357307981,1365.442922449456,26422685389.1394,16794412881.418242,1.0357569953253654,25903696.281327233,223418.47716904068,450209.0744696396,14811.264954946411,14
2024-02-09 07:00:00,1389.1648794342248,1389.55862114051,1385.256499484405,1388.0704201947894,2312.164791360341,19500000,0.0003279270919054,183934261.81929824,1388.0704201947894,1389.7411917977117,0.9367200638111212,1021.9411054622666,933.1152815689568,27067373193.798393,12808565012.61491,1.0421849816527695,22126476.06771479,190558.6649329457,401342.8805666668,19458.33720123472,12
2024-02-09 08:00:00,1394.25717101749,1406.604936061908,1391.3105507947212,1396.2663467570153,1309.105572548734,19500000,-0.0001627519862069,196238905.47504294,1396.2663467570153,1396.154125685597,0.7675225732285124,773.2056353094405,594.8124218784797,27227193761.761795,12530343813.060816,1.013226080393441,30867989.456731945,226107.10182166143,301099.41156810534,19919.333447846977,12
2024-02-09 09:00:00,1384.5820431727059,1399.3592032958559,1371.040239014495,1386.5072466475895,3609.9440319105097,19500000,-4.592671195976856e-05,220776150.9196931,1386.5072466475895,1385.3084067299897,1.3940912491747126,2404.6479228395824,1208.9644222735474,27036891309.627995,12685819743.859438,0.932317933771412,34752844.95598842,187697.0956449264,338597.18804714794,28798.169538336053,14
2024-02-09 10:00:00,1393.3591667379785,1397.0350558743005,1387.3034834370535,1395.9911123028428,3346.845075734601,19500000,0.0001003141558247,207148942.19713667,1395.9911123028428,1393.7746824835604,0.8974169275790118,1984.5195155787376,1938.5148020450215,27221826689.90544,13256460491.281275,0.9809498041243856,14103702.036432289,172610.38235180627,394922.6129361743,16421.832404909765,13
2024-02-09 11:00:00,1319.119062398982,1320.5723364650305,1314.2589108579348,1316.652789089852,4558.893074517182,19500000,0.0001363672551068,240442230.34955418,1316.652789089852,1316.5578460058157,1.2134749364393904,3048.47676658616,1517.4793304225852,25674729387.25211,14859482211.00935,1.039739670296459,31010929.823449668,213909.5461194579,447648.2308612353,27695.60131498874,13
2024-02-09 12:00:00,1325.9397386011603,1336.0883532580297,1321.5447272708575,1326.9067279640751,2285.3433368010715,19500000,-0.0004118290820653,185942557.91980913,1326.9067279640751,1325.3553025519677,1.0568683742788303,1599.0910821534774,828.4669707201707,25874681195.299465,18080662971.120544,1.048691627160507,34642776.35335741,303001.4980831249,541241.3475135086,26209.964700746168,13
2024-02-09 13:00:00,1233.970354138228,1241.966030102455,1228.753856008063,1233.6561111453796,7690.121120289011,19500000,3.075824035359505e-05,182160266.6225608,1233.6561111453796,1232.1140880654877,1.0626293612477529,3904.741051704378,2995.63702529716,24056294167.334904,13293305312.480625,1.0408794322902173,10413342.41371787,152139.13840280962,474904.7910429394,28113.47367127153,18
2024-02-09 14:00:00,1191.8252015757373,1192.7970099710237,1184.399114449904,1191.9766032838093,2465.4559182674093,19500000,0.0003385690655931,217456185.2595178,1191.9766032838093,1192.7245177158718,0.9767841575374052,1521.154024572484,1350.4216052118552,23243543764.03428,13440798237.872461,0.992912426056906,28862501.0709016,198537.1959971991,534725.006630521,27961.026645901587,16
2024-02-09 15:00:00,1204.675490335412,1214.7275767163592,1191.8125552938884,1202.9156430148946,1924.545623081972,19500000,-1.350141035717076e-05,179181105.6971934,1202.9156430148946,1200.8975474545032,0.8542257484100517,1081.5707561377774,981.8969724513746,23456855038.790443,14779585628.91364,0.960802724002763,35230458.33440045,162541.52220483616,444784.3634424703,34943.78446206124,13
2024-02-09 16:00:00,1212.5238034391646,1220.9380864120544,1200.5611639262409,1214.5806814739028,1813.7604034826768,19500000,3.258047373600354e-05,194090764.7487182,1214.5806814739028,1216.4173623378788,0.8238992054000779,973.0671124407756,547.9448740156164,23684323288.74111,12804771356.842745,0.9987810523012456,33663651.810895644,184704.9110417551,384235.4561098687,21703.68110069638,17
2024-02-09 17:00:00,1184.2348405901425,1197.5543003914183,1176.5171968314232,1186.7877927088832,1252.677824318405,19500000,0.0001487218152528,196137437.39529446,1186.7877927088832,1187.0960209434504,1.412968877687548,591.2139808059874,444.7863911527728,23142361957.823223,13417047326.29575,1.0004442105469078,36783401.2414528,164479.23979907867,426449.8309034949,25823.68499503097,10
2024-02-09 18:00:00,1170.6472215605882,1180.9253974144842,1161.932363290402,1170.1223109937303,6414.484698274481,19500000,6.22118702359003e-05,214207785.9137926,1170.1223109937303,1170.1880219840948,1.0230539429824748,3039.018503239268,3367.895387578048,22817385064.377743,12912210033.186016,1.0469669446027436,23407130.81157863,94898.60440843044,508440.49628101976,17659.606895833527,14
2024-02-09 19:00:00,1204.2058442668679,1213.9901103068926,1198.8893911749167,1202.7602244186037,5916.697369210526,19500000,-0.0002091546507162,207101453.293426,1202.7602244186037,1201.6359251261683,1.252389778914021,2695.006460419083,2491.819151913451,23453824376.162777,12959763932.16128,1.0068337390036664,17603623.72674299,154809.9199680412,543895.5120028125,16490.85884409145,12
2024-02-09 20:00:00,1192.08436645539,1198.2343165442355,1181.08081777074,1191.2920802333606,4025.371893328244,19500000,8.909616289992864e-05,204513204.16045332,1191.2920802333606,1192.3218001043667,1.3191418183176942,2372.735544779658,1239.2673330440398,23230195564.55053,13160322788.948742,1.000500435366423,12989867.306494877,208958.0447979954,429520.6348373772,37400.847193589536,13
2024-02-09 21:00:00,1244.0555986174793,1249.209373319793,1241.3460662344755,1246.072875288738,1904.463453364091,19500000,0.0003982219510017,190923510.2713962,1246.072875288738,1246.193862817307,0.9211159213217204,842.9458606438326,1122.0623760616138,24298421068.130398,11015332323.330433,1.0022048544443038,41303888.35279282,134416.48343852867,367389.160302218,17263.752717327232,13
2024-02-09 22:00:00,1247.838134384683,1254.1518896731313,1244.8239773235573,1246.1496394013388,7373.39728851341,19500000,-0.0002153527841801,217297562.4618364,1246.1496394013388,1245.419275281333,1.0883917556827003,3903.594063460488,2546.549291617001,24299917968.326103,17395781545.919266,1.0119957648928806,35349828.67526907,204891.6559331301,473132.9148435546,26699.326599715987,19
2024-02-09 23:00:00,1254.61707048978,1257.7530539502147,1242.4064346984503,1256.4863727259778,2500.236032098729,19500000,-1.2344566845745392e-05,272090102.79148406,1256.4863727259778,1256.8630983715273,1.009042796357909,1392.631399326477,1132.9569356184538,24501484268.156567,18209602075.337147,1.0187932025818471,42583332.49025756,170399.72697174668,486793.9406788957,25830.541241352217,14
2024-02-10 00:00:00,1296.558049260365,1306.4631140345532,1285.3539896892762,1297.9118716575576,2605.77935072679,19500000,-0.0003144893971805,208381371.18989152,1297.9118716575576,1295.8575556246562,0.7933881072599879,1384.8944457213863,975.850893126834,25309281497.322376,17937924343.470917,0.9782638769794602,19965600.24143901,155146.8500851251,566110.0750765761,31335.103582476007,10
2024-02-10 01:00:00,1298.9906910524762,1303.191346788769,1295.046369020992,1301.4477033461058,6115.79189544271,19500000,0.0003824145851471,198748682.56124553,1301.4477033461058,1299.4495553768663,0.9635836315241904,4014.8880550806502,3187.8002361643826,25378230215.249065,11463922222.734358,0.9682713881612328,36803830.054834224,204118.06314368505,386252.8266704955,13393.701061984086,20
2024-02-10 02:00:00,1279.06497118852,1285.6032054940533,1267.1316212838187,1275.7450784693158,4144.159581472413,19500000,7.229253794863635e-05,177725159.73772737,1275.7450784693158,1274.44358109187,1.124683112328909,2208.6331971703817,2208.910946105677,24877029030.151657,16798603526.60127,1.041116755642141,14628840.654593438,192963.80007011385,387100.8564911001,28777.87373508946,15
2024-02-10 03:00:00,1274.6885515532585,1275.381752352072,1267.1302668050964,1273.075764328288,8960.233531181848,19500000,-0.0001550598900817,187366919.799348,1273.075764328288,1273.6480465980867,0.905013108368368,3806.7518815237545,3755.8263330345535,24824977404.401615,15439399482.457876,0.9507687611669297,18845420.212059755,180798.19939632696,514644.7004462955,21646.31255362019,23
2024-02-10 04:00:00,1273.836069169367,1277.651367302153,1268.1854579274695,1272.296607130941,3375.710602926345,19500000,0.0001276796800429,193827876.2806936,1272.296607130941,1272.4196912398754,0.937096851141242,2355.097794577086,1679.5337914735308,24809783839.053356,11865340483.12332,1.0491324237761432,28063175.45529377,209813.65333675727,407792.31250240514,18398.552360851565,14
2024-02-10 05:00:00,1241.251448482822,1244.1321505625313,1234.6122145286006,1238.1629465464855,2444.2279867555358,19500000,-0.0002610800644686,188915406.28407776,1238.1629465464855,1239.5855700994468,0.965920862428714,1597.290957187784,1399.8633252372688,24144177457.65647,17621814804.60408,0.942679639082389,34790710.107773066,171231.98951822432,404360.9357694519,20429.899048677624,15
2024-02-10 06:00:00,1238.8972637968598,1246.578817614192,1230.2912678805671,1231.9670812271231,2195.351739089333,19500000,-0.0002100486594381,196916763.96813962,1231.9670812271231,1230.956880722311,1.5254750446830012,1312.8489797039274,1195.243306319377,24023358083.9289,16404713751.62642,0.9824637660150694,52230798.34147705,107886.33430611654,568540.582033143,30062.422116105423,14
2024-02-10 07:00:00,1209.786617187712,1223.4874910505941,1203.1410405425468,1213.9364007570337,1183.8201592771225,19500000,-0.0003380400589555,227308615.64522925,1213.9364007570337,1214.755404607014,0.6929414386878163,742.1334084860576,502.495332438972,23671759814.76215,11684117555.075815,1.0291556191175033,24240910.49393551,148074.34855609556,336313.4458842687,27429.439645546598,13
2024-02-10 08:00:00,1234.884710127123,1237.4196990041164,1229.3697558849283,1236.7110270464902,2593.3405560167903,19500000,-0.0002200337712672,217857395.939623,1236.7110270464902,1236.6938731813918,1.1055342030298845,1137.0688645802388,1121.4714933291586,24115865027.406563,17826747162.127872,1.000010256672348,18873663.02607033,103662.88205357216,667463.928405976,21197.17002999277,11
2024-02-10 09:00:00,1236.1659151468632,1248.2150702968247,1229.8344411971048,1237.6911840859354,5283.249745196408,19500000,0.0005072012751999,194680690.33715558,1237.6911840859354,1236.6477544806187,0.9505943908603652,3327.25564031489,2990.654748140968,24134978089.675743,11774481380.562845,0.9605056958871449,18489588.634515986,191825.46604061077,391395.140186365,15650.650502809767,12
2024-02-10 10:00:00,1228.7393094043878,1241.4283636581147,1226.0931312319485,1230.8337444076535,4021.5275070893713,19500000,-0.0001199354993847,179003427.3229056,1230.8337444076535,1231.4310774651867,0.8797381420000078,1859.2514279349175,1247.9276008498807,24001258015.94924,14074432830.805689,1.01279284462378,20265683.148637835,203627.97578097903,526152.1353268548,15985.488499993666,22
2024-02-10 11:00:00,1225.6982111529942,1232.549746992267,1214.1936769516356,1228.3455002196065,3011.3808397009943,19500000,0.0002398675367954,219435153.30175355,1228.3455002196065,1228.3872494005918,0.9459409416436296,1646.3003401814642,924.0225514470914,23952737254.282326,11921102950.684708,1.0020101302540143,64876020.19270127,205957.59159470216,432890.4911030585,27609.33027382157,11
2024-02-10 12:00:00,1233.2230359937225,1242.0944207414464,1225.347782254746,1233.9625573161813,1812.62758883597,19500000,-0.0001508904259867,196397959.51059702,1233.9625573161813,1233.3096440422485,1.14279298024937,821.835989814541,655.6973707831953,24062269867.665535,11912200873.146254,0.9935185513467408,36118918.30133837,183923.22145513407,467087.7670373712,15013.082585109376,24
2024-02-10 13:00:00,1246.3642261665364,1254.4345504328608,1235.1519253945512,1249.4042859589285,3339.0329529630067,19500000,0.0003278601237289,171734093.79011005,1249.4042859589285,1249.5817002270087,1.1559294266826623,2090.687031791173,1830.746669145843,24363383576.19911,18037229338.66977,0.9812823312765128,41640784.70004684,207312.2277279482,419761.8056800414,21259.383503608868,18
2024-02-10 14:00:00,1225.6146610043188,1227.5044470623668,1223.4555986524717,1224.7939452779756,4946.358125702548,19500000,-0.0002078246002793,208734217.85132974,1224.7939452779756,1224.757776640078,1.0379041344806474,2343.48636475851,1711.2616263713037,23883481932.920525,14846852103.653097,0.998961820014082,24251370.067443635,109737.80026401242,525084.9460087102,49233.109733893536,19
2024-02-10 15:00:00,1199.787263375117,1206.1300877392878,1192.1911082587276,1199.6632222253797,3697.305641029429,19500000,0.0001117683783285,214031303.64192262,1199.6632222253797,1199.5988146241068,1.244269067698525,1759.7789306254144,1425.6211051613443,23393432833.394905,12345942083.773281,0.9825423516414292,26666494.115779325,158436.3587445419,412724.3539207978,25282.51303906598,21
2024-02-10 16:00:00,1227.7657428997486,1228.8260373989588,1216.1663199693717,1226.585697139522,3240.12628479921,19500000,0.0001158553929606,162388997.47451094,1226.585697139522,1226.202274852818,1.2888709454171896,1402.2187754151914,1583.5164847999808,23918421094.220688,16334363619.301437,1.0730359800654747,35296123.80440951,114264.47571121456,394514.3152298917,27520.178031617463,23
2024-02-10 17:00:00,1217.8690580457812,1228.5676986098968,1212.6075255789628,1216.6336190385703,2001.2378105203784,19500000,0.0007983416009279,184583692.20506412,1216.6336190385703,1215.167638136941,1.177360641092006,1233.1265906625192,710.9854464995215,23724355571.25212,16905342809.30335,0.9927994854454968,21796465.987175975,148808.808538819,635818.4624473507,16021.54116316744,18
2024-02-10 18:00:00,1184.1866425508047,1195.1319584201983,1180.4521417448173,1182.7602175165591,4598.985005058908,19500000,0.000289127586394,195435622.27745152,1182.7602175165591,1182.966923097877,0.8965165815551221,2247.7695082600967,1797.903753967926,23063824241.5729,16727757685.142412,0.9887872913854266,23749089.51813769,243790.11117371303,445020.9058142461,15241.991600474546,13
2024-02-10 19:00:00,1192.5334951691127,1203.2301007740523,1189.373027328046,1193.424766115301,622.6892452851897,19500000,-7.787120429878201e-05,209103265.07100472,1193.424766115301,1192.5861293781968,1.1039429931062636,345.8939151942152,274.029233685474,23271782939.24837,16985969441.638365,0.9837509156353664,20372493.268281046,213909.71139128724,386489.8509472272,27966.051611597588,13
2024-02-10 20:00:00,1209.767071584753,1216.5723515580635,1201.3686588217038,1204.6565729006581,3609.8548921278425,19500000,0.0003055146890951,189200560.95959914,1204.6565729006581,1203.5478926810206,1.1049942505430452,1803.7472661329464,1329.9888918231936,23490803171.56283,16952714782.760883,1.0533085252851455,22310786.663102783,192061.58439141608,328385.2306922716,20237.5365357156,20
2024-02-10 21:00:00,1169.0003381871409,1175.5186676031242,1163.2271874782496,1168.4524949412503,10776.90815745526,19500000,0.0007414523411455,184471687.44605726,1168.4524949412503,1168.2880938573705,0.849483903096653,6815.428557719759,6441.617785166182,22784823651.354374,14620559233.00674,0.950827993663133,27212020.15878153,155530.15938897282,642495.8304813066,31322.32698593172,19
2024-02-10 22:00:00,1169.5720694077904,1185.5037275111827,1165.7596901532481,1173.9449786541181,1402.2218682664509,19500000,-0.0003888908271452,208980487.8966706,1173.9449786541181,1174.924079927713,0.730601012473563,656.1628480888311,489.4228344106169,22891927083.755295,12653283660.49022,1.0107829726569826,19209084.109013166,126956.69256854992,396176.4313424272,22992.882058291954,14
2024-02-10 23:00:00,1189.0738798449852,1194.4161215877252,1185.8482307036227,1191.462466000805,2642.062847499629,19500000,-0.0001527446127706,189919739.34629196,1191.462466000805,1191.8027637750017,0.6672735986627725,1802.5483024653893,1466.2950285362474,23233518087.015705,16906341151.51708,0.992821300843708,29917959.1316074,170545.41791164177,668216.5974892402,64017.312633884,11
2024-02-11 00:00:00,1196.3582679945278,1201.449134167809,1188.5997374935964,1200.5373456716898,2969.190111672618,19500000,2.8930732266011888e-05,205908463.96035,1200.5373456716898,1200.019743349261,1.0140691499111252,1473.9118874473415,1309.5017648572737,23410478240.597958,11395025899.25963,0.9572979968607396,29901242.852515038,214844.32132150832,479150.905839043,19116.441502651483,15
2024-02-11 01:00:00,1215.9717397771947,1222.8047826024276,1215.2847481038878,1215.9295844003552,2365.4146020251846,19500000,-2.51264681425853e-05,180394495.76599872,1215.9295844003552,1215.3564607841033,1.061420327662269,1019.8614832436132,801.2536918507625,23710626895.80693,11870486933.538465,0.9754277101641066,24837829.925301883,180316.31123892052,455238.6382265385,24753.927907962923,15
2024-02-11 02:00:00,1182.085028136112,1186.2605389239516,1178.0616388735239,1182.3730665686878,5004.972119876143,19500000,1.7299050103760578e-07,176952388.83328152,1182.3730665686878,1183.2430723519244,0.7894993129426273,2362.805145100182,1679.3976099198364,23056274798.089417,13376057755.734632,1.009508619817175,19164956.059078287,109488.77402941996,457699.7875466329,17357.089197902136,19
2024-02-11 03:00:00,1189.231148865152,1194.183274223551,1181.028403636278,1190.3463264826012,3775.2636759500137,19500000,-0.0002912696796779,209450802.92783052,1190.3463264826012,1187.6124154965385,1.2326994834186036,1593.8494214819964,1699.203961073958,23211753366.410725,12420597218.089682,0.9740682034103174,27828274.380017612,167067.42029657995,689133.429403301,30934.39662584419,16
2024-02-11 04:00:00,1188.0409457277306,1188.1251226364195,1181.2011621812564,1183.2819605421573,3216.8251898641347,19500000,0.000521186816065,201193864.07419795,1183.2819605421573,1184.3437963458994,1.0309117757689736,1739.085243142068,1306.2113347714137,23073998230.572067,14645524563.529463,1.0077869178466012,21804263.479019653,100878.08141628902,285374.11599058885,25904.026998325156,17
2024-02-11 05:00:00,1173.315451351794,1180.3112204710687,1169.4392663491114,1172.0286040886485,4441.00632972867,19500000,-0.0003267825795429,212271009.9169625,1172.0286040886485,1169.9494068563256,1.3098210475827152,2109.812708468044,1644.862987517512,22854557779.728645,16491633532.82622,1.0518745968605905,27186078.301649064,198997.18507931387,461791.2849921592,17011.469022974812,11
2024-02-11 06:00:00,1194.4649596003599,1197.6187496555776,1190.3394600112324,1192.732876825348,3006.0294115180777,19500000,3.993615711325029e-05,188945744.59478235,1192.732876825348,1191.163946566655,1.0769222173697235,2001.4559054753963,1766.588598508226,23258291098.094284,13892395852.258547,1.00511802031652,41401550.64186818,136864.6914327465,419558.9328162814,20636.45666738079,6
2024-02-11 07:00:00,1226.3825459692657,1230.97867362989,1226.3711883579547,1228.6705110457679,14616.879125546657,19500000,0.0004137491775282,185019074.29998484,1228.6705110457679,1228.1615148351607,0.807940619098945,8114.393610454243,6417.01343508275,23959074965.39247,14762651855.078922,0.9563946256442653,16165693.336035427,119876.77870058783,423954.460083973,34253.7193532583,12
2024-02-11 08:00:00,1271.1472148998275,1274.2073998978683,1265.1249293173269,1273.692421451869,3215.292032216096,19500000,9.094454285624424e-05,219845463.1480156,1273.692421451869,1276.583861368475,1.0959880033945546,1511.2211270174096,1860.5071740172057,24837002218.311447,14329463007.843885,0.9745961121445932,63653981.943795696,199682.25670023583,455824.14647804777,33041.27219588634,13
2024-02-11 09:00:00,1307.8569299613732,1312.622258089426,1307.2511766701607,1307.760664393469,3286.70574640518,19500000,-0.0001938182500708,174553388.67947096,1307.760664393469,1310.0851035166265,1.1434181334692433,1759.6401345062918,1147.7173765413886,25501332955.672638,16888786851.366293,0.991437827837642,25921115.623060264,187183.45529696497,419470.7892232276,14848.903575721792,19
2024-02-11 10:00:00,1305.4757435660208,1316.9504689885218,1301.4622560042117,1305.0241865626326,1267.454674691047,19500000,-0.0003046026969121,217932243.53830627,1305.0241865626326,1306.0766725901144,0.8962600110706355,581.506026807534,449.9968797746725,25447971637.971336,12220284801.22362,0.9894329464301602,31462710.71724392,172490.89657859306,459376.8303780155,19736.18647985472,14
2024-02-11 11:00:00,1309.514483984783,1318.819516821644,1296.4873890525748,1314.39433479966,2271.679798950121,19500000,3.1000241191665376e-05,219139327.22094095,1314.39433479966,1314.9944115152878,0.7494478081194342,1030.4766934103284,1087.6991592236925,25630689528.59337,11907427971.991056,1.0045604153534775,19746323.30390605,281511.0519705355,440332.1060083148,39199.49044684482,12
2024-02-11 12:00:00,1334.3599730821413,1343.9058988727322,1322.105261643046,1334.8413356165443,5290.610057065601,19500000,-0.0001271088697551,211214564.34627005,1334.8413356165443,1332.4889754748363,1.020261750855754,2593.440866209193,2015.5250538153612,26029406044.522617,16721330588.93382,1.009373288262342,42138085.19038718,190755.9152334373,340199.7977236626,21587.002140495923,15
2024-02-11 13:00:00,1338.2518033304711,1348.3763067112388,1335.3359655325494,1338.2141404098984,1528.850729321191,19500000,0.0001615693275108,186614081.08959815,1338.2141404098984,1338.557737814131,0.8185924589774196,661.2133237480436,543.477931425469,26095175737.99302,15930153972.380745,1.051915838653566,25376327.734510243,138518.72132803104,477477.9250450751,23981.230823869104,11
2024-02-11 14:00:00,1341.2753121862577,1346.2553387651099,1337.1173260998194,1341.8527091681885,1013.557210605554,19500000,-0.0003204353443172,184702318.7647372,1341.8527091681885,1341.249920056492,1.2512931450512097,462.7844056319248,332.8578797190544,26166127828.779675,14972452200.77109,0.9998884100473632,22792237.65731555,185312.8889152058,510533.17017852,30886.65754569615,20
2024-02-11 15:00:00,1362.0599664326542,1375.4888247969157,1355.7440319550603,1364.2793499186268,3029.5147452447704,19500000,0.0003439107210662,193884551.4773588,1364.2793499186268,1363.3016127460453,0.9217923146263144,2064.3539481390217,978.1733596710076,26603447323.413223,14637157991.928001,0.9654341665937228,21197035.55895607,151521.1751529158,396958.44295633474,15219.784740417055,13
2024-02-11 16:00:00,1361.3284637316574,1372.2279489856596,1349.8332217693794,1362.7990197657598,5915.742244943866,19500000,0.0001346648569493,177765305.90379086,1362.7990197657598,1363.1462651670108,1.4118772774388475,3549.6866525134405,3111.3876840270705,26574580885.432316,12371589732.102007,1.034614183907457,23966823.93432806,223393.41870100008,642793.7666696252,17121.508356854603,10
2024-02-11 17:00:00,1342.7250492965138,1350.7119064245644,1331.947721184267,1343.200163892099,3044.800358696272,19500000,0.0001569509183057,182569665.3970291,1343.200163892099,1342.7016888665887,0.6538798019367457,2059.2922595057403,1171.1792423921872,26192403195.895935,17134201859.172894,1.0378907373034307,31544721.763111252,174598.49483575422,577875.8597875038,20596.785008205195,15
2024-02-11 18:00:00,1332.486933545999,1332.5001579997934,1330.5631525676965,1332.244997791491,2519.807273187168,19500000,0.000532323033472,207606838.52203557,1332.244997791491,1333.5363422629694,1.0273258056778396,1202.0843466367874,1495.570491575213,25978777456.93407,14975213251.142971,1.0069732928201791,28593848.993520785,178971.3151996416,523760.8467735648,32577.82385250156,14
2024-02-11 19:00:00,1351.0101166852405,1351.4841964828802,1347.6986465594482,1349.3779318555096,1177.037574993854,19500000,-3.133864951155976e-05,207683498.17233,1349.3779318555096,1346.900535008208,1.3309307746365715,773.4360995500954,417.773406843607,26312869671.182434,15355675319.818872,0.9926081681437312,26262011.2297685,113482.95148618332,522491.580494737,30820.323476138303,17
2024-02-11 20:00:00,1352.5111018960245,1365.9126724424543,1343.96947640126,1349.5936685144716,3737.331231960431,19500000,-0.0001177450084199,181290616.95298058,1349.5936685144716,1349.8298628219877,0.8368914860636465,1901.1125354477813,1518.604730147492,26317076536.032196,18896541401.81369,1.018676392076472,20075472.195114918,165270.3513215663,445084.4820895895,28167.66337529214,12
2024-02-11 21:00:00,1358.1437688357103,1369.5745715120281,1346.326622518744,1358.9437728475887,4149.061962079484,19500000,-6.432908850406194e-05,208128796.72900173,1358.9437728475887,1357.8850235272514,0.9686613742687048,1839.106958221216,1711.3743163288095,26499403570.52798,17788105304.211,0.993667605589614,19617027.88497366,160481.43361242508,555861.4885850096,21769.21327189054,19
2024-02-11 22:00:00,1376.1594558901302,1390.3302643833651,1364.020559766089,1377.4160896579829,1223.0875879905248,19500000,4.2242029143022624e-05,204468026.3199696,1377.4160896579829,1376.9895922852998,0.9225560529824388,784.5032149911048,550.4454782657216,26859613748.330666,13855073650.834593,0.9383287321366754,22191684.247406423,125988.59124976964,605706.5594293735,31852.492688207643,17
2024-02-11 23:00:00,1368.4619493449688,1380.8096253719923,1365.7971907665456,1367.265166630166,5256.739382953089,19500000,7.271053156260142e-05,222484680.74511388,1367.265166630166,1367.8183982390183,0.8721851684898414,2196.765312389615,2950.0335730886904,26661670749.28824,17254098864.497818,1.016904228489174,32078230.841662023,153987.17957275832,520010.7703540232,21681.321982529636,18
2024-02-12 00:00:00,1389.9370014704893,1390.2211460573947,1380.2683711310385,1388.2410015533856,4371.440042338395,19500000,-0.0001492093209805,206355057.17156738,1388.2410015533856,1386.8287330673077,1.0501410917347118,2279.512990347765,2406.1763892981216,27070699530.291016,13255887985.179598,1.0267675443092372,34777523.39283696,181486.78332616613,394724.4997840494,26994.55353498879,8
2024-02-12 01:00:00,1397.7244944470212,1410.0167977840463,1395.5485840850251,1398.9393345773742,5250.916812404606,19500000,-0.0005069255759099,214595279.36443177,1398.9393345773742,1399.308979310518,0.7717579455158878,3391.0126752230917,1590.9590032581516,27279317024.258797,13863871593.144201,1.04323261691138,36703973.796961576,162577.9080743957,438916.1679106475,29840.198087549925,17
2024-02-12 02:00:00,1367.108066537051,1373.2757163952663,1355.5850462370904,1364.9503707981282,3990.8620768872,19500000,-6.827870026371144e-05,204840894.94097677,1364.9503707981282,1364.7970347232729,0.9780507132370838,2335.274804772158,1687.2427810154586,26616532230.563496,17679892388.769764,0.978077246711423,26668433.254906796,114344.95472093354,496199.8294835686,37761.52553457984,11
2024-02-12 03:00:00,1407.7904512467162,1418.9057762496727,1392.1615094759145,1405.0377424940802,4133.341151460706,19500000,0.000207947699886,213249251.64096567,1405.0377424940802,1404.25009679056,1.108711851778911,2295.73913797098,2266.6458338029797,27398235978.634563,13363958806.38346,1.0067849594758382,31108843.157074172,152009.11903812876,523111.0121296809,22316.96933124091,19
2024-02-12 04:00:00,1394.7697003562405,1394.8633700788928,1384.8491342907812,1391.175774517647,3867.487882768843,19500000,0.000140877491876,177878009.55495158,1391.175774517647,1390.6602430524058,0.9578934367943448,1957.2976250128752,1160.4758706425284,27127927603.09412,14487891789.677382,1.0074339867355897,24945340.876250345,144783.35529987316,435610.8409340302,20357.74959210979,17
2024-02-12 05:00:00,1350.8009267325588,1354.6939255640132,1344.895332866491,1346.0136383449615,4601.953474729808,19500000,0.0004598663409477,195259177.55092496,1346.0136383449615,1345.9402107554258,0.8186973167991287,1944.4024217277872,2117.321387505865,26247265947.726746,18882757683.73225,1.0025614767911144,13291811.273845898,170822.1747672769,394998.9124461509,33473.943487999895,15
2024-02-12 06:00:00,1316.0201628648442,1328.2092991873221,1308.3970608526317,1318.3045635639246,1200.6533133708012,19500000,0.0006866459631891,196556265.12323532,1318.3045635639246,1317.424151641698,1.2287987666651543,837.2054648958141,453.6580733590372,25706938989.496532,17262071831.828835,1.0034456811485866,24476087.792387687,166272.47551921092,607338.3920412216,34253.902321859,13
2024-02-12 07:00:00,1291.8216865096374,1302.0661010353226,1286.5086192396188,1291.785779491285,1407.3591489174532,19500000,0.0003278001314375,193362632.83398297,1291.785779491285,1291.924122611573,1.1572556605796978,636.73448055605,596.4818229236123,25189822700.08006,18359296351.919792,1.001114080461309,22964204.9738487,146839.69117543328,357016.0640528016,19283.16380135982,25
2024-02-12 08:00:00,1293.2929080004653,1301.3076329878174,1282.7766784130488,1293.2637379282967,2063.164091013811,19500000,0.0005147561927224,204297707.13104868,1293.2637379282967,1293.033308564549,0.8120142138268882,983.2886197161458,879.0964965264312,25218642889.601784,18019981342.03991,1.0063524820474845,17609689.080696203,145413.1294948583,366492.6145733295,16292.98425669701,21
2024-02-12 09:00:00,1286.076198189778,1290.2036520904085,1281.6991090473641,1286.328507843917,2793.6099131587025,19500000,0.0003300322876789,207434934.25576624,1286.328507843917,1285.670830540925,0.7719607957110869,1315.1609490960884,1166.4057006813282,25083405902.95638,13639699611.825846,1.0222204310198606,21266002.653062187,165513.10368280555,339277.7722782919,32718.97094381909,9
2024-02-12 10:00:00,1276.160592916343,1281.785749918126,1264.9954996153838,1277.8198750419542,3619.417794563203,19500000,0.0006129697767782,203455623.43653986,1277.8198750419542,1279.9791890341205,0.8266409125096124,2433.632902958975,2054.3273816272417,24917487563.318108,15940046461.19442,1.0366086257375295,28165671.508239765,207055.9216676634,366329.9965491559,13869.976068896172,14
2024-02-12 11:00:00,1290.040864691689,1306.393973384003,1286.5100175863722,1293.8851579460675,3506.38484365321,19500000,0.0006552560902873,194398823.05969796,1293.8851579460675,1294.5518192346512,1.1152232767790835,2205.889559117184,1616.2298133946465,25230760579.94832,14220276257.182234,0.9773100273791908,16958490.689037282,174496.52923866542,567768.4609502731,13659.077138527184,15
2024-02-12 12:00:00,1303.082082830856,1308.8053780440678,1300.7883860462525,1302.8405897426132,5211.134710357952,19500000,0.0003853495512336,185900008.76909858,1302.8405897426132,1302.4722607707351,1.056661679815578,2799.4160417249914,2976.204189681073,25405391499.980957,16745488713.379591,0.9948309593563546,20080579.615481082,232295.91447458547,571583.8961198092,20941.988999379293,20
2024-02-12 13:00:00,1309.2180018932333,1317.0958461832538,1305.2055056211077,1311.2329884685848,5293.567320550006,19500000,0.0003119140439273,215259060.25920835,1311.2329884685848,1311.5553687760414,1.171185568871978,3634.7057731684927,2742.1881535212456,25569043275.137405,14178983273.647137,0.9873217564033704,49562185.5324902,216057.04406868183,435909.9189652539,22713.890093288057,13
2024-02-12 14:00:00,1322.3843705370236,1329.6883324995638,1321.6953351983868,1322.156976775968,1927.1691545483145,19500000,3.843034841878979e-05,202764655.42527846,1322.156976775968,1320.9315750659164,0.9368519217881324,801.3844128166484,781.1510774616698,25782061047.13138,11612116839.87916,0.9830298292839984,14055092.954110222,236610.503741367,488582.137748418,16026.747915275088,13
2024-02-12 15:00:00,1336.5582240211145,1344.166114025659,1332.799207921129,1338.6841710619267,3358.628734841272,19500000,8.759881571082706e-05,181740208.15546593,1338.6841710619267,1338.233340242669,0.8311484602965892,2243.9036004907875,1504.8977694496916,26104341335.707573,12482612171.061836,0.9515190575408192,24798780.64552988,229155.6882641416,441484.8945341769,23542.422877931785,23
2024-02-12 16:00:00,1280.7250515084208,1290.6417847088849,1272.2707596018693,1283.54798000543,1950.974413809432,19500000,-1.3511994050786251e-06,194138601.55055228,1283.54798000543,1283.2655000384757,1.2017385472460425,815.7574212704542,813.4735340559306,25029185610.105892,17052476710.760448,1.0007266736755889,16735690.622802263,240563.02181889684,348573.585048474,23859.5784199299,17
2024-02-12 17:00:00,1274.9510997161224,1280.4631649431594,1272.540752892475,1274.353941637991,2713.1795201689,19500000,0.0002863754832685,171503448.46465594,1274.353941637991,1272.8925202986509,0.8952164891040162,1403.6341462432804,1488.3750848162224,24849901861.940823,11808712464.41707,1.0143796110863583,19755118.634904884,121992.4330220276,689430.6572448432,19070.22756727681,14
2024-02-12 18:00:00,1220.4711027039107,1230.5609193993973,1218.7440559650913,1220.1028231420519,3501.321278997733,19500000,-0.0001161044112078,197728919.151676,1220.1028231420519,1220.6974451918795,1.0380143519305465,1457.2550405478796,1247.4484469835252,23792005051.27001,14984842525.320805,0.9953470074430338,24654820.925535336,191349.44099547472,582420.5108289645,40539.79056053758,14
2024-02-12 19:00:00,1222.5199097385637,1233.633239445279,1219.488617654537,1221.1051813053302,542.2048932141972,19500000,4.266813706602703e-05,194065737.1351184,1221.1051813053302,1220.6098855325665,0.733457981611568,379.3757199357599,314.9796644166853,23811551035.45394,16842709013.201267,0.9997312631080876,17975988.573586635,220704.53454241497,474911.5623072439,25057.497496835327,18
2024-02-12 20:00:00,1226.452523256719,1237.8844130577588,1220.167150464564,1221.1141449285994,9952.927617805011,19500000,-0.0006065509655534,188313851.21616703,1221.1141449285994,1220.802190967422,0.8922917866049973,6711.42680698277,4718.955179008623,23811725826.107693,16009346460.070568,1.012553107837274,33570227.720876224,230903.8872622914,372809.1910230841,30901.0891845803,12
2024-02-12 21:00:00,1247.7335510421858,1254.7744641295774,1236.1348970271054,1247.0419676769511,3956.85318739237,19500000,0.0006169269684317,223818479.39009428,1247.0419676769511,1246.4574543415406,1.2237002547484452,2276.9303579718817,1913.2468792390853,24317318369.700546,13958910106.368868,1.042333590854909,45811153.890389055,134231.37871895882,422951.6397100693,14230.40431299051,14
2024-02-12 22:00:00,1278.38390005851,1284.0362560314773,1265.0871430103407,1277.1448606868726,2213.097423366475,19500000,3.385762522410449e-05,179751441.98212948,1277.1448606868726,1281.051762513088,0.8665331498848505,1029.872348969555,1007.0487811968898,24904324783.394016,12765490291.181026,0.9874070641143088,37365155.63843631,191826.2188957927,385198.81774978695,14193.614456167854,14
2024-02-12 23:00:00,1279.6992144263174,1291.5075230440434,1279.1033717334162,1282.463079667016,7814.098472649239,19500000,0.0002366741312009,208633429.1290407,1282.463079667016,1281.7415465088566,1.1769198914125985,3774.469908978358,3644.0965641045937,25008030053.506813,18174867089.758358,0.9648516365699832,40201833.15172252,165843.65169238168,451132.5366657472,25286.31914478321,13
2024-02-13 00:00:00,1266.551883260342,1280.465367310799,1256.925179797072,1269.8201652980727,2505.602277492261,19500000,0.0005373360084134,234863384.1746538,1269.8201652980727,1267.320299603071,0.6273793237387267,1340.1539755441815,1253.559396452067,24761493223.312416,15350142515.152704,0.9972867955901916,15366242.78823824,258271.0924667946,470703.9574413068,38424.75939951434,13
2024-02-13 01:00:00,1286.3891297986722,1293.6312721633108,1272.8769954776565,1282.3297113434985,3185.166022158139,19500000,0.0001900880312323,214916328.06358644,1282.3297113434985,1280.4063040121441,0.8941530407584707,1582.4989498334426,1581.468618006326,25005429371.198223,14293754014.340012,1.0565068379010985,24211771.476817805,115056.327744284,413236.3156820376,16269.041173622894,18
2024-02-13 02:00:00,1266.6447693102511,1277.871218773119,1254.017468228667,1268.9885398252425,2336.576481113447,19500000,0.000533303110628,196673352.9526859,1268.9885398252425,1270.078985005685,0.9663096676878072,949.5710634933664,851.0842597397749,24745276526.59223,18128817916.867367,0.9651729832471484,32170046.131057013,134279.34922031287,330749.79078130826,22994.56112107464,16
2024-02-13 03:00:00,1266.430399520971,1278.5947627774606,1262.0248597099205,1269.080096807533,6808.968496455212,19500000,-0.0002725213436454,180069314.465952,1269.080096807533,1270.9030703285537,1.4169519644574398,4064.115344045792,3232.435560873083,24747061887.746895,12732495073.85467,1.0195040708674086,37808869.34776335,103501.5165005467,677667.3397260779,15206.391723811736,20
2024-02-13 04:00:00,1294.386490300057,1303.2435508009537,1290.690900483024,1294.4877164465395,2828.5164960407024,19500000,0.0008192129768793,176814714.60767382,1294.4877164465395,1293.7345871288442,0.7915101499905292,1651.9338821741535,1149.4749700380485,25242510470.70752,14708421150.742785,1.0347373968785534,53807267.69597161,168746.7031674198,463937.6046208722,17754.836208366683,18
2024-02-13 05:00:00,1280.0244804669,1289.8078343999687,1274.2249184039158,1280.25541911888,3212.2986505569143,19500000,0.0004261330595466,190784250.8112696,1280.25541911888,1282.0208269061227,1.1436199875847854,2156.3942757129826,1577.5890726754078,24964980672.81816,12047942711.60364,0.9290339734181722,40922628.942960225,286633.6123958228,484715.9847997394,23340.22149302768,18
2024-02-13 06:00:00,1298.8334727645536,1303.896979198068,1287.7079876443477,1301.182123429479,5441.940993636491,19500000,0.0001627607477459,186626126.04519615,1301.182123429479,1302.2771852925316,1.2353895633479426,2955.279862103905,2526.9673361184355,25373051406.874844,12368451116.946058,1.0123066757082546,38193402.74761388,160960.55200894715,406572.73537882185,19000.42518376661,11
2024-02-13 07:00:00,1318.2578731546846,1325.6363019983253,1308.6531300986244,1319.0624305849628,3994.084732629368,19500000,0.0005275237997876,186140840.76125565,1319.0624305849628,1318.944400705895,0.8656298130247848,2010.6729335075847,1413.5224837890871,25721717396.406773,14650546903.987968,1.018102319112193,76516437.00029907,166918.06305913505,323708.20169721934,14888.476881101104,9
2024-02-13 08:00:00,1297.4244430936144,1305.0567831120943,1288.1382686348784,1294.2422231697694,2901.044047121226,19500000,-0.0002505904657968,192089665.69637123,1294.2422231697694,1294.034566814763,0.928017406140856,1605.5977823996325,1509.7618514447713,25237723351.810505,16654325859.689083,0.9919799439586044,27732110.924026906,186756.2729744956,435103.796312645,14788.789297424904,17
2024-02-13 09:00:00,1317.7028596174225,1319.8631138517796,1314.4802480378828,1319.8304093668057,5193.668082613541,19500000,1.3415536369151872e-05,195563978.34585547,1319.8304093668057,1320.2011104327148,1.0287307437838658,2380.821581063553,2270.173271433885,25736692982.652714,14198114660.506662,0.9806068431673084,23770468.074352454,158091.20285731042,414718.64200018457,12508.923769710633,24
2024-02-13 10:00:00,1334.8024997568161,1349.9907987822628,1325.0982754687402,1338.5334542459882,10606.70486654266,19500000,0.0005332751189207,204974238.2354905,1338.5334542459882,1339.8418115639881,0.7435665608340905,6233.158514792695,4936.70479883696,26101402357.796772,17145473305.418108,0.9822801294242806,28645905.250434116,178350.59105269788,509867.8615572988,25411.9582882172,10
2024-02-13 11:00:00,1343.9277829769292,1352.1260718288888,1329.9363798885365,1341.3989947059465,3493.6601680951094,19500000,-0.0004601180542684,178581244.82122892,1341.3989947059465,1342.0660651363085,0.9129988642423076,2204.534030456275,1753.0937257908922,26157280396.765965,18089254041.6562,0.9901429451237314,18505097.709863372,179521.97760599252,530309.2016068025,26351.33739287512,14
2024-02-13 12:00:00,1322.5355106137245,1324.243384457537,1315.9503369833985,1321.234631155997,3160.166654437248,19500000,0.0002681373324876,186697161.07029733,1321.234631155997,1320.4725320521222,1.2907486620242958,1409.5560385776998,1567.0050791980432,25764075307.541943,18376828932.803127,0.9909371190493668,27415837.643501062,131743.32974185108,515558.4164202754,26311.622243835856,18
2024-02-13 13:00:00,1297.24229239029,1309.4575071249014,1288.5691192263341,1298.8542188468953,3246.4375699540046,19500000,0.0002596528479535,194667618.10235307,1298.8542188468953,1298.757834710797,1.110189767221584,1608.6583997938544,1703.3364686146947,25327657267.514458,11737237851.935389,0.985276688717297,13374186.530395,158972.7880335783,539098.9788073795,16768.329888822653,22
2024-02-13 14:00:00,1281.0241856853847,1294.3054737092205,1275.897372900092,1285.0906417375654,5740.001498726518,19500000,0.0006907677450466,194110684.06992438,1285.0906417375654,1287.765253926219,0.9691360660619254,3790.354276138447,2078.0270193006927,25059267513.882526,17093414939.026066,0.9896657424195268,21590636.67975217,195924.22016156747,634589.2140265129,29785.75050536069,17
2024-02-13 15:00:00,1297.3072715226824,1309.0943110395215,1291.0997413559144,1299.2421636441209,2209.2340096950943,19500000,-0.0003748866259166,228373225.57447073,1299.2421636441209,1299.6984754180219,1.0228721180556786,1218.744983496779,735.9342232919591,25335222191.06036,12519213494.040056,1.0357237547153988,25481018.322327673,205282.8430022068,478288.9601209918,27228.883990032067,9
2024-02-13 16:00:00,1274.634186934752,1279.7713125188386,1267.9434997810777,1274.7736584849476,2593.701331759989,19500000,0.0005828893171094,200867819.17780077,1274.7736584849476,1276.0093290056373,1.1231992348950035,1451.3081583338917,1298.8059857338255,24858086340.45648,16393378165.741415,0.963567136632546,39014035.446362786,225173.25656603448,551194.5792394412,22074.719572489743,15
2024-02-13 17:00:00,1289.1041449958618,1300.1157049163253,1276.1291351416533,1286.1057897483665,1381.988282222404,19500000,-6.784122294467081e-05,173292369.18112922,1286.1057897483665,1286.928749535241,1.1670533054333512,852.3032118817051,512.4350139885767,25079062900.093143,14081862210.757761,0.9475282473018524,41616784.77422387,176991.85909695373,488342.41788378544,21014.151632811507,13
2024-02-13 18:00:00,1252.0828674671548,1259.8787711389894,1239.84368251141,1254.6840331730423,1649.2337559191697,19500000,-3.410283797355644e-05,203878016.612235,1254.6840331730423,1255.1524791730978,0.8946856696626052,945.617603817519,551.4731921172669,24466338646.87433,16204985545.110575,1.0362035532170295,18149091.82711891,177894.5837670144,302547.30367248243,18128.94949738155,10
2024-02-13 19:00:00,1249.487351945018,1256.8282456015588,1243.9350529465298,1249.6986007003304,2301.002090725557,19500000,-0.0002666013160879,205967923.6246699,1249.6986007003304,1249.9594114236465,1.359265103542579,968.4317938332402,780.8939508184757,24369122713.65644,12529317997.216476,0.9942394672197824,61220415.58445651,196328.8260307745,428950.1297408142,23333.574083597403,13
2024-02-13 20:00:00,1254.2587195872864,1254.2667757374481,1248.279665073111,1252.5673912166096,2898.7401860087507,19500000,-0.00022635561124,195206330.83833027,1252.5673912166096,1253.8166901901966,1.3011775214747463,1858.6389110604312,1141.6399426034366,24425064128.723885,15717460759.402308,0.988353031225524,28315709.01919776,140267.61976362034,371928.7931313412,35781.072862664194,16
2024-02-13 21:00:00,1309.2101927679923,1323.95833480046,1304.3191012319912,1315.475188976493,7219.504948779691,19500000,0.0002210567042361,178930169.34472033,1315.475188976493,1316.5520925256924,1.1450536892374923,4886.527780860142,4313.914935092045,25651766185.041615,12509192187.541283,0.99666348628802,29373277.566125344,138836.9132083413,463372.5560220476,30988.05184089613,17
2024-02-13 22:00:00,1282.5074224514942,1291.7180802917846,1278.1476225333881,1279.8612168058635,3897.132878757231,19500000,-0.0002336995744344,226945913.80400172,1279.8612168058635,1280.3269499554187,0.8448535559864562,1621.1416884162036,1352.9991805240718,24957293727.714336,12501699025.02425,1.0062783010233738,13971086.643134907,157755.324969981,377678.2675545056,20396.872778529443,11
2024-02-13 23:00:00,1315.1151614900355,1325.7084722209213,1311.2100751286569,1318.232651395924,1889.298253958549,19500000,0.0003220853000958,180996308.34965354,1318.232651395924,1317.4499342475717,0.8154258544957177,824.4423875338648,735.9968579555496,25705536702.220516,16306013586.829634,0.9842784631864492,20822713.627674717,118331.53412678516,499386.7766514916,25889.336338724534,14
2024-02-14 00:00:00,1323.1993551352618,1329.7698182002503,1321.1782330814844,1322.3213456799263,2071.4616689053505,19500000,-9.8889814090926e-05,207873375.93847197,1322.3213456799263,1322.963410453086,0.936766938456356,1264.8190847306037,1193.6181515343858,25785266240.758564,14208492580.69194,1.0151779338294191,40609290.59826258,180182.44374737976,538318.4721238906,15828.55688059297,12
2024-02-14 01:00:00,1334.0313797753029,1344.836186490863,1327.6681093305388,1333.3735382072778,5927.597944897305,19500000,-0.0002639101417545,200351112.65262893,1333.3735382072778,1333.4175289517623,1.0122271675403434,3445.96270999405,3491.3102520821185,26000783995.04192,17189987295.612545,0.9711321227857332,28559188.790422466,211561.39288646172,562819.3634567765,27419.78612772018,13
2024-02-14 02:00:00,1339.5664374213716,1348.6938776542631,1334.4299664471557,1336.666975797633,5235.958359748819,19500000,-5.8342743907968325e-05,206878609.18868622,1336.666975797633,1336.3886069984235,0.7020867036487699,2695.2362674531705,1930.2518008929385,26065006028.053852,17086858156.808935,0.9909452146645245,27860035.394356865,136283.02776850725,611611.350953524,17166.97668601891,14
2024-02-14 03:00:00,1350.2300191016366,1353.9846582612652,1344.071767416616,1348.743907297413,3023.211497483714,19500000,0.0002010121575268,226018302.88715926,1348.743907297413,1352.4917644633929,1.1039985414559426,1698.3634136372127,1705.501864259342,26300506192.299553,16740014369.54907,0.9335591123414574,29222419.81405112,181459.41474666112,316410.33642217866,27094.24623796447,18
2024-02-14 04:00:00,1338.3454312617534,1357.636136421082,1327.7246197092613,1344.739102224907,2389.2547285318315,19500000,1.67940214206942e-05,206231321.36962458,1344.739102224907,1342.8039536613244,1.2936820472271189,1459.8383912193335,816.3495253084093,26222412493.385677,17547046246.639812,1.035167114045913,14981043.365809066,139067.85205148972,348084.3077310983,53676.0216808933,12
2024-02-14 05:00:00,1382.3849474282079,1394.3506175146313,1378.9852806048996,1384.5580923429131,5231.568507104379,19500000,0.0001102630354998,188552071.50053313,1384.5580923429131,1386.02366488777,1.1222042459992356,2884.388354007265,2764.6795240432334,26998882800.68681,18580106614.51306,0.9947173691032112,25672591.05628687,126229.3948238236,794575.3001507181,18564.311319791308,10
2024-02-14 06:00:00,1372.4918701638787,1386.0512516453857,1363.7167209403515,1372.1126041639875,1814.084908003196,19500000,0.0003088622385508,215410762.85352552,1372.1126041639875,1371.066133748547,0.8735319609427141,801.9280204012134,551.304844774342,26756195781.197754,19356154037.146397,1.020103122752115,46871016.08092551,272090.5681349436,541395.1749616025,52936.10995239535,9
2024-02-14 07:00:00,1403.1311213011945,1417.31188571907,1390.4863643483334,1403.678499449137,3626.470713321284,19500000,0.000424726435485,187462606.2677846,1403.678499449137,1404.0030235866982,0.8530981450106191,1547.8894274388012,1530.319467067555,27371730739.258175,12978436114.11301,1.0142972375279875,41212862.20648421,126682.8142709256,462725.64322729065,25519.308643884637,12
2024-02-14 08:00:00,1387.167243687821,1399.9140583617047,1377.9867052386733,1385.843456278857,9286.61593171127,19500000,6.97140742317072e-06,199767060.28762436,1385.843456278857,1389.5417008296956,1.0618051897379088,4937.300129275833,3475.0569008658204,27023947397.437717,16794429481.976023,1.0164944134111396,25380662.658968534,118204.34824710344,445257.2580395432,17590.46565374121,27
2024-02-14 09:00:00,1386.498354504986,1396.9715684944738,1381.6301977768876,1384.3128939029275,3303.3019599742406,19500000,-0.0002132666046728,177793125.77414712,1384.3128939029275,1383.1191053840903,0.969804530182284,2235.8908928194173,1688.655903895093,26994101431.107086,18211112982.801884,0.9997667341427696,49875745.278748326,171730.01619172198,437410.7528921773,17350.266577938964,14
2024-02-14 10:00:00,1356.7346548261203,1365.0029942652068,1350.413769188936,1355.0856463969976,2022.7136104100773,19500000,0.0001228283436767,181527081.16570553,1355.0856463969976,1354.2402455172619,1.0926525092923534,1147.5537026498823,616.5571697498225,26424170104.74146,13610625933.278227,1.0116468217821752,16125920.487983786,174055.65260496203,300514.3208296537,44778.64731522627,11
2024-02-14 11:00:00,1367.0245172739353,1369.9652309003393,1358.9540254692931,1367.6106066422856,3659.875287406512,19500000,0.0002411948758312,197982428.52256605,1367.6106066422856,1367.723415730259,1.1278850868439456,1857.262348378049,1608.4072657372933,26668406829.52457,14109889840.21809,0.9711614676216416,18090524.308916565,192299.2507469338,379091.9925716871,25537.33059206642,16
2024-02-14 12:00:00,1402.6567891390039,1415.5051437570814,1395.5507735926278,1407.8555407212934,2356.6482146747744,19500000,-0.0003382175917915,203062595.7527656,1407.8555407212934,1406.8035671873715,1.2440573639812176,1585.10951748962,1199.5780280856068,27453183044.065224,14552638673.2131,0.964864643313108,56233704.37700213,268419.6823051689,432626.68731062574,18585.81888092518,21
2024-02-14 13:00:00,1404.5390241784278,1416.5794869049507,1402.4516005802484,1405.8196731792361,1484.6614985125266,19500000,-0.0001671824891022,172065651.45127067,1405.8196731792361,1407.203078956905,0.7973793940539831,766.9607592138436,466.2007276859942,27413483626.995106,17042959794.959648,0.9969668219948424,33624554.730189286,134016.41161887406,383397.6671385777,20722.21965178285,9
2024-02-14 14:00:00,1401.6010715880493,1408.9014111059096,1394.177786786528,1400.434878634037,4232.372601249636,19500000,-0.0001157560687888,205172345.91652223,1400.434878634037,1399.826348455981,1.0453207640593702,2339.4183252786506,2409.151363335889,27308480133.36372,15288684568.323763,0.979606708588127,23772094.944148388,140841.55167628205,393553.6987260285,25065.125415925784,12
2024-02-14 15:00:00,1366.711105320902,1381.5905291027832,1359.2889524922643,1369.6982727576053,5213.033444143994,19500000,3.765334338388705e-05,184659396.86702567,1369.6982727576053,1370.7310384593604,0.9298844007846908,2267.407849693971,2128.7902826519357,26709116318.7733,17356342911.417244,1.0427639251974827,26100120.25715754,243336.7034917654,738034.8202617906,21968.915413073955,14
2024-02-14 16:00:00,1365.2893398558147,1366.786460158002,1359.9225053782404,1363.5677681061875,2551.780587194279,19500000,-0.000128310171088,218424930.83695692,1363.5677681061875,1361.8916854251581,0.9804662954590774,1585.2178602042304,892.050818890962,26589571478.07065,16833110657.864256,1.0112543328792134,19325295.840219293,205824.870167652,420697.5271781486,24434.94952169148,13
2024-02-14 17:00:00,1323.346660238273,1328.3878216116746,1312.856702507583,1320.946781832945,2468.5400029910256,19500000,0.000312112217529,191695886.9152187,1320.946781832945,1318.6921482530431,1.1887255543877646,1506.0337603730618,907.5324392089288,25758462245.742424,16669165113.848732,0.978505558296384,29805841.23824032,198793.19345020605,467719.4838240677,37499.51464205777,23
2024-02-14 18:00:00,1297.5071939187094,1304.0721186486312,1296.2679543889437,1297.1780558033954,1843.1241242753867,19500000,-0.0003815399604375,180219863.01756364,1297.1780558033954,1297.010739319169,1.2148555424368803,1176.4167288501058,740.3309452411844,25294972088.16621,13297447562.037395,0.9918537868448326,28876344.39264184,140439.60618443432,464402.66018131736,15703.027397774173,18
2024-02-14 19:00:00,1295.219902183749,1308.8394574137399,1290.8601008928583,1303.2053709380496,2765.653407456461,19500000,-0.0003739156091583,198369551.5221953,1303.2053709380496,1301.2916036362544,1.3227180259139646,1376.071302199605,994.2870551297416,25412504733.291965,17285875746.06979,1.003990197459643,26897174.185702633,215662.95082415256,497769.252246356,26725.91835187849,15
2024-02-14 20:00:00,1334.7549464279564,1339.6286382920732,1324.019821619484,1338.1755596480598,2250.293224119954,19500000,-1.666434534386955e-07,183234828.8901335,1338.1755596480598,1340.3410875560608,1.0888455974146911,1194.4915709140853,1019.7735403304836,26094423413.137165,16940777982.851938,0.9979599113155324,16779616.76868406,198947.39162148617,402135.1265537199,21549.991877019253,20
2024-02-14 21:00:00,1420.9940495037233,1423.175677426402,1411.9830935054815,1415.6536683008844,1798.096090594613,19500000,4.730415875804301e-05,218237290.55534938,1415.6536683008844,1413.6295617446158,0.9782369499781468,810.0468082521638,880.8504514822096,27605246531.867252,13504345369.13551,1.008152380988028,29665056.155987646,170652.4510115013,567727.1710270547,18963.7851800661,14
2024-02-14 22:00:00,1397.7530817174088,1411.003236430884,1389.2942036466504,1399.2826033691456,7677.769967794639,19500000,-0.0003363931618574,197178570.0049156,1399.2826033691456,1397.970514699677,0.9506819651325944,5292.681958563413,3301.663992275097,27286010765.69834,13917280426.31455,1.0020596363338692,21590702.35119152,140613.1873634649,483454.4781260667,30383.41715797516,10
2024-02-14 23:00:00,1434.4614767726825,1447.1524980140161,1428.579758486187,1440.17650969633,3764.033528617267,19500000,-8.20246527942694e-05,194792174.5016224,1440.17650969633,1440.9162129903032,0.7068399622288382,1602.812817956219,1611.4190575860064,28083441939.078434,15173190036.18045,0.9582802975458976,17987488.701639272,167154.5125674851,342000.3793501412,14208.168285700936,13
2024-02-15 00:00:00,1450.935005479586,1451.6419362248607,1442.7789965201716,1447.3593118597435,3968.7146440467545,19500000,-2.031314522572677e-05,206729552.5878342,1447.3593118597435,1446.6553684676683,1.307277864191642,2360.2104383613128,2121.31709214289,28223506581.265,20626090058.61634,0.9354728629748826,44290240.36097184,245762.7016986128,433002.68165067455,10829.942087384876,14
2024-02-15 01:00:00,1443.1705870572118,1443.408584056213,1429.9110493827445,1443.132039293091,4636.429220778785,19500000,-1.798938410664366e-05,181939015.84483024,1443.132039293091,1441.0851181696273,0.9376489228086756,2835.5344860112164,1809.6215714038508,28141074766.215275,15418634418.286139,0.9887917286532404,63558191.72793778,123810.57577161472,427440.482680049,23561.27855727437,16
2024-02-15 02:00:00,1459.03478473044,1465.9429555426793,1450.8203365967659,1455.8176011064402,4383.128896988766,19500000,0.0001455644449867,177849032.04784027,1455.8176011064402,1458.9329985964098,1.1064751388747691,1960.6653475261212,2133.841490709479,28388443221.57558,12944100312.57144,1.0168147811529509,58039011.69156618,133259.0467769862,423524.6127817424,21132.049021096787,11
2024-02-15 03:00:00,1458.574751943179,1460.972338537079,1454.3170855334392,1457.767269359779,2424.656208429814,19500000,-9.847366532706856e-05,203717753.5155491,1457.767269359779,1456.4528971125844,1.145451984208932,1235.5974371020395,1376.9052219739376,28426461752.51569,13999683373.051397,0.9891289289630928,34609093.096416466,139114.05166261387,489852.3805160297,14678.598459961284,20
2024-02-15 04:00:00,1462.4755910788151,1472.7878859254176,1447.8494321183032,1461.1355569610375,3416.173388868241,19500000,0.0005433508900024,180565517.84191924,1461.1355569610375,1460.9949112558695,0.7795307820293664,1410.66770446547,1251.8714604483846,28492143360.740234,13096457775.823729,1.0370969234021568,23994708.25482711,146868.76486516048,502296.0861427268,13184.98882383314,16
2024-02-15 05:00:00,1450.4487683500763,1461.9845277167092,1438.5847884631614,1449.3964796986054,2605.7732883438744,19500000,0.00024646139192,180560614.53282097,1449.3964796986054,1449.2382164443547,0.8313791933709869,1477.4277942448184,1266.3282156199418,28263231354.122807,16134115736.07717,0.9985933990210332,25943604.259447947,162115.7440212352,490573.609253868,39308.26233532606,14
2024-02-15 06:00:00,1411.53682867715,1414.7593207956795,1399.960063058206,1409.5705107649758,3711.650043503543,19500000,-0.0001421340561923,210820662.38834947,1409.5705107649758,1410.7126986501912,1.362612729541788,2592.5186777298086,2169.056862655204,27486624959.917027,18942298202.355648,1.0407158819275593,31384315.246447787,206827.9892616916,473441.2328305949,25308.724429625552,20
2024-02-15 07:00:00,1373.0809321804327,1381.2120008953732,1366.178026464907,1366.855097345515,3536.332467596323,19500000,0.0001283534480102,205628774.3977218,1366.855097345515,1367.6237516728881,1.0598073042305538,1870.5978260809625,1622.9593886621303,26653674398.237545,15595884069.147476,1.0345571031779293,22555258.852617133,182654.8396280943,450056.1094009107,22156.666856195152,2
2024-02-15 08:00:00,1387.6582007721497,1389.8013645331282,1383.1514267769749,1384.968574250746,2461.8536700202203,19500000,0.0001372045955816,178352331.59993735,1384.968574250746,1383.9619776537559,0.890370925496542,1715.918079210678,1460.0498749015196,27006887197.889553,18950685226.465134,1.031538605955234,45222347.22695692,165249.25718836495,287724.4698213834,42555.88671827364,20
2024-02-15 09:00:00,1373.109345395118,1381.6448023641046,1364.3442396966557,1377.4630634712853,1533.5654128142637,19500000,0.0004644164423493,187642107.46994764,1377.4630634712853,1377.1519948205305,0.9750471967570998,671.4986483770796,602.7123907667851,26860529737.690067,12470237206.90722,0.96389465097379,11819803.063617125,174424.69300575522,516886.46494576207,29930.064261961637,24
2024-02-15 10:00:00,1362.4909342482715,1374.6006922805009,1358.423919464744,1361.2748760505758,3207.087644625848,19500000,-8.011472867490531e-05,183418205.91897842,1361.2748760505758,1361.102099730588,1.2426514724397744,1660.4257004625088,1505.0482847200308,26544860082.98623,15685805349.294495,1.000514220039196,23707160.343073636,190231.6349822492,487804.90449138544,37450.78803930626,10
2024-02-15 11:00:00,1364.7512008564033,1372.176786093745,1358.570240135461,1361.6426231217574,2691.5304628259946,19500000,0.0003302016093161,227277762.34472463,1361.6426231217574,1362.7986025598088,1.2054619999934535,1804.9120431166173,1058.6077986633975,26552031150.874268,18217948957.55332,1.0366832046244694,36763148.541544095,106891.9204216554,363323.0798947158,15460.038641137618,16
2024-02-15 12:00:00,1386.9303730174145,1399.2170324014971,1372.8220758644911,1383.6022539239752,1158.4218412751163,19500000,0.0001125563427347,211991924.61158118,1383.6022539239752,1382.1241213146604,0.745860754439658,768.0436947398136,348.8191513530538,26980243951.51752,17602360787.726627,1.0081703417427412,19029748.9591532,212754.89362604983,467949.8708897704,15287.369184920271,10
2024-02-15 13:00:00,1387.556285319583,1391.869282127065,1383.5889157206996,1388.7411731288553,3842.3171360553215,19500000,0.0005474699549346,190642464.57461098,1388.7411731288553,1391.682680468261,1.3866028580741323,1909.9292938418048,2302.2873420973374,27080452876.012676,19114674325.203487,1.016630797149969,24240088.0062386,132375.3549474508,503625.2385784979,26505.898458204854,17
2024-02-15 14:00:00,1373.9692122248407,1378.503645093925,1369.7941565459723,1370.775457714711,4830.334776364592,19500000,0.0004872674357918,206471610.47986886,1370.775457714711,1369.8718653050482,1.2131613109014998,2915.508801261411,1796.9715814264491,26730121425.436863,14224445267.627766,0.9583633808465314,33835979.37160376,145673.39979722633,559192.6986533853,24943.03154632876,7
2024-02-15 15:00:00,1407.5579209859852,1414.186845114887,1404.4392046304008,1404.9510556587277,10553.134856945682,19500000,0.0001590937913777,176897851.07534415,1404.9510556587277,1405.0792582900838,0.9699652335109602,7026.784281369319,6246.723401013143,27396545585.345192,16444920014.993927,1.057563697918242,48978184.814125136,177213.2042438761,489950.8155571489,32045.06943388776,12
2024-02-15 16:00:00,1457.6390252716599,1464.6368598002489,1443.7509410372395,1450.1778098664836,2451.36734617857,19500000,2.131521369518185e-05,186840564.36172095,1450.1778098664836,1448.6406367023476,0.7879312110021142,1544.5164521858835,1215.6572080212086,28278467292.39643,18467636903.150745,0.9762587679230376,15902749.764220955,159715.36528383385,471804.6781124805,13504.298719487444,13
2024-02-15 17:00:00,1462.5422372984963,1479.3522937758175,1453.516471191419,1464.7393514119171,2277.068278375433,19500000,0.0002519817729038,198831236.98322126,1464.7393514119171,1462.9843607583182,1.2346675308056771,1340.1522748751663,1300.616047520895,28562417352.532383,14296831942.894726,0.940167245747494,15438085.69127214,183823.73403998755,534642.9733098245,27202.90980783336,20
2024-02-15 18:00:00,1492.1757105755848,1495.400970455881,1479.2104161701343,1493.6915104423103,1711.78075491059,19500000,4.58649918618502e-05,204434127.40584868,1493.6915104423103,1492.534753302226,1.0999728526150556,763.0651021659868,1010.2259410240962,29126984453.625053,20235739852.799572,0.989466227865248,18277216.29820324,168629.11215693408,416104.6191476376,29637.05128134571,8
2024-02-15 19:00:00,1530.473789927622,1544.4584678099557,1528.7779577035597,1531.4113783154835,3308.7341170527498,19500000,0.0006040921317935,195638901.00983042,1531.4113783154835,1530.0782491548646,0.7470974287737299,1395.957596684581,1556.2589954206364,29862521877.151924,16228519206.46528,0.926575484454368,14426301.131485876,151397.9270831062,480412.6225466202,29168.70363179604,18
2024-02-15 20:00:00,1565.0391517255123,1580.1053190424634,1561.9611449932956,1566.5750913444645,3298.288875103159,19500000,0.0001235410234531,201121344.3511624,1566.5750913444645,1566.0827841181435,0.9546451148307302,1927.4759994654485,1978.6679143646768,30548214281.21706,14601807880.753462,0.967446245656265,14842815.836305961,238515.49180161295,390732.0700174872,19496.528160280333,15
2024-02-15 21:00:00,1583.2696727603739,1594.8672287770958,1574.8815003617767,1586.0929840941703,1986.9415632982184,19500000,-2.169278975385115e-05,198409735.7728033,1586.0929840941703,1584.698863828784,1.868684277968777,1092.9821792985992,1053.4743758397904,30928813189.836323,21022635589.042023,1.0767553549931337,18083553.32666242,194272.36233167813,552417.4787687811,25734.416835859745,13
2024-02-15 22:00:00,1596.478104298239,1610.871211236299,1590.6651940191268,1605.3482166908968,2731.305718489435,19500000,-3.788452582217769e-05,194606808.467164,1605.3482166908968,1606.6253553517056,1.0033058036392004,1287.5675543761922,1248.6010232927451,31304290225.472492,20707956836.97448,0.9885987766749034,43705098.57901157,175523.69574850952,320634.70939068974,17453.62901371202,13
2024-02-15 23:00:00,1620.8717549726732,1630.7054778675802,1613.05044171827,1622.282165379715,1108.3937415107755,19500000,-0.0002639106755596,192553820.3550313,1622.282165379715,1621.1741727870985,0.8620912815398222,540.708759135103,550.29863362574,31634502224.904446,22621956737.620884,0.9571663849606062,23552609.498603165,193518.80306913576,520917.7479366581,20173.319135581933,11
2024-02-16 00:00:00,1588.3974134418636,1593.0429629001637,1572.5569682393068,1587.2249048195604,4737.137711294922,19500000,0.0002669677384279,190559819.51401073,1587.2249048195604,1585.9649410985219,0.8173406448481915,2452.066370488761,1697.2283652933618,30950885643.981426,22211049569.36412,1.0007589365969836,27021082.39469312,136443.73718242274,443983.1065455183,16108.769598046336,12
2024-02-16 01:00:00,1608.1986168270334,1622.6505051132924,1599.4356767863756,1609.7865806433845,2027.7059723750808,19500000,-0.0001460033607918,200862852.43535423,1609.7865806433845,1609.3149632973823,1.4253534195447122,1112.5135663355904,615.0230654281894,31390838322.545994,16748824606.88387,0.9730658876490408,18208374.863616385,280321.6395191083,536637.1603921275,17542.824435256895,16
2024-02-16 02:00:00,1572.9433704184582,1580.781019411569,1560.3739216401711,1566.8783566418113,2929.748389091465,19500000,0.0004294444756563,203757914.47629875,1566.8783566418113,1568.590702228137,1.1847738327299195,1514.9075314411675,1104.6229699738012,30554127954.515316,19628241669.312386,1.025935575990218,34380246.79280593,124006.67821743964,378469.6357005231,20490.390548312454,19
2024-02-16 03:00:00,1542.369845559682,1556.6497561441608,1527.0681712430853,1542.328585763063,1460.674054538419,19500000,-0.0002878805162004,200324005.19000894,1542.328585763063,1542.8142282865983,1.3250998601953214,753.9816909017995,628.8074120198717,30075407422.37973,22548642692.553295,0.9733136566184188,56507476.64622137,167425.23369115771,450447.4566239906,19009.972249719627,15
2024-02-16 04:00:00,1587.3141511023114,1597.1982189289638,1582.1936575795332,1583.2261691317572,2227.918900542753,19500000,0.0001381724346919,179428999.6018406,1583.2261691317572,1583.2266606761643,1.050889613932028,968.5205555371548,820.8004707389167,30872910298.069263,16150914944.347336,1.0081220113040548,18709200.24662324,151507.9579607214,447810.7629125421,17542.16283563345,20
2024-02-16 05:00:00,1611.0590405025448,1619.345028615741,1595.2081026036751,1610.2171532369766,2592.0501965594776,19500000,0.0004450671275492,182026652.77881867,1610.2171532369766,1608.0706616823402,1.285057991712932,1709.91622275742,1177.3371140919687,31399234488.121048,18584045139.664536,0.9655882288938262,53195121.8032643,150075.8941529946,482519.5475560555,14914.972965060975,23
2024-02-16 06:00:00,1661.7453467196206,1673.5615086212931,1650.6807351511716,1659.003321775116,2964.176630329752,19500000,-0.000545674119387,203563479.0820921,1659.003321775116,1657.2734649765591,0.8439482698516263,1727.3627401748822,1474.3317842323386,32350564774.61476,23391072929.070164,1.0779708443437166,30871613.402178254,145282.55943282635,358788.23180545616,39669.13611697981,16
2024-02-16 07:00:00,1651.1001990676255,1659.4206372465003,1641.8657229003106,1650.1786021933365,3789.033520456191,19500000,0.0007054796631376,221805575.5506011,1650.1786021933365,1648.2340153256714,1.0330526905887698,1681.6892306431466,1882.1575191615664,32178482742.770065,15475401174.04488,1.0151087116008195,26864689.007744752,134198.12070731263,502445.7825226263,18955.15332917491,16
2024-02-16 08:00:00,1617.1613803405687,1631.78870772228,1597.877429050221,1612.7463754328671,6121.347565707629,19500000,-2.75855591594328e-05,199589066.47761092,1612.7463754328671,1615.015269644618,1.0590906928046653,3226.943789549839,3477.717086060298,31448554320.940907,22909484642.434555,0.995634826075526,31315615.823007498,219056.62810641096,305841.16403391457,24318.427421860917,14
2024-02-16 09:00:00,1605.3498011599872,1608.3108040263317,1597.026803379303,1605.1702168024274,4299.936230195865,19500000,0.0001423286146486,190782469.39042583,1605.1702168024274,1606.1823779474926,1.3184929586537248,2257.5300464288325,2536.514016928246,31300819227.647335,18669269658.544163,0.9912112524810616,31195627.721779678,120430.04228295069,387097.387862189,12994.850117198455,17
2024-02-16 10:00:00,1610.2060955400173,1625.8790153765522,1601.5577059587704,1608.6099661091678,4822.666508334873,19500000,0.0002714347676549,200740812.26309732,1608.6099661091678,1607.384815768119,1.0658457420774077,2798.044861802797,2735.4574555219465,31367894339.12877,22519395181.545578,0.9833920005025192,56087283.76118844,208124.3412758665,323661.66280793666,33100.20450923567,22
2024-02-16 11:00:00,1612.494893581242,1625.5914247559915,1606.9236908081496,1611.3143385638848,6142.898971871112,19500000,0.0003178387168346,180029663.49102098,1611.3143385638848,1610.5660898757662,0.88240658510717,3579.2269535955093,2985.771327607066,31420629601.995754,19996447604.35637,0.9771725956057744,32856698.66925667,191402.6175429076,522115.3815737148,23159.21867489296,20
2024-02-16 12:00:00,1647.4803788798126,1662.619410127689,1636.6265019137252,1648.43081614586,3963.38580720192,19500000,0.0001821651814779,218936733.68752888,1648.43081614586,1647.2352254687025,1.012897228783799,2352.533600940193,1433.672561141791,32144400914.844273,20939848435.276207,0.9763480982145644,33132352.32777444,147971.83300209598,479273.2415976757,19280.271251416903,12
2024-02-16 13:00:00,1638.0525114369475,1645.9627953130275,1627.4032866042073,1636.7268205904497,2926.745700111971,19500000,0.0003992153751119,200135548.57252803,1636.7268205904497,1635.4405804603375,0.715135931413784,1783.4737116975843,1706.3961970434625,31916173001.513763,21763501941.76548,1.0503498655138586,22543965.398249082,185934.886894829,484662.3439304967,19330.85259935031,16
2024-02-16 14:00:00,1655.822580758214,1669.6851530586034,1644.9226156753589,1648.4560059041057,4937.211381531699,19500000,0.0002557212138765,186888236.2801098,1648.4560059041057,1649.3796375041281,0.628641745432657,2127.96878447534,1740.160233826791,32144892115.130062,15112626181.96729,0.9834215812683628,37326301.15152173,156455.24061188332,594001.9488607249,28590.30511449288,11
2024-02-16 15:00:00,1615.4694776562708,1621.3021096071213,1604.0091285429037,1616.3435863825378,5097.495618864865,19500000,0.0006282643420096,194556714.3414279,1616.3435863825378,1616.0404634148588,1.1808898613044194,2505.300122000309,1760.8188113364406,31518699934.459484,20119347542.470093,0.9361174328008474,18198306.83728801,123592.90449662668,415322.9403722818,9082.19671569532,12
2024-02-16 16:00:00,1632.4981949595037,1644.9369852210905,1620.6238989792303,1631.129791592983,4122.779781097842,19500000,0.0002566982628563,189029757.49336016,1631.129791592983,1634.6875592811684,0.9277910091078756,1670.5682838785074,1629.6144555849598,31807030936.063168,23129474079.46027,0.9650209683736032,27873291.71450825,123920.0137850504,499776.929214482,17201.330223510748,14
2024-02-16 17:00:00,1635.498201908784,1637.7952617238145,1624.9122525205514,1631.3943349985266,1440.4145044793197,19500000,0.0006893906559649,218984498.98727804,1631.3943349985266,1633.5973043664533,0.9490598084113322,772.627470293426,679.9932824642976,31812189532.471268,23440402026.543987,1.0278317385999742,84553187.19377948,191733.2532648503,448293.9656051112,21253.457111484517,13
2024-02-16 18:00:00,1610.9381526300897,1615.884569092712,1607.2020217432125,1607.2727565620055,1957.199538174656,19500000,0.0003703236520712,194005816.60818794,1607.2727565620055,1609.5381759141474,1.1807966477244831,1035.0239202721857,987.2932376327816,31341818752.959103,23208504996.59861,0.99243027830226,9800088.148956398,189262.9469637236,434848.55023354926,21180.08591631946,14
2024-02-16 19:00:00,1599.9072326186208,1607.0385417378568,1592.725026433997,1599.8697431342066,2598.1968079135268,19500000,-0.0004417250377304,199636179.6005203,1599.8697431342066,1601.1038138195815,1.3223389190726529,1611.656488952589,789.8201399284748,31197459991.117027,20083360619.57548,0.9959775519959088,29292342.883069348,172905.91015297602,574540.0958373372,46704.39679931931,12
2024-02-16 20:00:00,1586.5479030225831,1599.2850958121494,1586.4517880922906,1594.146846190715,4401.98348496633,19500000,0.0008833308035163,206430844.90643856,1594.146846190715,1593.6324802510712,1.112820285792692,1981.4872056942736,2348.047402803797,31085863500.718945,19894519130.60655,1.0350944335425727,29746649.881858796,147579.2893379713,670900.3348660175,19904.91487507893,12
2024-02-16 21:00:00,1587.3539854970031,1593.4973171064191,1584.526035850161,1585.7152983685212,2949.31078685954,19500000,-7.230323254316563e-05,185825120.66987744,1585.7152983685212,1586.821796049182,1.4705177740874589,1738.466339016499,1039.6493492681504,30921448318.18616,19039557746.17098,0.9766850023248308,24357303.215914764,155187.9305437533,405836.913674324,29645.573383631512,16
2024-02-16 22:00:00,1635.769920365213,1656.5382350380562,1628.7261331063175,1643.063394182561,5262.883327801458,19500000,0.0005486632045605,200249503.30620372,1643.063394182561,1642.654546290905,1.105765468494876,2589.382065426595,2046.9745529325085,32039736186.55994,20257636087.8955,1.018972531663927,24588027.656950187,150033.17431249944,522690.04454307735,37929.98184207287,25
2024-02-16 23:00:00,1644.8168886891604,1649.0387371123084,1638.6520253576246,1639.995507778241,5753.814553068231,19500000,0.0001080380329358,201546917.1700869,1639.995507778241,1642.8331527286518,1.062306717913138,2960.768792472262,2282.1125529904043,31979912401.6757,20263603918.698612,0.9799635055063722,27677816.875952903,105162.701317679,471570.2594291049,26935.06439147772,15
2024-02-17 00:00:00,1632.731649595089,1644.9000911713301,1627.6790746629658,1632.1784264022879,5429.407192621203,19500000,0.0004183270772807,174119360.2704203,1632.1784264022879,1633.0015003321814,1.049252246729278,3343.353256283734,2170.3175670600526,31827479314.844612,14727290178.425802,1.01727629910257,24125419.558512393,165266.28699155294,472702.96275521617,17995.10721637331,11
2024-02-17 01:00:00,1568.4124247328327,1569.5685339833074,1555.0225853076101,1565.2828794761076,5446.727683260502,19500000,-0.0001065436732597,201196706.21449292,1565.2828794761076,1565.8500759416295,0.7732915671634103,2295.601894358889,2876.472885500772,30523016149.784096,14549143176.14221,0.9882659424769102,29161788.515620623,185463.56289666877,464833.9601267026,14982.733607037078,20
2024-02-17 02:00:00,1534.9173906604801,1549.4664352477662,1530.1804000965215,1537.6917283309124,1774.9065411865192,19500000,0.0002877233629268,196449692.96581224,1537.6917283309124,1538.0408960856605,1.210701230551828,892.4848940058274,554.2736872451633,29984988702.45279,19065204588.04267,0.9927535247543292,21955618.30422238,165529.08519110727,413901.955256192,27546.371083948077,17
2024-02-17 03:00:00,1525.0254528001863,1541.8916053260082,1509.81105781033,1529.7754283702172,3794.537265527024,19500000,2.4042836381678377e-05,199230939.45825207,1529.7754283702172,1532.590622732449,0.6131821732973376,1963.2820801002044,1362.0694352270257,29830620853.21924,16235760741.047699,1.0246040097253384,59920847.06961693,253289.22409112955,215993.5635441613,36080.49043590031,18
2024-02-17 04:00:00,1509.8725829204836,1515.937722597723,1495.2577996802825,1509.0855815576128,2200.050248960792,19500000,0.0005737009334769,197733017.70563483,1509.0855815576128,1507.072838159422,0.8893623164315151,1352.4254351041502,674.7461037043046,29427168840.37345,15903255570.221394,1.022440744230475,24125318.54238039,126609.07439289703,601367.7149380291,25946.42018662009,15
2024-02-17 05:00:00,1551.420301627993,1562.733995727359,1542.3396849408139,1551.5245747537695,1306.9700970919855,19500000,0.0002316004502251,201300927.084518,1551.5245747537695,1554.5318759513436,1.004596602227248,600.9021447692086,697.2552640791607,30254729207.698505,15370376391.535875,0.9950371604378624,33512279.078749906,137960.69031573745,385021.12521986215,31889.57542500268,17
2024-02-17 06:00:00,1545.049151991446,1560.7228080950445,1530.1093434257614,1546.569556146121,2581.857639068849,19500000,0.0003807827923904,219434724.66234952,1546.569556146121,1546.4363132903663,0.853890370953515,1766.5686981613826,1536.5066019298547,30158106344.849358,20818773853.53975,0.9858512899001564,20418735.951527696,168258.16056079374,421547.8491136626,47934.18074082421,17
2024-02-17 07:00:00,1587.3682906748425,1600.0785545163667,1573.323260261006,1587.0995589122265,5781.211159108126,19500000,-0.0005492230614419,179415932.44903898,1587.0995589122265,1585.026570448836,0.9136102830514496,4042.966224331381,2878.2577668654158,30948441398.788418,22880137885.428555,1.0479744275344496,38757510.6578543,172981.80638553374,423344.4460764358,28316.849221554858,16
2024-02-17 08:00:00,1598.0144293902647,1604.2538209654588,1584.1503161574653,1589.2183098085866,3753.225959635548,19500000,7.432819606341242e-05,191846421.02425903,1589.2183098085866,1588.1818061612241,1.444661608607704,2423.356823594609,1790.4454959774264,30989757041.267437,19781611068.502827,1.017679924344939,35782339.557009876,101184.19459465431,378223.02784024953,15832.342813681693,11
2024-02-17 09:00:00,1593.215789441746,1600.930355605867,1578.6382757513072,1590.5610617603672,8175.561560343078,19500000,0.0002231654905174,207970623.92617097,1590.5610617603672,1588.0944081139835,1.247079948304404,4005.320025973078,4679.853836630524,31015940704.327156,22754099543.79321,0.9882657457402636,31556242.90848591,189221.676820284,464189.44215874776,22366.469737078307,15
2024-02-17 10:00:00,1591.230619602052,1603.6319954908622,1585.7248782596007,1587.8976269106588,3257.1734964052343,19500000,0.0001670844719319,204903967.40634796,1587.8976269106588,1589.0943566684796,0.8718258954743671,1951.5680598000909,1226.2808590773695,30964003724.757847,22144379370.473656,0.9804074691013074,17692365.269132767,173178.68641513115,438509.83221037855,33225.221760168606,17
2024-02-17 11:00:00,1590.857644751348,1595.5124081520917,1577.305114134257,1588.17700242602,10136.533723058385,19500000,0.0003883471641153,204551503.0753364,1588.17700242602,1586.6868271407411,0.9103616851798336,4307.463337416962,3243.069336120591,30969451547.307392,15960976896.118187,1.0307469252082642,19749064.676240306,95812.81890549604,383345.8273526662,20442.39199600526,11
2024-02-17 12:00:00,1648.7497516940564,1662.0037663788103,1635.812795089584,1643.8856186109404,3257.6475803396,19500000,-9.771273541236332e-06,245759527.05514842,1643.8856186109404,1644.3272775236,0.7746059816323344,2154.555318519217,1475.6849421955062,32055769562.913338,15901513576.33032,1.0034620025815948,52380613.03317737,158074.65221198034,455823.249828113,34603.55420450948,22
2024-02-17 13:00:00,1568.9243999562425,1574.6701885551076,1568.6604136897831,1569.52104293681,3014.6534122529165,19500000,0.0001146361315103,207099258.9589758,1569.52104293681,1571.4581725372068,1.1514232169964942,1672.5232659140556,1139.854355595456,30605660337.2678,15715273138.69343,0.9950934101462174,19661803.89724414,132968.11206074234,439498.97390096897,21588.562307043645,15
2024-02-17 14:00:00,1501.88592215216,1520.238435474187,1497.767303055336,1508.0834250934167,1572.3159771067144,19500000,0.0004543680293244,215841074.7837873,1508.0834250934167,1507.2207758445734,0.9512784235122356,712.1518269002821,684.4676420545775,29407626789.32163,14082218951.499556,1.003449255266878,34481681.65045277,145316.46841617097,532622.2428500728,24350.4163343394,17
2024-02-17 15:00:00,1491.375621138802,1493.2333479955232,1477.12728365974,1491.9383389028362,5194.114154590081,19500000,-0.0005836067010336,192385579.26507658,1491.9383389028362,1491.687538558302,0.6748307946145158,2587.8373577760203,2269.2563001703184,29092797608.60531,18179034614.499603,1.0101339062391097,18287153.45273172,116479.9930577947,338379.5395161834,19826.55912693716,25
2024-02-17 16:00:00,1494.9442060345941,1495.607920852395,1487.807288935387,1492.5211406190635,2319.106904361971,19500000,0.0002768051504915,182114272.03502813,1492.5211406190635,1490.7250905138487,1.020361236838743,1484.7451699527332,917.5535966665656,29104162242.071747,15564760820.274172,0.9982993255770768,39941690.07844884,180601.30930117477,376593.6884690457,23106.30728997024,22
2024-02-17 17:00:00,1510.4797793017472,1528.5141724941743,1507.7389464457765,1513.4152006208178,2157.0054656432017,19500000,-1.6544779806597126e-07,192274099.19455275,1513.4152006208178,1512.9787965889238,1.0917651354028994,1425.927354364027,961.8030738583474,29511596412.105938,21362707101.46105,1.0361106060052898,20277429.19767858,252822.79193019,511477.8309418897,23476.007668498554,14
2024-02-17 18:00:00,1527.4165351283002,1541.240411654706,1524.552148804791,1527.95549377423,5656.809286161037,19500000,-0.000173695437366,208726370.47478786,1527.95549377423,1532.0412828629485,1.212431921012988,3144.69956847027,2342.1767922621907,29795132128.59749,18890779153.473145,1.0377801542863596,18152207.765214823,173903.5116329697,389278.9307633698,13594.728986490709,16
2024-02-17 19:00:00,1514.311904732111,1529.7975048312555,1507.0551212165826,1516.4099177302596,5319.376277537177,19500000,0.0002009632672827,203692922.24861777,1516.4099177302596,1517.7412242874213,0.985436135238083,2894.2377911891367,1776.2344294706336,29569993395.74007,16496601555.818972,1.015956643576054,20068077.281721625,94859.6751171524,369283.3621727639,19293.470705218213,17
2024-02-17 20:00:00,1552.437186075848,1567.205209726176,1534.7451217814144,1547.7875417491568,5250.222226806443,19500000,0.0004682353890425,203634650.2234351,1547.7875417491568,1547.532574059046,0.9281756996873254,3282.5461665595244,2940.2174401118423,30181857064.108555,22497320522.887596,1.041241569714869,21381932.92541998,174800.22149439936,393148.1578522685,15215.007784192208,16
2024-02-17 21:00:00,1582.5353591793391,1589.4718697608735,1568.189132529184,1580.1668249543898,2487.1790435080825,19500000,0.0004117431494452,193818043.21011284,1580.1668249543898,1579.3582724948892,1.4877321836385018,1611.3360719308337,1269.4116989406036,30813253086.6106,22677270861.778896,1.0002549030441468,31372656.14927155,155024.7874193492,433568.1435179543,19494.10551909182,17
2024-02-17 22:00:00,1588.2198796135194,1592.7754589147492,1579.2238522077073,1586.1529934020045,2905.9396232962463,19500000,5.946609072801142e-05,191361275.9963232,1586.1529934020045,1586.2439856132053,1.00131809915,1829.155446686352,907.7942072678036,30929983371.33909,21143259401.33804,1.0207099301501386,27435034.574438304,123592.71304380342,433897.7615157389,17351.78859482221,13
2024-02-17 23:00:00,1619.1594643749113,1621.2647763877967,1613.7735957146945,1617.1490204656436,2893.0679752355686,19500000,0.0003627222891282,194353519.9910887,1617.1490204656436,1617.5210468142113,1.1547829062144632,1490.8801343686785,968.4137922464972,31534405899.080055,21680064964.082726,1.030133689566158,17218853.48444298,177798.46306536076,424220.3585535792,29838.248400232,16
2024-02-18 00:00:00,1626.032728160196,1634.304305935737,1625.28369780834,1626.1538741928925,4408.364730819816,19500000,0.0003604203695337,208935456.62609735,1626.1538741928925,1625.63501775248,0.897710245997138,2612.298758512878,1450.1507158561333,31710000546.761406,23566271167.535187,1.0305711484004982,26387450.644657515,202793.03015403904,360153.9904815004,29942.0756071149,10
2024-02-18 01:00:00,1608.7910788101042,1612.3311965590033,1600.715860552808,1608.155676295835,6481.986715450333,19500000,7.378861885204995e-05,210887653.23251572,1608.155676295835,1609.168909567917,1.1479548069189778,4260.013346911694,2064.662270077901,31359035687.768784,19760484493.90876,1.0274799744321503,16889071.99684306,137706.0513332942,516397.339253831,26058.212231213725,11
2024-02-18 02:00:00,1627.0541886208816,1646.1781579613867,1613.797352184966,1630.9200712619622,3583.421243294555,19500000,-0.0001079241655964,181920179.42962843,1630.9200712619622,1629.5281666206545,0.7474216475959736,1596.5151813002344,1138.5139645206175,31802941389.608265,22707489532.32158,1.0189356758224506,34518323.33773839,107911.50772249712,576796.0128830075,15058.61046708946,18
2024-02-18 03:00:00,1627.5472158257137,1634.7609892890061,1615.6712968545876,1634.6955497707042,8001.990023604739,19500000,-9.057020933669894e-05,209569358.84435126,1634.6955497707042,1633.2923472584296,0.91172806369531,4132.55577406738,2777.760403303644,31876563220.528736,14964398945.73949,1.0587138434691423,37144975.30717312,98428.13235680056,301919.0646896025,21387.449710250647,12
2024-02-18 04:00:00,1635.3935734293057,1637.735403675717,1628.2226117544958,1634.9028372976536,4668.519183337988,19500000,0.0003513560046604,187168569.09732512,1634.9028372976536,1635.6715611844697,0.7853271881189846,1946.705576988453,2588.0441346076173,31880605327.30425,19645426950.099438,0.9838091264420352,26429700.926422678,137802.7682977901,324257.0604055116,14703.521567127453,11
2024-02-18 05:00:00,1685.0415427673188,1689.1947632846643,1673.9358778614567,1683.9503757397476,2650.75637542426,19500000,8.73559558861928e-05,204707284.9453477,1683.9503757397476,1682.1508360573018,0.8860386871514139,1385.4527717103165,1453.860319698067,32837032326.92508,19727008132.295116,0.9953433763731936,29747012.580377463,156548.96770182252,540673.7872749628,21074.35092833308,12
2024-02-18 06:00:00,1607.4364034136363,1610.6345060228198,1596.5626846556727,1603.5581513020775,4511.367957680778,19500000,-0.0002138546659191,194165344.80727804,1603.5581513020775,1604.887528675475,1.284146131082427,2849.76177737677,2413.328961726698,31269383950.390514,14425103357.238337,0.993564685700496,53780825.08355241,143057.0254456107,605590.4842939338,26748.30404610796,13
2024-02-18 07:00:00,1563.7848443134903,1567.3155332864517,1549.859578411545,1558.8857782005543,6995.134670818717,19500000,-0.0004054588506527,223481901.29418525,1558.8857782005543,1559.019404934805,0.8847367128321052,3211.526017050618,3388.5268401253616,30398272674.91081,14472179751.562218,0.9889579856570856,25053816.0017749,137197.8710238164,288994.8669907205,29662.27445107884,24
2024-02-18 08:00:00,1527.244284619126,1537.2637341718032,1514.5849232816126,1522.4637530476248,8096.15463623792,19500000,0.0003495494356289,190684718.93665907,1522.4637530476248,1519.833073893571,1.1544813841636232,4554.622505763199,4186.10109641302,29688043184.428684,13554125908.787224,0.940336838697552,18290177.5210945,187582.66022573377,520782.25684377656,25383.4694975774,16
2024-02-18 09:00:00,1508.5767518445564,1516.5446175346362,1498.3038480272423,1511.5939647251091,5396.1751298702375,19500000,-6.403352667926712e-05,200007785.95347023,1511.5939647251091,1511.9106423389223,1.3545279759536464,2217.696959387773,2814.344722104947,29476082312.139626,15864160182.436811,1.0412459441712474,33640996.01294294,182719.32504940836,613893.0321972949,32129.872029494967,12
2024-02-18 10:00:00,1503.006984924744,1513.3170216908136,1495.3760855433602,1504.0666451033521,3019.471897888983,19500000,0.0001991163266967,206974335.16962186,1504.0666451033521,1501.68247893771,0.994499719518665,2020.9174355019577,1711.4181354641926,29329299579.515366,13669018875.187237,0.9692187862286116,16962513.855296828,171082.01676266885,372323.19016212487,23811.570954676383,13
2024-02-18 11:00:00,1460.9490093172506,1473.9552237792245,1445.8182101141374,1459.546868482494,2674.862812510124,19500000,0.0004719120721207,183855595.10558316,1459.546868482494,1460.70481751926,1.2198811317558511,1727.9651443459277,1390.1339845451498,28461163935.40863,16420608918.583788,1.0050944472623828,24528599.49243168,199610.2403866947,606787.2809512506,20535.94241397284,19
2024-02-18 12:00:00,1438.4611469707133,1447.1286919312438,1425.0877551735416,1431.2137533766668,3976.012659620978,19500000,-0.000292677343056,196024329.9357323,1431.2137533766668,1431.0009113833191,1.112063381135083,2215.9223394584847,2071.2552574824126,27908668190.845,19363701661.37228,0.9573441646697534,20998926.762139525,138126.2169621677,426941.0147133071,28626.78660077735,14
2024-02-18 13:00:00,1411.089152695142,1420.889629574895,1406.700447046364,1406.9243773938094,6884.220913197945,19500000,8.645878584614653e-05,193009721.3868096,1406.9243773938094,1409.6694053403614,1.0235606544046127,4211.326444659154,3725.908001490252,27435025359.179287,17397892319.833195,1.0186214719215922,20152722.98515762,123792.26917932702,471147.938478131,28909.99985668185,23
2024-02-18 14:00:00,1481.2566318317026,1486.6706736761705,1474.4543331704676,1477.947810662029,3702.948085020866,19500000,4.87917561343391e-05,189229822.72896948,1477.947810662029,1479.67894991597,1.1619075775376366,1596.618083119503,1728.9303700110452,28819982307.909565,18794576044.050392,0.976438118921794,24143913.27497446,142830.88420420434,383139.0806457497,18821.375366234828,8
2024-02-18 15:00:00,1531.1414044426726,1534.7775627658418,1523.476405564722,1532.3298425564167,3741.5900081555815,19500000,0.0002139228626883,190354763.63286388,1532.3298425564167,1530.8577447595974,1.4448241490481553,2445.364225217816,1361.5969201285443,29880431929.85013,13728624394.286926,0.9659211422767284,38245422.456521496,140389.2649358272,540476.1045599482,24678.672240653206,15
2024-02-18 16:00:00,1517.2301466123824,1524.7875282181315,1509.0284275114268,1519.9149232115178,3058.5582603185035,19500000,0.0004717479995261,215514569.7133335,1519.9149232115178,1516.9955620288576,0.8803341017338546,1879.724023371689,995.1409060305416,29638341002.624596,20801904014.967766,1.0058303039344512,41526628.148950644,97458.08196618797,522766.6269723084,20165.045984147902,15
2024-02-18 17:00:00,1511.4346033443962,1526.009104970956,1500.7178122694565,1509.0535947896412,2530.2021220893057,19500000,-0.0002988355443987,187951375.70412856,1509.0535947896412,1508.065011883129,0.8254387795470709,1103.143377368321,1077.1401083446333,29426545098.39801,14532508631.83875,0.9789779625855212,38650112.7997605,142003.62154742095,624646.9387764944,12057.251707242842,13
2024-02-18 18:00:00,1471.6656682620073,1484.0835995902578,1461.1498503499208,1474.9124262133491,2748.835775557229,19500000,0.0002709393846117,206310017.92832628,1474.9124262133491,1473.258667967036,0.8158025640370058,1908.2604477149332,900.2593889981617,28760792311.16031,15553700236.530466,0.9827752271174088,30526922.034797393,214531.6671373438,590143.7757000184,25135.386365806,13
2024-02-18 19:00:00,1419.1513062254387,1423.7685652644916,1415.2536335219581,1419.8283836230573,3189.7983883032744,19500000,0.0004094571324981,202195479.2350707,1419.8283836230573,1422.5626012182295,1.220042377682612,1297.479627706554,1118.953234586558,27686653480.649616,16751482113.273102,1.0051536884559886,24070348.342020538,198831.5688548865,441604.5119436616,14937.697725843993,21
2024-02-18 20:00:00,1416.329720644406,1423.0428354641392,1406.9124922244837,1416.6549221372188,7037.793650542795,19500000,4.408688081296519e-05,176321483.39689052,1416.6549221372188,1416.7819753165934,1.2534171288523588,4142.116387632897,2161.672420185998,27624770981.67577,20138403605.61451,1.0239996836090326,10390971.97816639,185590.13838832895,823793.955020832,24305.72656801621,16
2024-02-18 21:00:00,1393.226282960396,1404.8668701954457,1379.0241916785405,1388.8018045925342,2644.250953322201,19500000,5.876590213206294e-05,205531828.13114682,1388.8018045925342,1390.2370184926833,0.8981597001626501,1193.9493754898074,1031.4215173766445,27081635189.55442,20296189328.09366,0.9754479853638488,30911607.03576461,168199.24045900017,579637.6985641664,13896.71985132548,12
2024-02-18 22:00:00,1385.602007054528,1395.8541860164642,1379.9032926915852,1386.585643430623,3060.415707843209,19500000,0.0002255348106954,176088426.38451466,1386.585643430623,1386.3290822236895,0.652331304818771,1884.534505434639,1808.7036840288165,27038420046.89715,18515861516.487923,0.9702642257802552,10722396.217141751,233800.7723631769,492920.512122986,17749.273720185407,16
2024-02-18 23:00:00,1336.4940420335051,1350.5759174835152,1331.1190759845147,1343.0460914196688,1933.933266128674,19500000,0.0002034451233669,207330615.3082232,1343.0460914196688,1342.9390943109202,0.8737584207620778,814.4216054595872,800.0283179732558,26189398782.68354,17515319765.132187,1.0007045100004683,12363152.024691416,124861.20336493476,362423.6536480548,19339.798680776483,16
2024-02-19 00:00:00,1324.2008272710734,1335.9221614061555,1320.499266205059,1322.8662017210102,4265.503612401561,19500000,0.0002747057822101,189330093.2585534,1322.8662017210102,1322.9553271558427,1.1157991063919643,1809.9822775815048,1587.9095681139825,25795890933.559696,15691761675.28611,1.0161775774077424,25013114.966421258,127873.04560608878,325785.16959718056,31587.521460458596,12
2024-02-19 01:00:00,1325.0818982890921,1335.859863812448,1319.59622650513,1326.937014230371,5903.729739243328,19500000,0.0002683841579203,197302232.56433365,1326.937014230371,1328.5380159113358,0.9867440170002378,3187.350020475161,2485.675924711943,25875271777.492233,16810858781.848606,1.0438826557558187,29662933.798736338,215577.08302540527,331371.18423663767,18768.69276051579,14
2024-02-19 02:00:00,1336.9390899253867,1345.5319949389054,1326.306751724565,1336.8251094775646,6716.0060765115895,19500000,-0.0001945916916846,177776110.48324972,1336.8251094775646,1337.375379786633,1.036727947739602,4689.1345135294205,2621.9392227919934,26068089634.812508,12860099040.815693,0.9678601120511888,22278751.724340364,163881.8834097314,367054.97175387706,15954.699653223455,14
2024-02-19 03:00:00,1347.9346015334536,1350.7267806404727,1335.682239873048,1348.168386606745,3300.014899181472,19500000,0.0003970799493114,199110099.22619498,1348.168386606745,1346.8777393835408,0.9006226841117437,1593.7582730052245,1657.1455365174409,26289283538.831524,13953269534.87789,0.9904609869618886,49317540.444694765,137613.6531783568,582719.1000809474,24570.541997643657,11
2024-02-19 04:00:00,1312.4420774090074,1314.5579667869506,1304.6512481090997,1313.1609121866416,3972.6042525941502,19500000,0.000450034948657,212347350.9427201,1313.1609121866416,1315.4228504234657,1.2248493109269505,2319.04129391417,1947.9268818313053,25606637787.63951,19087004951.163982,1.0352735807522575,32101668.638524022,186835.0006158197,487681.4877321131,20638.38402937187,13
2024-02-19 05:00:00,1338.0459302938439,1350.9599751126825,1331.9348532644283,1335.9342441982724,2760.6593881166964,19500000,0.000155824868107,184843609.5985613,1335.9342441982724,1335.676655370364,1.0710488053881682,1533.766376248637,850.8431529455177,26050717761.866314,19378725337.814407,1.0591928360841616,24150478.30682197,145857.18828968293,391337.3925080045,27921.943615660388,8
2024-02-19 06:00:00,1310.8243089867926,1322.7294210245748,1301.8806894968832,1314.855300005782,3881.625700537256,19500000,-0.0003482465919649,187821863.93832302,1314.855300005782,1314.3878424866439,1.1244485013907144,2533.2882161385646,1759.9172410190065,25639678350.112747,14022127752.086792,0.9702072700207374,46459981.37031107,132008.10829137836,430553.2109231355,16259.555004829424,10
2024-02-19 07:00:00,1330.359513252788,1337.2723747121104,1320.5129077534207,1331.736566750592,3487.6470016414987,19500000,6.557628819997284e-05,204473223.43699038,1331.736566750592,1328.1015847304473,1.032324583604591,1697.008404661939,1084.1696201469283,25968863051.636543,13563915584.207434,0.9778356424058005,49904575.268993326,131092.9702173019,420185.1470418987,23464.787323904588,11
2024-02-19 08:00:00,1333.4081017333872,1341.2621530803008,1327.162690431872,1331.5863905818892,3069.0771525792024,19500000,0.0001583217630821,204882534.8497482,1331.5863905818892,1332.5643070827286,1.1105702617473387,1738.580996969832,1544.387183258302,25965934616.34684,13472565974.549746,1.0114330028382958,32756153.110680014,176378.46599706265,519182.1864148219,46206.23566279174,17
2024-02-19 09:00:00,1293.9691202064903,1296.3610991239937,1283.2738461150884,1295.5602879031744,3193.5130075892484,19500000,-0.000243380071336,162281584.84641117,1295.5602879031744,1295.820711896487,1.0960516766432082,2188.153771278282,1854.6087252173336,25263425614.1119,15043342112.027525,0.9826677057342074,19569344.47420136,171348.34594157242,371105.0471665659,20500.74103023854,16
2024-02-19 10:00:00,1283.3790741302098,1298.1068896731238,1282.43327724204,1287.5218216201176,3736.711186694796,19500000,-8.041419073104018e-06,231666736.28065687,1287.5218216201176,1287.7792302656942,0.8305933736311389,1867.5176078415016,2138.319388477641,25106675521.592297,12983414458.134068,0.9772230473647014,21412164.08819824,237800.33967974773,474462.2219046529,23295.584680605494,10
2024-02-19 11:00:00,1298.8286172797104,1301.6424714936788,1296.9547728314226,1297.0942586850078,2573.2469434196805,19500000,-0.0003228108162675,205686183.65900043,1297.0942586850078,1296.7014665427216,1.077466679990598,1368.5084980762635,930.7785021246192,25293338044.357647,16302795484.280632,1.007334118191067,14959878.683006098,151369.27926754026,469778.7673907457,13382.296056552172,19
2024-02-19 12:00:00,1316.1746739274984,1326.7639047027503,1311.610039376868,1313.224922210106,2640.5740190422957,19500000,0.0002821876674959,208475356.76550105,1313.224922210106,1312.6008542989648,1.1715195119912265,1760.3228114340968,1380.4750504449703,25607885983.097065,12098341851.9222,1.0464825986121933,26235162.63722919,150725.05643791892,373333.12552345765,17053.42280520616,16
2024-02-19 13:00:00,1309.5402642278234,1316.6566515845793,1307.4972720974656,1309.6581209060066,7000.109052437732,19500000,0.0001497865944706,194919004.8536439,1309.6581209060066,1309.3050627107707,1.2598948854520282,3498.302099110732,3765.497200649734,25538333357.667126,12286573051.27197,0.9607155311470184,17532403.050440226,233259.8582681621,607800.0281880875,25283.72559475896,13
2024-02-19 14:00:00,1345.239821847206,1354.2714129895908,1333.4161184902166,1350.5362078045007,11559.621325997585,19500000,-0.0003937349494442,169972909.35254335,1350.5362078045007,1351.2967769517766,1.0867824277670737,5943.981900771684,6465.414808568623,26335456052.187763,14038912351.55937,1.0449500232333857,23393014.229868483,208232.7447638657,417018.455958728,19950.92280722196,15
2024-02-19 15:00:00,1380.1095272898629,1380.5264576637412,1372.3067003010592,1378.163643613081,1632.4161970818016,19500000,0.0002054394584745,208105489.7059768,1378.163643613081,1379.1822688562238,0.8244406655383075,801.9010196674744,616.8567816112436,26874191050.45508,18361333368.113407,0.9827569234425132,29615784.209043723,168758.60093517794,362743.0368420074,26484.896025433634,10
2024-02-19 16:00:00,1366.692434264686,1382.431730360373,1362.934963631131,1371.2446590487189,1588.0536054405122,19500000,8.304731578291264e-05,188453691.0771045,1371.2446590487189,1371.0649826829933,0.8502171717840882,1020.8952079668644,691.2010524134457,26739270851.450012,14626029847.51794,1.010373757637746,12068320.653284699,110166.35486777883,524696.876065779,25021.271591698234,17
2024-02-19 17:00:00,1392.9707292155101,1395.42876733491,1386.1377617665755,1392.1109634978693,1847.195064390971,19500000,0.0002549242848263,205939386.21571597,1392.1109634978693,1393.5712008837318,0.9166499474965965,1254.4598916862888,676.9070857344302,27146163788.20845,16050034550.528217,1.047725521633056,16096000.755871983,132858.01817005652,447261.6796658197,14832.725027105156,16
2024-02-19 18:00:00,1444.5829137491016,1447.9012014743012,1438.8791096766538,1447.1515029647062,2830.9165075923484,19500000,-1.7459730126628316e-05,193748952.6739506,1447.1515029647062,1447.181930510248,1.0386198677763403,1668.3430747978384,869.920365390636,28219454307.811775,18257609185.97269,1.0097597077690634,21787319.50233006,125050.920915021,480069.2592271422,29869.461555606777,13
2024-02-19 19:00:00,1501.6799715299783,1516.548741641719,1497.1529820399624,1505.171485571543,4665.2199237202685,19500000,-0.0001404438202229,200960927.4999696,1505.171485571543,1504.5630554932682,0.9758491926244032,2738.8994835035523,2321.8976295657358,29350843968.645084,20151173449.753185,0.9910752685540244,26129276.764644515,164244.7453780128,349082.6665221504,15171.812083267398,19
2024-02-19 20:00:00,1467.5034551464578,1473.943051927791,1465.4797740099298,1468.8016114368513,4006.312299094727,19500000,-0.0001312533879373,185316956.55630422,1468.8016114368513,1469.2399247141527,0.7987187376679677,2071.2678091423977,1720.4670894215828,28641631423.018597,15527565158.13852,1.0215452686808422,21900534.181861896,143331.40155171155,520467.7733507815,17509.930012282442,10
2024-02-19 21:00:00,1441.449945285953,1447.5926804986077,1431.9952522182082,1441.978567581669,3248.717455597201,19500000,-6.14510649645214e-05,211287224.9934563,1441.978567581669,1440.1625593578972,0.7977627696551588,1311.653834782148,1216.4337289537164,28118582067.84255,18819508943.60026,0.9948050139300268,23947409.99245107,242978.0097108228,683160.8889090936,23596.30650311276,15
2024-02-19 22:00:00,1483.6797273196037,1489.2642116091135,1481.6529554889362,1485.5937908732108,3883.4055762502817,19500000,0.0001056475289743,179288640.72198206,1485.5937908732108,1486.088075127289,0.6572411011521033,1756.0033028574271,2151.916130657165,28969078922.027607,15522218279.014423,1.0156405314878385,20117548.016459744,109879.62161209142,343668.6529668054,35245.98504786252,18
2024-02-19 23:00:00,1456.3388428641422,1468.8513927789343,1443.3466295779367,1454.6261564903355,2108.974146364117,19500000,0.0001443875396274,235971940.62807098,1454.6261564903355,1452.5283206772144,0.5358532274608095,936.8727619496278,946.3055402800428,28365210051.561543,18248470334.638355,0.9938595700486654,14943963.089503137,121742.69885036325,474891.5595161711,16298.642389880571,15
