timestamp,open,high,low,close,volume,circulating_supply,funding_rate,open_interest,spot_price,perp_price,long_short_ratio,taker_buy_volume,taker_sell_volume,market_cap,realized_cap,sopr,transfer_volume,tx_count,active_addresses,fees,github_commits
2024-01-01 00:00:00,88.31258027175984,89.12884197374593,88.05000089534538,88.54679382587146,9144.60073052219,19500000,2.6763168474214344e-05,7767387.922837596,88.54679382587146,88.75381168162912,0.8142031354222561,6116.041516163058,3061.288613430198,1726662479.6044936,1292229543.2100835,0.980727115322162,1506294.5313679548,142388.1852335057,464597.0533570303,17403.16023469776,12
2024-01-01 01:00:00,86.64840534700603,87.35740636768851,86.46627683715887,86.73274324841967,972.2839286802548,19500000,9.397163548726096e-05,7624189.0252901595,86.73274324841967,86.88302503669256,0.6678188790591739,566.6040851953246,482.4610868026279,1691288493.3441834,1163618911.146809,0.985253539572402,611096.0360998977,154308.30625677796,491043.11325221474,49359.31682777429,17
2024-01-01 02:00:00,88.12714473902125,88.6925219714786,87.7808360812852,88.05314017631085,2454.879728089606,19500000,-0.0003752649016615,7668179.715442542,88.05314017631085,88.17425542025482,0.9655828304951046,1508.5752682325533,836.880002165489,1717036233.4380617,1220406442.3841505,1.0460494960341835,711615.7955397608,150602.99392018566,263701.4190999501,31948.794985003195,18
2024-01-01 03:00:00,89.71580731675921,90.4433025360117,89.53355003533721,89.73418428664198,2975.464639638576,19500000,-0.0002483930614167,9638924.213241942,89.73418428664198,89.73557082711179,1.379783689938619,1690.8841719169477,969.0796312092216,1749816593.5895185,1193374347.5065026,0.9938729439914455,607514.1289364528,167367.7857415867,312674.49245066947,23971.77086067985,11
2024-01-01 04:00:00,86.19646038241613,86.84798221084102,85.92265282586212,86.30875905994968,2017.125493382974,19500000,-0.0002364698183832,7415211.595294609,86.30875905994968,86.41807313441417,0.9768566794576338,916.265858666541,836.652121069729,1683020801.6690187,810841503.2556337,0.9892111912064916,1043541.0147431089,180723.5225340375,419693.2059724576,15239.404554330407,10
2024-01-01 05:00:00,83.98499596424605,84.5504316622772,83.91534198081733,84.09839633789015,4674.665629504008,19500000,0.0003292324671051,7542500.533127184,84.09839633789015,84.09871788825353,1.1373682897255657,3057.7711120476547,1751.628993914281,1639918728.5888581,769956110.6869975,0.9947462458579384,578901.0210595859,192997.3151642437,580246.7518626114,16386.009616378647,17
2024-01-01 06:00:00,84.20199515570988,84.83328442898534,84.06850970827037,84.32212670811847,4476.64356045896,19500000,0.0001736064845717,10264587.371886043,84.32212670811847,84.1995630177488,1.6007348090277405,2902.619110182119,1538.8827698414586,1644281470.80831,1191320782.9057317,1.013633649654972,809336.0113100664,138914.27442796718,645352.6412810175,27553.431211403946,16
2024-01-01 07:00:00,83.65146045119324,83.8836631592336,83.30258962337855,83.79886426718059,2910.6237688614447,19500000,0.0002833183600221,8156968.459358577,83.79886426718059,83.93321072486789,1.0841661537341003,1469.590355666737,1000.784111026632,1634077853.2100213,803082523.2500322,0.968984089519784,685359.3920288474,109759.9293212058,407216.5968935942,14636.187554891918,21
2024-01-01 08:00:00,84.16139437297505,84.39128672647065,83.04227881715617,83.77908812916765,2603.633171715376,19500000,-0.0004518964969407,7062457.439193831,83.77908812916765,83.8820379221421,0.8580933302303968,1638.0893721105838,981.2096546033304,1633692218.518769,926904433.7447232,1.0128164620137516,1929116.2861515053,223663.7509997584,427568.8489280716,14774.615918570276,12
2024-01-01 09:00:00,82.41911580901993,82.85379404501705,82.32291332587765,82.37010377340535,2818.6732736353138,19500000,-0.0003450700058154,8436828.769047465,82.37010377340535,82.37575937823294,0.8820436622223373,1586.665228265162,1299.5632060862413,1606217023.5814042,1016692495.5008992,1.0076746057017771,718147.2715032928,179218.58389241336,374230.36970309867,22084.89963538142,12
2024-01-01 10:00:00,83.9887162595581,84.72192701488403,83.66171793177544,83.8400244579389,2828.796607514896,19500000,0.0002989646320769,7333027.1553966515,83.8400244579389,83.74568898228456,1.0001316503097428,1902.9731804701507,1491.9884607674987,1634880476.9298084,839624757.2229381,0.9463403384777764,637993.7718015847,128198.408886061,502143.5329299989,22925.95607813887,19
2024-01-01 11:00:00,85.07963645639236,85.74123926826307,84.30681925787421,85.16293900556516,2866.4037834967858,19500000,-0.0007336008924998,8481747.011073016,85.16293900556516,85.12153272700122,0.8811046020477773,1836.9271580154507,1593.241794057722,1660677310.608521,859542517.9253205,1.053827668102263,1178835.3233216386,174455.72510824434,600612.902448459,24686.440941676075,8
2024-01-01 12:00:00,85.25229037936106,85.36111227454528,84.49353248492731,85.28400864108907,2713.515889591967,19500000,0.0004673888072799,7754819.655226914,85.28400864108907,85.13722244615494,0.8943863843113288,1118.7791576659465,1425.7500493744096,1663038168.5012367,980980320.2146993,1.043824406822896,2095767.8154317741,212564.06054766572,568754.4921353201,19305.444057877867,16
2024-01-01 13:00:00,87.11278530066761,87.75396689155089,86.52089675503494,87.23728232091565,3382.00719635466,19500000,-0.0004469951430568,7614146.171155878,87.23728232091565,87.32845233430368,1.2178058815736168,2244.9181782016367,1651.988688455875,1701127005.257855,949685668.2102804,0.9759831120176548,1018941.8549500663,250770.6690423468,439854.767466781,29028.80708951389,13
2024-01-01 14:00:00,87.59855008236151,88.26087353250018,87.38789873564257,88.0655986462614,4344.239668567189,19500000,0.0003530034675774,8970350.239172129,88.0655986462614,87.93320884214421,1.2278089705153707,3000.0012638141307,2486.1535087181587,1717279173.6020973,1121336418.8226612,0.9663272038690816,1050959.756858243,173278.0084705482,374105.700817432,17008.280388126204,17
2024-01-01 15:00:00,86.33510579939792,87.20916986307165,85.97266190735337,86.57370453535955,1611.4181780764948,19500000,-0.000166575387427,8252396.406071888,86.57370453535955,86.60719391681678,0.7193706859903053,1003.3444699952922,734.6794529453471,1688187238.4395113,797707059.854334,1.0068415449107573,1788709.6748042977,212122.1695927823,443139.2797530447,26582.099206485986,16
2024-01-01 16:00:00,86.90741290172762,87.94499002342918,86.72384619995628,87.22326906231399,1762.816424816727,19500000,0.0004146711145514,8525235.764216965,87.22326906231399,87.15840169734074,0.8490528001798238,768.5422324471845,863.7924799930944,1700853746.7151227,1014776290.2880596,0.9572241013650612,1516618.61094937,120282.62752351051,583125.2859079897,23487.795002003942,12
2024-01-01 17:00:00,85.189975568539,86.08287654056913,85.08043104903129,85.57502617993379,1243.5692922559117,19500000,0.0010624482741749,8166048.219409366,85.57502617993379,85.46149349789495,0.9113749575963326,798.6360760751348,526.6343906130305,1668713010.508709,838157792.2995372,1.0409284886110677,1265361.0763024143,161300.4916411381,408356.7997147088,26375.60280514483,17
2024-01-01 18:00:00,86.89225614927697,87.61556857528286,86.56206697095283,87.1004888513053,4597.181605187787,19500000,-0.0005819532890363,7611315.042776237,87.1004888513053,87.12995974533519,1.1272914282290576,2731.860056968055,1830.6678693917568,1698459532.6004531,1073456152.2315288,0.9859463879274282,845569.6236203957,149678.78411507464,307710.34899284324,31401.138072217185,8
2024-01-01 19:00:00,87.25286390642671,87.54829463757025,86.52116963482207,87.02226262423348,3378.413996657413,19500000,0.0003086131443581,8282127.4768222505,87.02226262423348,87.00191687272347,1.2568582034312483,1694.7742707286093,1349.7221145736346,1696934121.1725526,822782244.5642209,1.0486542078492644,1280915.02514446,177307.79620554522,411678.5681057329,19214.11216203031,18
2024-01-01 20:00:00,86.7020782941473,87.09672682640173,86.39000918405961,86.7097843951893,3837.720148611677,19500000,-0.0004424488140781,8687878.29622976,86.7097843951893,86.79113457024263,1.7166823928597974,2552.886616934786,1322.0761107078772,1690840795.7061913,861127564.805634,0.975267898888412,619326.8511479017,243482.0455452333,418400.6935276464,18064.00820222711,15
2024-01-01 21:00:00,85.76628170467738,86.5073953096443,85.0229451360865,85.5454779170171,1458.627028499521,19500000,0.0002280306766652,7972280.3367112735,85.5454779170171,85.44559456628528,0.9110708079178512,830.9360688588381,786.169767783486,1668136819.3818333,1152960612.0147276,0.9966339374329984,831703.9786696238,173246.78304030254,307349.36237571534,13272.929620480028,22
2024-01-01 22:00:00,87.7437464511283,88.37841480836158,87.41195186880567,87.67168338241282,7277.000677437666,19500000,3.796835093443184e-05,9109546.519984832,87.67168338241282,87.61405550093224,0.9202170223780952,4772.827410525176,2303.974279392387,1709597825.9570503,889931314.1524279,1.038016378197321,1892268.8972246207,128743.49785881846,463428.534927797,12019.66540552713,6
2024-01-01 23:00:00,87.54669176905561,88.00171890346792,87.10757746646908,87.40988501510896,2198.5966422622946,19500000,0.0001389346967385,8442094.992566725,87.40988501510896,87.20992247270905,1.1249223410855809,1321.4316081762524,1104.5872061360658,1704492757.7946243,1143918500.6062362,0.9903028156108352,1796766.3863410996,118674.57414852276,489529.95425282256,20893.800195429863,11
2024-01-02 00:00:00,86.51678155250069,86.99210621592704,85.8327162084242,86.67294834998607,3242.509686545576,19500000,-0.0001735058828984,8021698.058017517,86.67294834998607,86.49229187764519,0.8724557488946665,1577.6587529145158,1813.6590706358163,1690122492.8247283,899007944.9794647,1.0081627522952723,1271484.8657713805,245596.44875610783,641765.6744411964,21327.298177889705,15
2024-01-02 01:00:00,86.1634869715076,86.20689591074415,85.31729621526279,86.07329060602055,4569.65199153198,19500000,0.0003341623328489,8047089.279830144,86.07329060602055,86.23667427295078,0.97220132420796,3164.509634209481,2052.817928393437,1678429166.8174007,873636231.0044678,1.0327797626691404,493343.31640891946,185062.4015934788,338921.77537571767,15901.600806854563,17
2024-01-02 02:00:00,87.13003873716526,87.25464114133794,86.7230576640958,87.00323774165945,1819.85138856438,19500000,-0.0003345073513911,7973874.368834346,87.00323774165945,87.19321785882313,0.9203441325543256,1039.684127214483,584.281913663109,1696563135.9623592,915713904.1580161,0.983318576474975,658298.3126034344,182047.02953990505,512012.4838570789,16960.969812290023,15
2024-01-02 03:00:00,87.54914164636322,87.81941519892621,87.04878446791209,87.65022817985036,2268.417704032332,19500000,0.0004724911788696,7135572.033321353,87.65022817985036,87.66712067571447,0.591951374949704,1259.032103376127,972.074237617814,1709179449.5070822,1220832005.5348434,0.9621478272835692,813346.9985341177,149352.8868463399,536792.6811015945,34788.291471752746,13
2024-01-02 04:00:00,88.48449349708841,88.81488003414232,88.13972753746178,88.38558289346976,3260.337143615575,19500000,-2.2775091983054784e-05,7830181.953700193,88.38558289346976,88.32160686608005,1.0249528853587933,1698.80808608641,1313.8114757009678,1723518866.42266,980940241.9788108,0.9562386821107728,996517.987198255,174026.9491135547,490864.885284537,28645.508374434805,11
2024-01-02 05:00:00,89.26031800050106,90.10306362226288,89.11180330535655,89.15935612849633,12440.798318317782,19500000,-0.0003208072032209,8027606.728438195,89.15935612849633,89.14166255007522,0.9641849057118348,5485.188547035495,7410.508267348257,1738607444.5056784,909514511.6074331,1.0175029824831363,647282.184378225,127167.45286808116,361725.0505785247,15085.932070458615,19
2024-01-02 06:00:00,92.96829576498878,93.54073938421003,92.28232251829843,93.07059013851027,3465.3273186729457,19500000,0.0005784810470022,7628602.833982413,93.07059013851027,93.16120126407931,1.2894892504015816,2099.516599353544,1758.2362518873103,1814876507.7009504,1108874740.6406868,1.0116633516099285,967215.4885422741,179297.1185525046,357544.34087745065,19289.10262624186,14
2024-01-02 07:00:00,92.11906055000846,92.54320227446703,91.96153374774349,92.32638284625953,6655.378310807649,19500000,7.979720415725407e-05,8102767.620925202,92.32638284625953,92.28812380696817,1.0010986846195045,3522.2908159394265,3436.8902130463443,1800364465.5020611,1018452537.7371293,1.0318498951924326,2164327.3464098475,121331.58710512724,451097.756712468,24879.533769186328,12
2024-01-02 08:00:00,91.17803453295659,91.49112990789256,90.78987822104351,91.3944801195339,5447.088760744601,19500000,0.0006722907911326,7900263.573465796,91.3944801195339,91.42533799128293,0.7780616660553957,3706.110694540695,2477.0531320539853,1782192362.3309112,1224471758.3898761,0.9917786584305224,1252981.4535412483,148773.14214361965,450464.9416246079,18252.634279784976,14
2024-01-02 09:00:00,89.94358366618505,90.24786777875364,89.49003472745385,89.928025121091,3583.17664963074,19500000,0.000466406838794,8390388.920975557,89.928025121091,89.93587079717499,0.9496898944264842,2470.704751618289,1837.539972318858,1753596489.8612745,1310171008.339235,0.9570778822719838,1165001.2675027612,138590.20785359904,395581.9437815935,17281.492417435118,17
2024-01-02 10:00:00,91.11140822451642,91.85463189388577,90.88389370608499,91.05185851190643,1817.8360955040475,19500000,-0.0001394437114359,8316491.8552785115,91.05185851190643,91.00917224700144,0.6582196632588625,1145.7680147732417,939.405509565966,1775511240.9821754,1079461711.0921125,0.9294174308115528,710468.5164925603,72089.09685743219,572820.3393882276,19901.019983776863,10
2024-01-02 11:00:00,92.99282639381627,93.4975060694726,92.90489670072779,93.14045883278764,5063.821960916775,19500000,7.450305971897533e-05,7992981.0388741335,93.14045883278764,93.10076304487475,0.7849120803392927,2393.913877319977,1619.9554555622274,1816238947.2393591,1063452708.9445772,1.086038876030551,554104.2731479569,149239.52482530574,408337.6495247113,30552.39218920421,13
2024-01-02 12:00:00,92.94267301805345,93.66066056339035,92.61429605442291,92.93773145542784,1409.4358954552326,19500000,0.000136311381899,7069674.873766868,92.93773145542784,92.97428580497635,1.135531920565377,866.5125969446,516.9556564848094,1812285763.3808427,1002032044.1313587,1.015807690556125,653059.492907794,129999.17638066028,302930.8531965623,31395.51699223337,17
2024-01-02 13:00:00,91.50256536476374,92.23706101023046,90.52790028990958,91.39827316500426,6637.147533472657,19500000,0.0005578909599959,9101591.993043698,91.39827316500426,91.31812710357957,0.9517355294448906,2695.521665603136,2016.9645336007973,1782266326.7175832,1322444501.1274264,1.0041037526824688,545220.9597234121,154415.5353444849,423025.90492005966,17665.448606058308,17
2024-01-02 14:00:00,90.02366485004451,90.12342976834232,89.35941492698844,89.91249870637922,3294.4768191732346,19500000,0.0002312553140101,7797789.09012606,89.91249870637922,89.96210607045387,1.2026189630785638,2134.5579176259,1492.2076500743262,1753293724.7743952,1043183436.6807042,1.0083591928094144,1099884.999373001,162824.90502515942,487017.17561647965,25290.02500490005,5
2024-01-02 15:00:00,91.38193124049258,91.93813627712653,90.75171962871178,91.09918122389098,792.2588952585486,19500000,0.0001528877863289,7835938.151009155,91.09918122389098,91.0653306849069,0.6747733311723095,434.22566829609457,445.83573621556087,1776434033.8658738,894255219.2131398,0.9570598315530268,1244514.937020801,253212.15806797933,473729.7215811021,21984.138040488717,10
2024-01-02 16:00:00,92.70891198168378,93.5980795068943,92.43675824615912,92.47274014834326,2514.2930573009294,19500000,4.00361238705077e-05,7673630.610902492,92.47274014834326,92.4937654260242,0.952664694358796,1712.2886223818198,1214.0675375795076,1803218432.8926935,1335760690.614441,0.9761538402711086,725478.0531937443,175637.45756155596,472997.0910371493,16277.341899740708,13
2024-01-02 17:00:00,93.30487848445571,93.86807151822535,92.7447942286791,93.49210417032796,4133.889087176365,19500000,8.483288924360828e-05,7584590.255199818,93.49210417032796,93.63084295314906,0.9092797288125256,2122.041068593156,1860.507458311237,1823096031.3213952,1345927331.2377558,1.0522999038397374,1132422.6313827252,176933.3095311669,596478.0983245991,20148.349352413254,9
2024-01-02 18:00:00,92.57584989744763,92.62301182081467,92.18005546191611,92.26517713774824,2647.809738564244,19500000,0.0004913776257034,8923749.156021822,92.26517713774824,92.25888538661599,1.2106649044841455,1268.173985291311,1529.8773382336774,1799170954.1860907,1044810086.835486,1.0197504185755666,1920890.825227325,184223.2209790115,353996.35153325816,15074.04611441054,10
2024-01-02 19:00:00,92.60540417657639,93.5597884635536,92.10297904674678,92.70385131043172,4262.038753852705,19500000,0.0001011116052392,8811653.167463113,92.70385131043172,92.7983911003506,1.1440247800813974,2977.106104954589,1498.8122165874686,1807725100.5534184,1002303673.875427,0.977092070271162,2335603.8372293147,202390.0647648164,406467.1245687456,31223.196375943506,11
2024-01-02 20:00:00,93.12394045724949,93.94684531914184,92.23095527838434,92.92974093770101,1948.836713064592,19500000,-1.8499181389452395e-05,8172239.596326682,92.92974093770101,92.77250076274562,1.1370650555994777,1089.796040869949,628.2684983265223,1812129948.2851696,1185370799.252077,0.9631955401575027,1452600.8854000855,182329.334939844,602601.1461003369,35092.46144698345,13
2024-01-02 21:00:00,93.35911138655409,93.84657800184932,92.9510170173524,93.34641877042179,1551.5486088185532,19500000,-6.935214968410603e-05,7819272.43372653,93.34641877042179,93.31184670945342,1.3610847710924474,1022.4003453774344,892.4379144018988,1820255166.0232248,1271770854.1015966,0.984529176731663,995266.5600390543,174630.615951157,298501.4360249707,19473.85499692301,15
2024-01-02 22:00:00,94.91876710152418,95.52169737103567,94.63456940208408,94.99707307076687,2876.349684287822,19500000,-6.612954615084858e-05,8287272.981193508,94.99707307076687,95.00920311603356,0.9290270513047476,1936.695569545125,1641.9197100088072,1852442924.879954,1110650012.5781608,0.9905370805833136,1433950.4974406457,194426.93766430084,437687.782816935,18129.146142211444,16
2024-01-02 23:00:00,95.0873599310776,95.63445516416948,95.0423035141169,95.43238557853992,3028.379187137545,19500000,-0.0003206287988128,7933507.788855502,95.43238557853992,95.62547685207088,1.3060615613357838,1682.387632545795,1529.0036549317276,1860931518.7815285,1022105280.0135825,1.061474381075401,1832929.5188967749,88728.94101047234,565680.2244444933,30223.599279362857,18
2024-01-03 00:00:00,96.71350734361334,97.53949554181305,96.68954379149933,96.7467039453682,2504.408416294981,19500000,-0.0001251125924979,7767696.735144417,96.7467039453682,96.56675971181647,0.8115240709495206,1344.1515036659157,936.1322100244564,1886560726.9346797,1019531758.3888514,0.9943519787210212,478212.668766328,274378.2467008156,563996.4579256541,31724.50476746009,15
2024-01-03 01:00:00,96.58507295596284,97.3703214606063,96.1697314799407,96.8872416366091,5506.285700639796,19500000,0.000549526082695,8103045.649673753,96.8872416366091,96.88760885263574,0.805593867493756,3115.8186883101903,3253.825044859312,1889301211.9138775,1035298556.7019637,0.9643134464760096,1930963.572202486,242179.0145400996,504853.3522841951,15767.033933691358,19
2024-01-03 02:00:00,97.64739328448901,97.680474068348,96.59795140479008,97.45884954311069,1948.6582005612315,19500000,3.802022182975104e-05,7613316.641442033,97.45884954311069,97.61056264761756,1.162472630213292,1275.0496404933633,1032.0169935820138,1900447566.0906582,922496028.8730438,0.9982419290916976,858435.9529881503,171833.95952843886,507416.7110908086,21069.60162434185,17
2024-01-03 03:00:00,99.00644913005083,99.68267798545814,98.46610590628806,98.70701298504311,3486.253014647011,19500000,0.0003113235005668,8047589.974347936,98.70701298504311,98.63939666700541,0.7401161484898292,2403.416098017316,1750.6860114670064,1924786753.2083406,1315757529.4458945,1.00793015405134,861746.9106559368,114319.03683451434,359257.7496261721,21640.42740889728,15
2024-01-03 04:00:00,95.72866540313773,96.79283334207742,95.17912972877957,95.88148341875068,3084.00694177907,19500000,-0.0006436269553702,8016718.691666637,95.88148341875068,95.87066426621985,1.121372213147153,1537.3670760423536,1131.4401037331622,1869688926.6656382,900232705.369357,0.9615836026723787,926093.8814529196,220265.2119428347,582238.4884719009,17479.20413088969,13
2024-01-03 05:00:00,95.3374988972261,96.12799023681582,94.62794909982972,95.2799553794798,1368.7347116504152,19500000,0.0002704933926897,8276551.574346176,95.2799553794798,95.32109145071148,1.020469319614969,850.7905975862794,621.3053013109854,1857959129.899856,1058097224.1850758,1.0120649660335783,1213155.9399188,136834.9693261837,348010.40500275645,24730.547718952726,16
2024-01-03 06:00:00,94.26030594087486,94.65892331681256,94.20296752166465,94.3972558791059,1541.4593987188528,19500000,5.159418868926589e-05,7505683.749661485,94.3972558791059,94.42411270585146,1.2390817061749868,748.5517105394675,842.828183108682,1840746489.642565,1289411625.406903,1.0362674785681472,684333.3145618417,185992.2442311047,352186.9410468645,17854.598971316773,15
2024-01-03 07:00:00,93.09092340612497,93.25778640954603,92.94840085255137,93.20808312005752,2998.7640760768086,19500000,-4.44320068671526e-05,8347836.735027451,93.20808312005752,93.36334639299261,0.9881815994717846,1749.1368401851598,1673.544460224525,1817557620.8411214,1038246654.4809967,1.004160138497523,952434.3574124493,118098.41715978918,478099.8238768629,18730.748858256226,15
2024-01-03 08:00:00,92.84945263457973,93.72256377396297,92.3987392767569,92.70585225140763,8027.271808549822,19500000,0.0001542879872263,7335214.129283187,92.70585225140763,92.75669898340804,1.011272854375314,5148.988155415611,3760.207184877661,1807764118.9024491,973351794.0802153,0.9760880454445096,1316928.8618693256,283963.70927727106,400871.8587001278,21366.87663384713,16
2024-01-03 09:00:00,95.5216905994111,96.42422079993156,94.88160627087314,95.52905364677727,3982.37998584629,19500000,-4.874757614360831e-05,7533699.263928378,95.52905364677727,95.66544744030827,1.1072206967549898,2652.049613455787,1819.3031177392625,1862816546.1121569,1368194263.7344284,0.9841338868728956,1164882.2665173083,113487.25393585576,461085.7621956469,14090.855436061574,15
2024-01-03 10:00:00,94.22514357603224,94.72681267545248,93.4861959557023,93.898443090706,1257.8794266890186,19500000,-0.0005371624759665,7560047.843571771,93.898443090706,93.87402871076402,0.8758767362307633,672.4810276637863,640.6444681952499,1831019640.268767,893470067.542627,0.950234920700144,1242986.9692442082,165586.08962881623,482218.88868730457,11885.37603799183,9
2024-01-03 11:00:00,95.65179311242231,96.35911622508512,94.94952236472861,95.74413497548329,629.3930658188273,19500000,0.0003766743823515,7238596.844655181,95.74413497548329,95.68280842405332,0.8682798039393863,321.57372512375474,288.5607676367721,1867010632.0219243,1335764277.6952784,0.995984942976924,937633.6591547268,95745.91054060662,631353.968052449,29012.49011859964,12
2024-01-03 12:00:00,92.76956802154044,93.19872009952923,91.7812605329024,92.5845218684845,4300.672980385901,19500000,0.0001729052684044,8554389.18406645,92.5845218684845,92.57288184677103,1.099533377979752,2047.272942037503,1829.094760564327,1805398176.435448,846051181.1674649,1.0093233987048973,1408711.5670505413,161086.1166435588,482504.2061407238,17639.625042953012,12
2024-01-03 13:00:00,91.99360690601968,92.37976420775611,91.27816945897031,91.9756875747481,2840.948512119312,19500000,5.817263575644467e-06,7298488.88975137,91.9756875747481,91.87827583952306,0.9941595602416434,1250.0887983849404,925.0858576596396,1793525907.7075877,1029589373.133472,0.9731010224540356,1628660.6211511975,146338.64464579275,390933.6530082095,41791.95872086708,15
2024-01-03 14:00:00,92.43166629635864,92.54207447605249,91.36909663311825,92.28478988351229,5274.467391207758,19500000,-0.0001898556116217,7457932.391065592,92.28478988351229,92.33863913779159,0.9217670141937042,2687.2107013700665,1781.7936886325692,1799553402.7284899,1150843763.7267463,1.058191004530829,1590052.8398387579,216272.79907307148,506509.1114934105,39797.18171264017,14
2024-01-03 15:00:00,93.29897009084087,93.4728337352589,92.59515898294799,93.38248347593436,1919.156488618834,19500000,-0.0003409572548321,8720042.748473836,93.38248347593436,93.35578746779386,0.9835794908756984,1269.7011540215651,1013.47322596616,1820958427.78072,1021578646.7628701,1.0237683848635344,1266472.6769447105,146335.19744351806,374613.1453160379,18921.543383966324,19
2024-01-03 16:00:00,94.72038100578638,94.95023702858579,93.91319362542332,94.72977040039153,3551.4322397716173,19500000,0.0001671678121204,7534895.07729551,94.72977040039153,94.67560496917918,1.3756301287097097,1866.7849813667317,1091.7074982126162,1847230522.8076348,1127516124.8101218,0.9462166798315468,1553869.958892078,216350.68151624096,531060.4337085044,44432.03061935506,11
2024-01-03 17:00:00,96.23222073024503,97.05975928689148,95.43121609888269,96.25445529367293,4550.92929392543,19500000,0.0005840322880676,7768989.532355775,96.25445529367293,96.31207883279798,0.9152082157951704,2253.5653464859606,1436.6897304141876,1876961878.226622,959503850.5856316,0.9468321232447732,1512275.9338866402,125991.51697889638,448168.9603406432,29180.978618468227,16
2024-01-03 18:00:00,95.43517733387162,95.73443155396161,94.73824690863114,95.59502313233892,2383.3639209360213,19500000,0.0001609499430223,7273438.881859335,95.59502313233892,95.4952490983999,0.9099151526572824,1481.8319057387243,1361.8376358760972,1864102951.0806088,1157068004.9692721,0.9704792859188854,3113646.9319017245,151677.1608424069,479312.8349073482,18149.63735617,16
2024-01-03 19:00:00,94.850029813367,95.06505355229461,93.96509544204997,94.72459899763301,2408.976421472848,19500000,-0.0003148284818278,8430260.052768305,94.72459899763301,94.80705697076705,0.7107113956092312,1119.3919412839098,1231.4666605710388,1847129680.4538436,905772576.1287404,1.0471955622027782,1737449.7052816204,152439.33239537163,309857.93727714394,10152.224043529734,16
2024-01-03 20:00:00,96.49902399815119,97.02843121091377,95.47290148728113,96.37369020571082,3018.850520458783,19500000,0.0001675350181115,8439562.096434709,96.37369020571082,96.3372284354391,0.9915651867148154,1439.647672306511,909.4704294605554,1879286959.011361,1294507159.0383506,1.0267276513165708,1030139.1279134193,184222.0428943322,282053.1707662661,27077.17879696237,14
2024-01-03 21:00:00,96.12924230115051,96.3360463110424,95.55899007441583,96.01526168244213,3910.1779884269536,19500000,8.399711132598163e-05,8367098.718081936,96.01526168244213,96.13615415700527,1.1403972906314317,2661.942014144037,1539.0969366791544,1872297602.8076215,1170442457.90772,1.0487113658667486,741203.4043765105,178455.33175226292,327654.5573318187,22234.240899375225,14
2024-01-03 22:00:00,93.89363928398903,94.0468799798253,93.00842685296423,93.60590117377284,2959.669831676189,19500000,0.0003592130878222,8233357.660461461,93.60590117377284,93.57849920895524,1.1820374749020317,1256.3114982149484,1565.6521354386996,1825315072.8885703,1085295168.7862318,1.0003062785968826,961496.2842591985,194961.28682442143,627283.6885645863,25069.53080857981,15
2024-01-03 23:00:00,91.78254890188074,92.29957490688942,91.0460099776442,91.51726874651852,4851.281466263438,19500000,0.0002820199532235,7933375.85841541,91.51726874651852,91.58425112017107,1.0218794402840172,2543.960354520332,2063.154146246965,1784586740.5571113,832331324.948438,0.9937153201611316,934706.7653564136,173982.09155853404,351642.0505824957,20565.06717329957,16
2024-01-04 00:00:00,89.79133402032826,90.18948201351762,89.0271765565221,89.85871811871878,2366.180676617631,19500000,-0.0007957467602329,7562799.2291327985,89.85871811871878,89.88383923526024,1.2106612701867974,1355.8815286452816,1042.632307891473,1752245003.3150165,1051228376.3603048,0.9625747154181812,1309650.8179623536,192014.987268438,512195.650236915,15628.366709780325,19
2024-01-04 01:00:00,90.83345633169465,91.4022184531654,90.37420887888995,90.76573559549806,1534.2583708896675,19500000,0.0002635726613285,7389011.608704966,90.76573559549806,90.84233296983619,1.1574809863641145,719.6871774814932,671.4524012567692,1769931844.1122127,1095713174.1998572,1.010490517747504,806613.2460012092,130031.76136987835,389110.4207220519,19377.967439730088,23
2024-01-04 02:00:00,90.92021721369738,91.86416940935553,90.17491985281376,91.03375463797339,8010.33357533908,19500000,-0.0002010438228512,8744141.782351226,91.03375463797339,91.05286689184017,1.2493083097251056,3879.434551402078,2888.8492717488302,1775158215.440481,940301757.6483282,0.9941149549924894,1719549.5930482303,179368.86569949976,421676.6133442597,27227.72911584776,20
2024-01-04 03:00:00,92.31316688249329,92.45255342389606,91.57098002126732,92.30885507751228,2203.237462990169,19500000,-0.0003265186224346,8384425.394639732,92.30885507751228,92.16453965234773,1.2175742151215745,1027.9283907775605,1137.790231334389,1800022674.0114896,1175913596.5029626,0.992959834285544,612238.3087139556,243300.2318868604,438474.06708395976,19804.95404714001,15
2024-01-04 04:00:00,91.4227911139567,92.36867378316674,90.5434079927483,91.53258434803502,2243.4697863721844,19500000,4.3457976887930894e-05,7461281.52191614,91.53258434803502,91.63407508619026,1.368883767135391,1129.7119350317682,742.3684130105833,1784885394.7866828,844303525.4842246,1.048541525231585,555537.8523895177,106937.71147109925,614617.6742348968,19769.08519669129,9
2024-01-04 05:00:00,92.13000878517543,92.9614728714475,91.60386870729208,91.83245870564744,2884.475440799358,19500000,0.000223291332709,7911979.987058832,91.83245870564744,91.8335898131622,0.966630821748282,1931.305511501943,1304.288639120116,1790732944.7601252,917941749.1505213,0.9962096319140632,1011207.4584741464,183919.23292740615,497276.30991608254,13963.24603917115,24
2024-01-04 06:00:00,93.06561253800876,93.83720797591688,92.33803444977283,92.9979661614516,3082.790754459756,19500000,-0.000392220383086,7699707.306382627,92.9979661614516,93.08068934751351,0.7668902264885341,1632.2643463097868,1082.01870240541,1813460340.1483064,1217311648.597544,1.0399294433214306,761982.1900089165,192758.7998279812,477828.24559493887,22637.433046111808,9
2024-01-04 07:00:00,92.3933068680252,93.01713369193169,91.69396391381984,92.43361330825948,2456.906159710676,19500000,0.0003113729251172,7206148.838840499,92.43361330825948,92.5066586455206,1.1419573328258104,1290.7324692049526,771.3698718568303,1802455459.51106,890713404.4593405,0.9523577601657216,645259.9512561583,234520.1039603398,573400.4896785524,15778.766417587583,13
2024-01-04 08:00:00,93.51394689836171,94.09387051431601,92.41777278584598,93.29123858842046,2955.0860558330905,19500000,0.0003290016542594,7999696.740689859,93.29123858842046,93.22842592576968,1.1689555266789262,1524.7483528697426,1013.5152184038852,1819179152.4741988,952639806.6850228,1.0806433669858877,827259.8224908834,195147.65054743912,389788.9147103019,29014.699501462383,15
2024-01-04 09:00:00,91.6738342256854,92.66209251172486,90.84244200636846,92.07354674448159,2922.278456418854,19500000,0.0001140928588898,7628964.4120997535,92.07354674448159,91.998525641656,1.368888475357301,2014.1357680648243,1638.815163664474,1795434161.517391,1158515750.4329712,0.9888018861473388,787097.7690626807,166888.1298081328,547801.6760400343,17672.58291754697,15
2024-01-04 10:00:00,91.04831153445228,92.04778343398861,90.52612592115332,91.41655618048581,3253.249635159538,19500000,-0.0001602870890681,7308138.499593817,91.41655618048581,91.48560814255362,1.2920861351797088,1415.7811584897756,1147.890588402233,1782622845.5194733,1191955242.0780706,1.0212155206982207,1071699.0174388113,181229.2890499892,529803.0003780226,20156.63458236086,18
2024-01-04 11:00:00,90.87475646327982,90.88973462293137,90.20487536267082,90.73034303490277,917.136458147252,19500000,-0.0001938134012567,7006658.555094161,90.73034303490277,90.71190218074285,1.475643980076038,606.7432039106934,351.7317025674274,1769241689.1806042,823487840.8786552,1.0259881873583954,832770.8273383622,135434.1118134074,528596.0838794927,42158.64611691923,16
2024-01-04 12:00:00,88.60568148595357,89.4546059449852,88.44675547687036,88.59496708561223,7634.541423995975,19500000,0.000407779639474,6959358.102225203,88.59496708561223,88.68678950351313,1.131982812164333,3803.133986764784,2606.6495415307854,1727601858.1694384,843029667.8439791,0.985079298088737,860310.2320153817,147710.26748472414,428907.543951013,20091.010057791464,12
2024-01-04 13:00:00,89.51581091137072,90.04001886717413,88.59868671562089,89.47099555173756,2769.316570345837,19500000,-0.0003533668059487,7655906.436991038,89.47099555173756,89.46399883552652,1.0468253608312847,1902.3916483295868,1441.8821425810145,1744684413.2588823,1018608525.3471596,1.0245709027017715,1065288.0543193817,116549.84214602211,405362.50541415537,19299.36658954929,23
2024-01-04 14:00:00,88.40867840358585,89.3365533368368,88.1832208351114,88.64383207046885,3985.07459391736,19500000,0.0004193411382457,7833300.380933891,88.64383207046885,88.74341541812728,0.7580570561058122,1970.891064661785,1728.0668259698666,1728554725.3741426,1085253177.3386433,1.0261300952974373,1601415.862034646,236040.19294270372,371771.7133038954,26256.965777501304,15
2024-01-04 15:00:00,88.67073191958076,89.00940652530447,88.0281030101937,88.67485241134202,1496.5972785651747,19500000,5.0440252260869e-05,7353434.320645015,88.67485241134202,88.72125635924546,1.0635573786965091,635.8477753797392,872.6516728080393,1729159622.0211694,1013519886.2079332,0.978605664968627,1922237.1876375224,182141.53519457,376458.6628648389,12892.763440393674,9
2024-01-04 16:00:00,89.89931137618977,89.91045638612991,88.82796183202917,89.54052082402343,2355.4801461283723,19500000,7.124965010714288e-05,8308263.962783719,89.54052082402343,89.57526030702728,0.8953857290503497,1309.6765585756102,1176.0850530594994,1746040156.068457,1124661127.6016827,0.9789609932745432,1132353.8829931992,129439.89031602428,368279.4742388825,32056.1007911971,15
2024-01-04 17:00:00,90.50172715418935,90.96304582528107,89.95413916744225,90.35278968437864,2129.9250426493186,19500000,-0.0004124263116239,7845560.261973826,90.35278968437864,90.3280320081677,1.0432094832487842,997.5709981787192,978.523275227398,1761879398.8453836,1192436227.7827077,1.0013592047045423,1168135.363298635,174179.07935991988,476093.5046989452,29678.6144439612,20
2024-01-04 18:00:00,91.6034514597536,92.06805511450983,91.3789755024783,91.57237059846399,6215.875620369807,19500000,5.598501096142403e-05,8259320.7315851115,91.57237059846399,91.602811783136,1.0109622875964497,3890.4975590642375,3089.2235459574144,1785661226.6700478,1312216641.456909,0.99653518156944,991949.2983869475,217474.51005609203,422663.9666953272,25779.51655140008,13
2024-01-04 19:00:00,91.32105659902793,91.80073077393209,91.14849597960493,91.40131681009636,2224.067924691812,19500000,0.0002840756548034,7772241.935925961,91.40131681009636,91.51948525068455,1.0989407021408495,1328.1948726096014,694.1930168495403,1782325677.796879,989126968.7615447,1.041793902875486,1293938.8927623355,208605.06065874948,482279.9528835401,7997.391875598059,18
2024-01-04 20:00:00,90.56831809431804,90.94776515468865,89.79260407175637,90.63984613948656,4354.826257184724,19500000,-0.0003009230263555,7405493.669902767,90.63984613948656,90.64399604326887,0.9807221000059178,2638.766676974245,2548.435955896561,1767476999.7199879,881849827.9368836,1.0210800455483524,1247671.8162933653,129067.44119701836,487758.8505211956,20377.29338315504,15
2024-01-04 21:00:00,90.11909437760684,90.73060219883517,89.6588052572742,90.50449835131228,2153.3709428232423,19500000,0.0002495907601755,7959139.803333019,90.50449835131228,90.56162247771005,1.2056321535593766,986.344769884059,1263.8756024254494,1764837717.8505893,933996596.467417,0.9978872929161072,1813993.188370734,74350.09993701085,357914.277770528,15035.060693046216,13
2024-01-04 22:00:00,87.55507417112857,88.01696647728056,87.43110309724219,87.50998195395772,2377.2283522740127,19500000,0.0001267036761037,7129046.982552516,87.50998195395772,87.5227899215891,0.5800558641528383,1456.2641279989248,910.102763099231,1706444648.1021752,843750418.9352762,1.01818233876123,501430.4685035351,179664.50349321467,355772.3338414949,30860.49096399953,21
2024-01-04 23:00:00,85.1658179041491,85.48542660123454,84.41242384861853,85.02204849245132,2636.545765895618,19500000,-9.312668414969203e-05,8234614.952253902,85.02204849245132,85.0411447882652,1.0387298981425126,1300.86985665133,1287.922668196011,1657929945.6028006,942157972.2463498,0.9386004076660992,971797.7482869178,130389.6549393497,422636.5730489242,30205.16835117682,19
2024-01-05 00:00:00,82.54968961312927,83.61385257632259,82.34317418553682,82.81064572091597,5664.209164286744,19500000,0.0003564019259473,7317140.334051513,82.81064572091597,82.9616435431125,1.2718823338834808,3962.693240276601,2042.3698021659047,1614807591.5578613,1149371889.737858,0.9815406707910478,1222462.7494057692,190152.54101780543,378880.39556590025,24745.599815262125,13
2024-01-05 01:00:00,81.07608044412629,81.32386107821075,80.36553393099942,81.18347268454566,1158.722831808149,19500000,-0.0005606770306935,8487972.19530006,81.18347268454566,81.28915164896321,1.453551252293902,717.8639023580829,537.9272699948046,1583077717.3486404,877211809.6382661,1.0086346302495666,1056200.4004163942,206399.2331210928,370985.2458108036,15353.007172909409,18
2024-01-05 02:00:00,81.65389809226991,82.10498472098543,81.40112066158258,81.84335968069705,1544.0563443333738,19500000,0.0002040042246231,7676126.544301838,81.84335968069705,81.8580426916722,1.157650207754136,891.1111278678129,820.2595077441862,1595945513.7735922,789429358.3860614,1.0334609650567734,733096.6800410136,215003.2187205179,621031.6972074211,34485.29440977438,18
2024-01-05 03:00:00,80.22739362212064,80.618881513409,80.06672155495394,80.38258847777834,1125.9106086693478,19500000,0.0005858305474219,8586525.77912341,80.38258847777834,80.40786511132406,1.400706293154236,743.2533754431163,655.2197576656989,1567460475.3166776,951119129.5940595,1.005993080039674,634730.2660048123,251748.3160281874,325568.78704273474,20359.88166048451,16
2024-01-05 04:00:00,79.79344019152548,80.22696527412039,79.71720190883246,79.78490613837324,1730.6441169251605,19500000,0.0005319829417301,7209370.717277912,79.78490613837324,79.73688595673997,1.0343644696697254,998.224294616442,695.3123668609047,1555805669.6982782,1163094095.5588238,1.0437471699993297,1473617.8414407542,221701.9584875891,663054.77686138,37858.51952526448,20
2024-01-05 05:00:00,81.55204361300426,82.30231912862745,81.13487951735942,81.89344134423894,1986.639852832773,19500000,0.0002169420161615,7470559.884145648,81.89344134423894,81.8874654531951,1.0005726791035117,1124.0904153283934,1009.3155139628392,1596922106.2126596,808768172.2155509,1.0260381957407578,788534.7387937459,252051.12104155487,468726.7601409879,23851.82754626985,20
2024-01-05 06:00:00,81.42003832662168,81.9441720602941,80.95359281198114,81.32013321886247,1329.767472142016,19500000,9.495767160746256e-06,8130856.911433541,81.32013321886247,81.35342550148542,1.1116919439707604,626.579359629517,684.7346834884391,1585742597.7678182,1083637003.0166843,0.9853501172778596,528999.0340148546,229754.1460119176,538879.7122422203,25643.4230310526,14
2024-01-05 07:00:00,82.66121543628827,83.44649844651119,81.91666509924463,82.53677390535924,2065.083884683145,19500000,-9.074076696428924e-05,8661009.540469974,82.53677390535924,82.61523448427286,0.9993613474472008,1246.1409999403184,756.5324130256349,1609467091.1545053,1121810928.186701,0.9957990806213868,1503537.503734713,234815.26873494132,526320.9956437313,19185.47352905813,13
2024-01-05 08:00:00,80.97733117040832,81.24909931160214,80.60110839475074,81.01801883882442,1088.594571745767,19500000,9.122261828307392e-06,9011668.486277295,81.01801883882442,81.08682103344867,0.8551558947684864,557.788595976455,532.0066606629431,1579851367.3570762,901149594.5365489,1.0122526505871572,1282465.867400922,161100.3859977526,500514.4935466042,33593.45963671256,10
2024-01-05 09:00:00,80.29353184757413,81.2529121896245,80.01746986306881,80.69388787629106,1791.8531419076508,19500000,0.0002631421743753,7912951.255162309,80.69388787629106,80.61244683919575,0.902083628380544,739.9005793651014,889.8815514635794,1573530813.5876753,1000553849.9168154,0.986540933414309,1019020.5128741263,117908.99678132209,616840.869656832,26437.273418362616,15
2024-01-05 10:00:00,79.02526147691952,79.20288802854836,78.81848799567337,79.18306042947111,5432.801445969893,19500000,-0.0001421731416378,9135895.128157753,79.18306042947111,79.26833921811594,0.800570579458059,3503.171090583806,2875.162566407302,1544069678.3746867,895115775.7803515,1.0459387053374978,740352.3083711108,302721.2105115742,356295.83513057046,33957.58442041065,18
2024-01-05 11:00:00,78.84977814108098,79.05667086969922,78.43704966888711,78.65582829541324,3647.488162946527,19500000,0.0003272271454151,7706147.287941456,78.65582829541324,78.6567113109605,1.1114610587805296,1515.7572935763626,2188.4351844248345,1533788651.7605584,810911116.7870876,0.9667382159712312,1020012.5652263459,165336.5270693344,428790.7533302559,23231.45270558716,8
2024-01-05 12:00:00,79.55243891713472,80.36786219355206,78.81431328178923,79.99690078283619,3273.888941763731,19500000,0.0007399481554009,8611451.895548154,79.99690078283619,79.92594422336083,1.0022809599401985,1969.866358019691,1021.6815753390116,1559939565.2653055,901388677.0902629,1.0094831935127315,1735727.3780730485,221278.4220789616,373036.1524918651,21717.82003337488,17
2024-01-05 13:00:00,77.23449601217752,77.31217025927614,77.10699838583105,77.28821494053447,1805.5322846922036,19500000,8.14350294617815e-05,7314195.461464479,77.28821494053447,77.39923055285841,0.93047764923805,807.1023026554087,651.2401717224302,1507120191.3404222,721288192.7884206,1.0220634044081518,559513.1821076053,141836.64573583376,315143.72821570013,26331.969462320063,16
2024-01-05 14:00:00,77.78644345618828,78.4520535303443,77.01777616045275,77.97045384866603,1382.9269640567877,19500000,-0.0003033184409849,8156438.080758242,77.97045384866603,78.09234342153377,0.8928499410464962,732.6344001111721,475.0679518385021,1520423850.0489874,1006652613.3664336,0.990596590316167,570980.8981130109,207104.8800071354,387608.766560589,33954.00700663893,11
2024-01-05 15:00:00,78.47597425419993,79.00828511261275,78.09375719116093,78.34989825166895,1686.5190705964146,19500000,-0.0003034234238949,6539469.72350785,78.34989825166895,78.37839779072469,1.1062891087305695,1109.2699678973702,584.0925135460247,1527823015.9075446,1067578416.6644161,0.9838360200205224,830344.4986026131,88323.29503593688,643392.0616882168,29882.260594908195,15
2024-01-05 16:00:00,77.32756817556387,78.01032937498857,77.25921815601087,77.43211918357362,2917.2453786880938,19500000,0.0003329696655134,7209966.049550818,77.43211918357362,77.49474578615126,1.1689309768337084,1249.5316494685549,1272.7200553988332,1509926324.0796854,818712221.2607884,0.9977175611065,1056048.4328784733,146882.63599021605,427327.79201905016,22959.042397695517,20
2024-01-05 17:00:00,75.29306978332305,75.68201458573735,75.04519354603242,75.23228901205192,4601.273490223896,19500000,8.207614631186692e-05,8186821.008511431,75.23228901205192,75.29754920162746,0.7976361010172758,2761.432215452276,2593.0981375078773,1467029635.7350125,909474822.8775034,1.0243599553835552,875180.405873078,158799.42853648114,657830.8712320902,12617.429714376853,18
2024-01-05 18:00:00,75.43364426813136,75.88922173828769,75.30441683863499,75.34843115719961,4680.609935732373,19500000,0.0003630492688192,7100721.618150128,75.34843115719961,75.46113524228262,0.7729530775719979,2732.4727861618217,2034.272558197565,1469294407.5653923,763510845.3594443,0.9850045600741644,1380323.8609516618,182709.4001038676,671430.2601163003,28088.508227834256,14
2024-01-05 19:00:00,74.83599416310655,75.13239353143543,73.97310487792444,74.56216820326429,4085.9362828575177,19500000,-6.0090274747804845e-05,8160843.161727008,74.56216820326429,74.62391078794138,1.2103408221246923,2697.7758932716138,2045.1913784244523,1453962279.9636538,709879832.0051808,0.9679323643927212,1649917.193997667,212778.3237427682,805345.0295726297,14305.345545447914,10
2024-01-05 20:00:00,74.88703723191173,74.94835073367054,74.50320154146382,74.91744501572511,2061.5668262941285,19500000,0.0003491870642619,8479980.693428218,74.91744501572511,74.82546974670366,0.7595518826463165,931.4580746574158,851.3234905987839,1460890177.8066397,948242733.0877349,1.0345175433097908,1193271.9039240004,123805.15394582138,647645.400316178,22259.00059331569,15
2024-01-05 21:00:00,75.01406453838247,75.08904248798048,74.70509231992195,74.95768970403624,3017.774494031695,19500000,5.251024796508237e-05,7576761.821136225,74.95768970403624,75.11583601861881,1.1157171329853135,1931.1832972532343,1194.733888096557,1461674949.2287068,716560241.4479841,1.0119788941880676,1335578.4059706402,191950.35449379985,709011.0374806338,21274.62110301184,19
2024-01-05 22:00:00,77.17571726922668,77.91262421076816,76.66477573817419,77.40562055105589,2538.5002553577,19500000,-0.0001197512165971,7298546.997932884,77.40562055105589,77.4958489459357,1.3817928736311758,1358.1899340040122,1396.8619455223802,1509409600.7455897,1033332334.7280821,1.0302357229146857,1190092.867777147,221165.53873566503,472141.26413485216,14395.47867098836,7
2024-01-05 23:00:00,77.22708826883463,77.9959266388108,76.55778746243256,77.04366063167114,2695.6782414122067,19500000,-2.029954364071533e-05,7593226.456389187,77.04366063167114,77.01210938777966,1.3824357239045884,1424.9171170314346,1338.8470201951136,1502351382.3175874,798539368.6330272,1.0227799519380232,1071430.5946058768,292575.46011714725,463084.8820085089,24630.749646333574,20
2024-01-06 00:00:00,75.37533932626069,75.50209108804526,74.66690754977257,75.49016119732649,8254.914083444579,19500000,-0.0002591163066269,7300380.994962001,75.49016119732649,75.41998365076115,1.1590196495846103,4197.9152532532125,3345.457361655434,1472058143.3478665,1023895956.1891975,1.065396679248459,636206.5803518341,194202.5559063276,469286.0950631406,42036.57375650362,18
2024-01-06 01:00:00,75.68391902091666,76.19136931835436,74.95639938984078,75.76889446707814,1235.214454676209,19500000,0.0006968078675744,7823205.951585029,75.76889446707814,75.81472051205871,1.1523022562362513,636.9658094896744,709.319526977786,1477493442.108024,828210976.5632101,1.0334491610681964,707508.8366180818,145092.02926033625,442418.8960736919,20054.690402161446,22
2024-01-06 02:00:00,76.1072311697536,76.68221515779784,75.58918159507293,76.11061775657299,2650.918842865124,19500000,7.108545593245389e-05,7951485.55448389,76.11061775657299,76.09705027493153,1.568910595103828,1473.8787685119714,1191.7297632665018,1484157046.2531734,832096770.6627402,0.9782776131437554,621775.6967918116,118427.80764500808,455856.1722601126,27715.96552067073,15
2024-01-06 03:00:00,77.97130436700742,78.8624572844377,77.33364262121401,78.21578883085172,5463.661528510344,19500000,0.0002933542266046,7696076.961975648,78.21578883085172,78.24942125665837,0.6269558643715448,2360.520036531735,1947.699306635842,1525207882.2016087,1029777394.2137722,1.0141080390169477,1005806.3975899743,257120.61541616265,514235.4497671823,44654.34757309609,13
2024-01-06 04:00:00,79.57748417514375,80.0113445191363,78.91078737010574,79.5410909397931,1432.3249647731657,19500000,-6.106073986123977e-05,9017257.692545453,79.5410909397931,79.60817644005445,0.9113145738666526,755.579723036884,637.3367105729432,1551051273.3259652,935407586.8415866,0.9832753383686936,1171286.5217245456,195699.4775823005,403058.273181485,28532.06911328236,11
2024-01-06 05:00:00,80.27387611614277,80.77150670209994,79.72522479476841,80.11885154275657,2160.5676938354395,19500000,-0.0002155783465939,7445718.862161207,80.11885154275657,80.08148075437884,1.1849473815137122,1286.82194260773,1085.4904507450308,1562317605.0837533,797240093.73906,0.986376215084865,597791.3909275538,161863.08330944928,335868.5534519273,18152.19933261746,21
2024-01-06 06:00:00,82.55485078319434,83.13003102213504,81.92528891843051,82.50651288662772,2288.108450833527,19500000,2.9835846724619457e-05,8815452.76685038,82.50651288662772,82.4226773594351,0.9347675393990096,1257.218820546266,938.4305606153788,1608877001.2892406,1134455476.9790425,0.957624987981541,1098811.9407461062,108558.60305193796,475786.1461729924,23649.66996458388,8
2024-01-06 07:00:00,80.32003712659983,81.26821286820146,80.25717946257348,80.57609143743178,2666.0550221005656,19500000,0.0004303577600137,7256462.016564126,80.57609143743178,80.61523679072104,1.2814031157261232,1199.055155311868,1474.689466745814,1571233783.0299196,867393266.490645,0.9914166045440038,752093.2140305346,128953.09496170608,385169.5989927108,25443.969903177847,13
2024-01-06 08:00:00,79.53994062602513,79.65693418892887,78.93701110655462,79.55964107206164,1342.1410551892934,19500000,-5.621953741948508e-05,7932860.814303104,79.55964107206164,79.5251608898508,0.9921600816731568,683.0364003149843,617.3086439663358,1551413000.905202,745970611.2940271,1.016351028656041,695942.5160109685,190580.52205485184,393228.16720297147,33865.224469247245,18
2024-01-06 09:00:00,78.22258224819218,78.9470658784414,77.35541173043914,78.10666743868238,4014.39941613311,19500000,-0.0001611595918188,8669750.006835504,78.10666743868238,78.12588916037664,1.0266989699583386,2139.2272926086835,1767.6582226768992,1523080015.0543063,875466870.103561,0.9980193488459878,831147.3002581712,177807.76184519945,429960.8142805884,31704.53793651352,14
2024-01-06 10:00:00,77.21673272941884,77.52801600459087,77.15111800141024,77.50785047434881,4159.472911480183,19500000,0.0001466392733107,8633932.641808169,77.50785047434881,77.41148291478194,0.9465467350489742,2498.439166383221,2319.377944597264,1511403084.249802,940377661.6412431,0.9670189479025392,681813.5293358363,100049.1766165511,410680.720612748,9595.359876941826,17
2024-01-06 11:00:00,75.24832612034474,76.04100501164908,74.6191629880114,75.41042324031736,3843.688235101251,19500000,0.0002497067802153,7626056.6626600055,75.41042324031736,75.39894707665485,0.9007728231254246,2576.1547689943395,1686.8999884902244,1470503253.1861885,930777974.2221811,0.9543094200259504,1360503.9337015247,190642.1022661352,552389.3929093413,17036.930247182507,15
2024-01-06 12:00:00,76.51601581673748,76.57473453366174,75.6694814719627,76.38211131445962,1929.10831629205,19500000,0.0005928544506559,8244918.746024364,76.38211131445962,76.44435906051697,0.8963520837040262,1090.1635200418182,818.5651101876684,1489451170.6319625,1043632151.7974912,1.063355378064417,997991.7753851122,109962.08328514892,427902.9481086877,21568.560117532776,15
2024-01-06 13:00:00,76.0920745875071,76.24017123144985,75.87897364010674,76.05099253580691,3112.729880995661,19500000,0.0002061251435117,8157076.641839908,76.05099253580691,76.10467940367676,1.0557308325422876,1876.6973372814705,1030.6713011698178,1482994354.4482348,908218438.4453475,1.009754822591245,1478868.3193765215,228319.7338794734,557986.4330711698,16242.944051396273,16
2024-01-06 14:00:00,73.91468685103474,73.91756519713788,73.46624229701018,73.85383548813039,1901.274786077077,19500000,0.0002931978035593,7553389.395882152,73.85383548813039,73.80299761179256,0.8564896946997242,804.5375210092328,777.1414366516593,1440149792.0185425,744720388.1068877,0.9752779249120034,893859.1939170026,171465.7776981177,461023.0172948434,7258.819797474424,24
2024-01-06 15:00:00,72.6452825132769,72.96874050492283,71.70456873756586,72.37611648766736,2524.256062573761,19500000,0.000315782571076,8285172.889134,72.37611648766736,72.29879966123397,1.2100249469355913,1732.4981806367334,1057.9522927214189,1411334271.5095136,745890020.2596002,1.0138535037910863,907480.7716467823,144950.07297696185,434649.0485981146,17717.612027936335,21
2024-01-06 16:00:00,72.9069015424733,73.15067249469432,72.13922844291805,72.83864404437406,8749.34363666468,19500000,-0.0002459046145797,9153999.5876178,72.83864404437406,72.84707611456516,1.1395633753020284,4327.098199420923,3098.9011128033258,1420353558.8652942,682127888.0279899,1.0656755823341826,2258147.0322344895,208467.53168836588,456637.024537404,22002.62003509233,9
2024-01-06 17:00:00,74.17477120589874,74.29789606821225,73.98257024799837,74.07730206814698,3127.0573226264773,19500000,-0.0001889996211408,8190112.029793331,74.07730206814698,74.12626959432873,1.2459313072081772,1583.1901121129197,1489.5642509860138,1444507390.328866,968942748.0052792,1.0186138707893768,557645.0304055647,177792.92726547932,341695.0758283777,18815.09204563284,11
2024-01-06 18:00:00,77.52113710530551,77.87082732733086,76.83403005449262,77.1031232125396,1646.2194770776289,19500000,-0.0002251688868816,8252366.714934835,77.1031232125396,77.14207379361777,0.7978897322654216,768.5422285765102,564.9045285722357,1503510902.6445222,724365187.2516574,0.916387963929144,1784224.7743031941,226665.78576058225,473361.87476661353,16332.577690003289,18
2024-01-06 19:00:00,81.70321375143551,82.06705631560591,81.13280714298183,81.73816573624426,3262.234504315375,19500000,-0.0002996437267074,8322510.246725516,81.73816573624426,81.704476546576,0.7118448423558464,1387.75789060508,1197.5889152886,1593894231.856763,1006932782.386171,1.0795687506396083,2068867.0497375075,166062.40050288953,524309.7209803683,22302.17279456136,15
2024-01-06 20:00:00,82.29515090567541,83.05944210540223,82.11281900426141,82.42668456743256,1516.411605548207,19500000,0.0003386379624611,7016842.95118808,82.42668456743256,82.45947591726662,0.9991631991868896,965.9754786684464,710.1774013445697,1607320349.0649347,1011139865.2109424,0.9445226055912886,1449934.7014308185,168502.32747740287,539377.0197201226,24414.35242707836,8
2024-01-06 21:00:00,80.888664022318,81.6111051948765,80.5570373787905,80.81951542710244,1636.7941215172282,19500000,0.0001870150274991,8182596.307619392,80.81951542710244,80.94901701983294,1.7856100520760816,772.8074742128498,623.119451713028,1575980550.8284976,1080572746.3927546,0.9938196416386952,935198.3208440432,151552.50201485454,337582.4929299882,19137.802869494157,13
2024-01-06 22:00:00,77.52148588565869,78.02736571563172,77.43544337986349,77.45348311709203,1771.2458216628688,19500000,0.0001238488189274,7270686.799425531,77.45348311709203,77.47711763597877,1.2881946674920146,858.711169684865,871.2766929683589,1510342920.7832942,713469245.9325001,0.9659978709990144,1888820.106996106,173814.12945037062,326506.11600721505,33240.461965175266,16
2024-01-06 23:00:00,77.79504821427203,77.973973520214,77.67561594857224,77.8770863343765,2387.1256730418245,19500000,-0.0006778149546206,7523267.62483221,77.8770863343765,77.75768924021538,0.8950378584109964,1085.0414369618036,1210.640190062814,1518603183.5203419,775813976.2526901,0.9777999367008036,938461.8999421499,248820.67118758807,397375.2371418391,22411.15992609984,14
2024-01-07 00:00:00,76.47057428664267,76.85515138219601,76.04055769287824,76.62879696985016,4762.292732698144,19500000,0.0007166430575855,9375940.30393201,76.62879696985016,76.65203084699966,1.0886108423666316,3297.723818753782,1859.1377596685504,1494261540.912078,1080154917.1243093,1.0085322905494791,804831.2017111048,143531.37874422112,583577.4594501191,16958.863544468863,12
2024-01-07 01:00:00,76.35357476143278,77.05092593001446,75.50610245024082,76.00246701244522,3980.644815133996,19500000,-0.000168281601246,7728622.1115345545,76.00246701244522,76.1654130314259,1.1566378384950329,2524.964560922207,1298.5512409171483,1482048106.7426817,921346400.9479898,0.9378692947360416,913825.3451374238,191374.7424807437,462404.3846713327,15719.209890398994,15
2024-01-07 02:00:00,75.13431194471113,75.20098199549024,74.59799277160656,75.08522971060415,3871.888548899735,19500000,0.0007155438267816,7433357.159259105,75.08522971060415,74.9960741986451,0.7605772092221337,2628.8957614757373,1730.0974498619698,1464161979.356781,859912673.2183954,0.9972926324353124,849688.0709271373,130599.29586201308,378912.6384368219,20663.188421772094,18
2024-01-07 03:00:00,74.77191917862147,75.18624867960534,74.18992411649283,74.88158856390449,1720.788194063979,19500000,-0.0003347724441953,8648605.808369212,74.88158856390449,74.89130255265815,1.315116393403817,1133.1682965980142,564.1940095815522,1460190976.9961374,984610980.6109196,1.034420272682241,730915.276660946,97082.55428022702,330847.26294674614,30761.71560814672,14
2024-01-07 04:00:00,76.64296621603114,77.3653297129348,76.18512169930338,76.5028237071445,2274.107217015145,19500000,-0.0001437203475669,7310980.25944413,76.5028237071445,76.49315868978327,0.9670695860488332,1527.94771458714,1033.742519649687,1491805062.2893178,1075232126.7717135,0.9747027902623736,1663950.6043314498,171418.75217659102,385849.2928238461,17203.934510577117,19
2024-01-07 05:00:00,76.73441535409718,77.48081577293702,76.52455385194179,76.75116939012837,3415.2314814513265,19500000,-0.0005608548147528,7609503.996434116,76.75116939012837,76.76620363631632,0.9820273016549038,1856.896244949296,1768.6300554845402,1496647803.1075032,791581349.9993697,0.9582914482017352,783340.49528967,178545.96532351832,380670.6232480196,26337.88945777192,13
2024-01-07 06:00:00,76.47699947213518,76.83033325526563,76.46508382024591,76.51569827302579,2177.298152012011,19500000,0.0002086374927828,8715610.227228913,76.51569827302579,76.53821318199269,1.004768264048908,982.3151277245306,1058.3823181858163,1492056116.324003,1074940920.0512986,0.9958208469353276,1054780.5416007028,158337.98654773706,533451.5572012054,22660.23880190753,18
2024-01-07 07:00:00,75.0389089357374,75.53971627883782,74.79974043898173,74.954619037918,2593.6379417096678,19500000,-0.0002303770462433,7913838.442714727,74.954619037918,75.04756066575102,1.257226403891471,1291.7979479604078,1126.8845711993556,1461615071.2394009,705387693.1328993,0.9898497552984588,599105.7019916967,111971.9594980463,541722.3337933479,40053.44197901052,21
2024-01-07 08:00:00,72.30563633956463,72.82404934701191,72.0797623441047,72.4929410297412,3717.026673167727,19500000,-0.0002219000462295,6960586.651534142,72.4929410297412,72.50633651362554,0.8598163735677666,1812.925696035898,2169.8424374239817,1413612350.0799534,1050745006.7564083,0.982143169889966,1080599.3015973223,175619.5468564507,358620.3638257182,24762.246138413702,19
2024-01-07 09:00:00,71.84909664566138,72.39045123682791,71.6705106855468,71.79846046494275,2503.922194865936,19500000,-0.0003117542651523,8237613.618438475,71.79846046494275,71.8973455808112,0.7107788055001616,1540.2630777442002,827.606805013974,1400069979.0663836,699272717.9747525,0.9643496177164717,672213.7596848806,173959.6071680224,514336.609461494,17863.80947524376,8
2024-01-07 10:00:00,72.00287093027585,72.02561039505281,71.71399506916613,71.72844438520026,3337.6751961225127,19500000,0.0003332065188213,7640585.625966148,71.72844438520026,71.72717797226092,1.0667227080773902,1360.7762049407604,1882.4503194878696,1398704665.5114052,741132914.7479854,1.0155755374355837,665642.3226714667,130327.3761840254,503909.2038510113,27471.677906208515,16
2024-01-07 11:00:00,74.3867550179211,74.49398884313005,74.20045366293661,74.31746473398086,6610.167203149091,19500000,0.0003134390954702,8920746.597318463,74.31746473398086,74.29887520310233,0.6644925467401528,2925.743718413677,3569.745850612388,1449190562.3126266,694130660.9479014,1.017857905343252,1021708.6362256694,116032.67449797469,349431.8528834809,27750.429520438425,20
2024-01-07 12:00:00,74.4627324083247,74.97649575026355,73.96673648017864,74.51880215898801,2735.5029734972845,19500000,0.0006436101673236,7513463.673243108,74.51880215898801,74.4763873248827,0.9415566911708626,1654.6114725031807,1165.1097324528405,1453116642.1002662,1004253201.0516982,0.9680305979663054,1629022.9688506867,152802.72939282432,435058.7072823553,19553.248128850704,15
2024-01-07 13:00:00,75.92845660870694,76.18229484036597,75.45042211894578,76.00554223232258,5375.833468381347,19500000,-0.0001057119863218,8578761.890801074,76.00554223232258,75.87503410161422,1.2679163172426124,2349.4150484453944,1859.286578190604,1482108073.5302904,1104570118.702432,0.9721823906618872,1272975.4045263256,191612.86966303893,473621.6132668329,15534.230521942727,11
2024-01-07 14:00:00,75.19609736577405,75.75911668908515,74.49249978525668,75.25785998229233,3942.9522891056313,19500000,0.000165645811314,9090658.665425604,75.25785998229233,75.286140487175,1.1227923820480885,1634.3046547043416,1367.2582766649357,1467528269.6547003,791134147.869461,1.0040947598201715,1308445.3514854806,180622.3529779326,457095.2550631716,25869.25708086845,14
2024-01-07 15:00:00,73.46531720169781,73.76080922473372,72.87894033461941,73.50265106191242,1431.3581149174888,19500000,-0.0002868005592205,7367777.243380919,73.50265106191242,73.66097579350323,1.2317934700906084,619.4410496084788,825.2376812803142,1433301695.7072918,784995815.5642215,0.97105085025737,1013312.4838864118,130586.45156884684,314233.5520153482,22450.19441467859,10
2024-01-07 16:00:00,72.05021024672764,72.74400655729472,71.64114077085492,72.1046934952177,1718.0264278949635,19500000,-5.117068205954026e-07,7765838.860648837,72.1046934952177,72.14494489320556,1.1320954239915817,1043.1895055555883,635.8611652342003,1406041523.1567452,750395883.9040974,1.0053598594809037,933266.4053214017,168422.54866382116,454174.3757806641,13975.13520116868,12
2024-01-07 17:00:00,71.20375555459383,71.78709900484603,70.97573850671012,71.0735046237059,1964.910661658657,19500000,-5.565359398435325e-05,8135860.766594675,71.0735046237059,71.12942151541961,1.619418117117474,868.092770956259,1104.7409807421743,1385933340.162265,688044430.897574,1.0440413958584818,1464696.0972731288,203166.5980234756,502450.7872439149,23774.201465452952,18
2024-01-07 18:00:00,73.91468867390864,74.5373458120779,73.49775674505287,74.1717991488811,1944.1546640138895,19500000,0.0002393349872486,7364004.417242929,74.1717991488811,74.14858105231482,0.8890089948913817,862.9933574262748,876.7915239651771,1446350083.4031816,992533540.09804,0.9982053195631506,852076.1812729492,121398.47219981105,606778.3420664674,18195.00037385956,14
2024-01-07 19:00:00,73.09637637145947,73.66133467327886,72.9256288224648,72.97057509264255,2849.375501429886,19500000,0.0004051065419254,8059206.633894833,72.97057509264255,72.96004300207623,1.0828823572656192,1336.6137221579124,1249.5092590447416,1422926214.3065298,666236752.0611819,0.9635915089768228,1490281.7338391552,165344.89466621957,387023.9126787484,13979.110504014165,11
2024-01-07 20:00:00,74.15566030334473,74.41323179602541,73.83613476252232,74.21201490747282,4053.443411966896,19500000,0.0003973200072494,7746165.141250401,74.21201490747282,74.29250833777427,0.9161051812183184,2534.509578857003,1969.379183458138,1447134290.69572,1071360169.7703446,1.0117631049196525,1749920.3961586638,227501.0755473708,396689.5915980349,19818.38055611671,10
2024-01-07 21:00:00,72.94612325155472,73.30666659753076,72.6067068363459,72.8911709206042,5583.545279389883,19500000,-0.0001528436816652,7733690.062334374,72.8911709206042,73.04487606915777,1.2108956034780625,2569.0219789956545,2035.2677206688168,1421377832.9517817,1035039744.0350665,0.9946703581144116,762339.5721843351,118334.0647997322,424312.9904128107,32366.38361010042,16
2024-01-07 22:00:00,74.10199536111809,74.41606551434764,73.78497679194975,74.26939678566882,3477.564753617464,19500000,0.0003995403713868,7917746.20168784,74.26939678566882,74.38733272098749,0.9877605437744256,1427.9319712849867,1490.175453363243,1448253237.3205419,703172893.400702,0.9954952888752606,808490.2375261823,217266.843966092,468946.1322693648,31647.627049632232,18
2024-01-07 23:00:00,75.04978827182308,75.69588151855949,74.64143764667475,74.85088983658665,2385.490928001861,19500000,8.677445886766089e-05,7931900.771352973,74.85088983658665,74.91864820264158,1.410252795472047,1602.4750162214636,1387.2711128525818,1459592351.8134396,888683247.3149332,1.0142596861863638,858055.3430818381,243969.1015050353,451081.6090856786,29261.432488446244,15
2024-01-08 00:00:00,74.81013817970612,75.42587620097336,74.11243339811205,74.62422908246414,1052.453493819025,19500000,2.620931230895522e-06,7990888.738498533,74.62422908246414,74.63431459026121,0.8992778819716557,697.6667137304992,390.9623493447905,1455172467.1080508,1088258598.5076408,1.0207311220833497,593573.9179347289,153960.07872124558,499249.6736480483,23879.362401075978,15
2024-01-08 01:00:00,74.71398815404926,75.38802015043615,73.9437735153624,74.5708731473111,3088.049027218828,19500000,-0.0001125534460456,7517889.265482011,74.5708731473111,74.59396915717826,1.325017020668726,1406.4386516665031,1780.183271915493,1454132026.3725665,1026305698.7705684,1.0010650649641992,884644.3587707577,149379.87621405447,353261.0890483998,26337.239336262868,21
2024-01-08 02:00:00,73.3850421088195,74.25393195709303,72.8210655901873,73.60803836411718,3019.616443524259,19500000,-6.79807383084656e-05,7544190.414009548,73.60803836411718,73.55993497227747,1.125950880887983,1448.2164315838745,1806.52451751498,1435356748.100285,953852142.4497437,0.9981795904987216,1796376.2087692663,210717.48987148496,478959.2203783209,22688.04413073369,13
2024-01-08 03:00:00,74.39825962893025,75.11218254736679,73.80883008237366,74.27509353871356,3266.467408621841,19500000,0.0006226941538588,7812339.855151969,74.27509353871356,74.17495826996294,0.993528815070108,1491.3621119795976,1030.8061640230967,1448364324.0049143,661523435.4202185,1.0619062447142018,702550.008721111,155354.89226935044,381382.0562410799,15811.37271433716,12
2024-01-08 04:00:00,73.66924362955834,73.83745720433382,73.21336747915689,73.60964115411777,8545.158539436092,19500000,0.0001922232299482,7858619.163934207,73.60964115411777,73.53405889546542,1.1145920545115875,5262.624428782849,3925.763215957743,1435388002.5052967,675369050.5444441,1.036016619967219,1813520.4693414054,90374.58114584704,429910.8839610037,16786.821622652616,12
2024-01-08 05:00:00,71.60380310008107,72.50380126545939,71.58154564503285,71.83443059204818,5543.039486680765,19500000,0.0001523835542503,7614722.741945688,71.83443059204818,71.84519139223073,1.0536421512268082,2632.9585297968792,1948.632194837015,1400771396.5449395,964018060.4050621,1.025006383541955,897460.4200963236,158784.20392263235,622564.6301409081,18358.45889246728,16
2024-01-08 06:00:00,70.02529601321,70.42871220821876,69.51905934064584,70.02869904156115,4413.972952451755,19500000,2.1325942438915987e-05,8093867.650673734,70.02869904156115,70.0152540732674,1.0737862307981605,2999.007391671639,2147.460858719459,1365559631.3104424,768719202.9790189,1.0039361783764058,2486325.1531958636,183065.81135205328,334486.37933575903,33537.10520749346,9
2024-01-08 07:00:00,70.32910369957443,70.62624070526884,69.89486390585334,70.27786628741957,1842.6525854023348,19500000,0.0008337935834314,6821030.659449363,70.27786628741957,70.18162484640686,0.9594700150529598,1194.5774961705597,1099.8107685864256,1370418392.6046817,891497678.394054,0.9698277029231508,812585.8549675482,195833.6715501836,418363.7323919282,30424.61364999439,19
2024-01-08 08:00:00,72.6207185347949,73.02766608452819,72.34364741134686,72.54004308615035,2306.5371866240253,19500000,0.0004915031466539,7439132.352115665,72.54004308615035,72.54458965093457,0.8690820828431857,1329.7655990668975,1312.567897163631,1414530840.1799316,950217440.4650474,1.0338215915780198,1007627.6872058138,130593.23679129891,342857.725466214,15931.231884227896,22
2024-01-08 09:00:00,72.80561053311455,73.05504427057461,72.54120562860341,72.77980843645511,2842.893630817261,19500000,-0.0001163186344396,7712152.236485806,72.77980843645511,72.76391111928378,0.9351818992218458,1144.7805789597332,1641.641829536732,1419206264.5108745,818392747.8861868,1.0043288244015407,741647.1391302571,152138.97938448904,456166.7013880645,22382.11171436661,11
2024-01-08 10:00:00,72.65688004970133,72.86653366184876,71.93519776998365,72.6145847528986,2022.9182741240184,19500000,1.791548358861275e-05,7364729.404124199,72.6145847528986,72.53668027876952,0.7141737523697239,1345.444606806987,736.3522530762036,1415984402.6815226,698100877.9931276,0.982684929585306,810674.3992862293,207778.2773890888,545602.835799714,19520.448910644373,17
2024-01-08 11:00:00,73.25343965908168,73.43021071204076,72.58215705158959,73.03817987122635,3828.514938604067,19500000,3.5726636988726905e-05,8984738.04045673,73.03817987122635,73.01844648805124,1.1833976512445283,2367.27987608952,1771.438087334857,1424244507.4889138,806134284.9960278,0.9927057863923692,1822962.9833849496,160331.74351225822,457682.5148790763,21025.04947963401,17
2024-01-08 12:00:00,75.1624234271406,75.22437830159885,74.62173854411773,74.97857088629412,3563.342987331725,19500000,0.0001437615934847,7898718.026322235,74.97857088629412,74.96200414606737,0.7811150768836457,2267.612483772048,1320.037932843196,1462082132.2827353,1040000268.6872531,0.9710145230128556,1290469.6184993098,111058.8479488513,432205.6645704484,18754.46533629915,12
2024-01-08 13:00:00,74.88393549810587,75.68979644710075,74.41896486304893,75.31580459945589,1729.947090455932,19500000,-0.0001103677977894,7999132.495007474,75.31580459945589,75.27689365757651,0.9574043954110754,729.2549772835881,985.77127392422,1468658189.68939,806771737.6197275,1.031719871289576,1610780.1632710411,221772.9749853365,577047.8470084575,33580.723865345484,16
2024-01-08 14:00:00,74.65939558410987,75.3700438009897,74.35049806499994,74.70682523738961,5423.021191536479,19500000,0.0002316449570085,7587734.536246894,74.70682523738961,74.78352450596596,1.1383831979122705,3321.9695221867464,1937.8960040474808,1456783092.1290975,682932386.0690198,1.0204911124936535,630624.8050713894,154271.95174377837,472645.29767623136,21901.886177840268,12
2024-01-08 15:00:00,76.36067774851227,76.86717858297197,76.0016433780411,76.38583175989041,3137.4171192142403,19500000,0.0005356264396117,7876858.916842925,76.38583175989041,76.2481156244887,1.1827938901722477,2012.266684232085,1086.135133998741,1489523719.3178627,1098880372.4449449,1.0054489738458503,1386971.932048138,213801.7995027929,521212.5543109907,23502.14661736696,18
2024-01-08 16:00:00,76.78136813790476,77.45279020273561,76.55846471877364,77.05137133338452,1255.720043183719,19500000,-0.0002940884327012,7156143.698410796,77.05137133338452,76.90606793509113,0.701222255436784,862.6678744968704,381.2978710814623,1502501741.0009983,982941255.6881738,0.998716432791242,723694.5967599797,114821.70650331464,510451.7910557413,23559.33618454644,8
2024-01-08 17:00:00,79.47764823027325,79.81828380218057,79.1131609324137,79.4626801538088,2905.406442408364,19500000,-0.0002384440211276,7780387.6274609985,79.4626801538088,79.47088751906293,0.9817980779449512,1668.1133723383207,1030.211678185935,1549522262.9992716,948705891.8158922,0.9795799336825048,625167.36456125,157905.7023233983,248886.4180999268,16182.229060159922,19
2024-01-08 18:00:00,79.96160405072963,80.33294704037056,79.21555143332877,79.76239622626238,3430.9869111133703,19500000,-4.494756658919207e-05,7317222.741857771,79.76239622626238,79.77803980085342,1.0963088430013042,1895.320247797537,1224.618226466065,1555366726.4121163,1086784820.781002,0.9360978206872445,1174330.2428071285,184874.779242042,435681.2769661072,22755.590019800977,15
2024-01-08 19:00:00,77.67141397101864,78.0034747832706,77.64039051303672,77.84057209864771,4848.3619311018,19500000,-3.103866803234888e-05,7713709.780490693,77.84057209864771,77.87982049329624,1.0104575235056088,2558.088053089082,1567.2187219004743,1517891155.9236305,870280167.2497771,0.957612193100198,1169535.7284670586,159247.32640450547,356605.39247912786,30293.69992272672,10
2024-01-08 20:00:00,75.79802062553587,76.42178973146562,75.14484799257005,75.74705786279978,2518.1047102670927,19500000,0.0006995397624237,6426295.2006412065,75.74705786279978,75.71380691106793,1.3084130511622558,1537.0166279136438,1410.9503010192395,1477067628.3245957,1101205227.5913675,0.9777206398144213,1090383.9020391395,121085.04748048296,374795.7991985114,34262.51901682929,13
2024-01-08 21:00:00,78.15428108408793,78.45302410551538,77.93312045831271,78.2976948183536,4509.624338179532,19500000,0.0004005127660044,7206268.460325757,78.2976948183536,78.2336532698778,0.8484353589171014,3049.617185328389,2408.136432000683,1526805048.9578953,1079866339.6931279,0.9732110085395844,1422214.1082963161,89616.89785281896,594167.9018588009,15609.820426319782,15
2024-01-08 22:00:00,80.94312510225657,81.63288218688355,80.39063987476078,81.05204478913184,3273.355856250889,19500000,0.0003832967056354,8866726.150313428,81.05204478913184,81.05955700609587,0.6637775331785407,1898.305852809557,1231.909306770008,1580514873.3880708,844253234.076064,1.008680818738482,1513792.437949669,238188.1728233831,410462.10564565565,13966.538335115887,13
2024-01-08 23:00:00,81.00829224270599,81.62394312181955,80.25050826138354,80.76963515308718,1544.526539560831,19500000,2.0690291945979863e-05,8428538.123103986,80.76963515308718,80.74204601171886,1.1759369138518472,723.1243007196306,826.286654892134,1575007885.4852,884074600.1777983,1.0243448122591996,1921456.0520940474,173166.62330955215,645973.4217788809,22440.897940558625,8
2024-01-09 00:00:00,80.07403475072921,80.62183960631408,79.5514491398668,80.16101872588492,1469.1166977126688,19500000,1.4105977963955777e-05,8764545.563341144,80.16101872588492,80.29337029167128,0.898150864778391,595.3921342382629,626.797704778244,1563139865.154756,832720385.2819995,0.9961468234329688,663022.9487444219,217880.11584686456,333855.09013618244,30722.675381789217,11
2024-01-09 01:00:00,82.62317661406152,83.33615379688976,82.0448768520616,82.54686822721486,5225.365022062439,19500000,-0.0003355116241296,8812835.382400094,82.54686822721486,82.52835896996234,0.7034854256785016,3060.6736186935186,2783.322516128845,1609663930.4306898,1042743920.4715844,1.042267508053643,1946432.1335984594,205287.61500091868,356206.4807998083,24535.56401120129,15
2024-01-09 02:00:00,80.44517218025916,80.98237952873113,79.67362105524009,80.7473640410949,5420.7642454600245,19500000,0.0003345220684143,8323064.508386087,80.7473640410949,80.7511442166917,0.968794776854785,3574.3400936061885,2151.51377266144,1574573598.8013506,1010560673.3194338,0.976513068412401,2266226.5131807285,188945.0869391652,515282.27288943983,27013.413632463056,12
2024-01-09 03:00:00,79.61866048518371,80.32059230734397,78.91997555933303,79.32321046941689,3503.278821888924,19500000,0.0002473163814426,7606187.255038607,79.32321046941689,79.52750090455099,1.2790423005416331,1470.65046656292,1644.4260045701926,1546802604.1536295,938525205.6196445,0.9959338861975516,921916.6293956706,150191.38521080156,413215.9828110082,14646.04033670707,11
2024-01-09 04:00:00,80.45531142705501,81.04216088390714,79.76997466128444,80.35845498809505,6297.155865910701,19500000,0.0004857992094034,7258777.655980816,80.35845498809505,80.35084020268064,0.776739286474883,3269.9327075527253,2610.0650786012266,1566989872.2678533,1159184068.075439,0.998470384621672,547602.7575871658,183954.13356424103,470459.6466221894,18553.314934135924,20
2024-01-09 05:00:00,79.70562375575632,80.37160789981237,79.143340966015,79.73472690598453,5055.86848854782,19500000,3.675108599314982e-05,8644567.52497,79.73472690598453,79.78704539443866,1.5955191844923653,3448.173484817731,1801.4198213697732,1554827174.6666982,919964164.1946797,1.0327655898650323,613725.179263449,232846.3881012291,432586.9539432365,11397.693715545453,16
2024-01-09 06:00:00,79.82631442991818,80.35682391848289,79.54614571768053,79.73453256602848,4195.695361417774,19500000,5.746625613988094e-05,7927652.478513727,79.73453256602848,79.79403919984915,0.8457120710046476,2309.74329790103,1995.8497608956045,1554823385.0375555,1065235495.0292321,1.0031766124624653,887320.502355011,166167.68898572176,429976.0345048007,21104.753642975746,11
2024-01-09 07:00:00,79.25815378491855,80.15495766816652,79.0336108072142,79.4822650680179,1890.022959064658,19500000,0.0001510136585681,9628364.222648436,79.4822650680179,79.5483467538419,1.0175544707670865,881.1239197479649,992.733122818704,1549904168.8263488,1003452185.6507725,1.0040070674367438,2388936.1935221045,261823.33491832847,416296.4002988199,11507.26861015647,15
2024-01-09 08:00:00,80.21797973528898,81.0146235797352,79.68937152218341,80.02870692297073,7084.852799257175,19500000,0.0003675692726521,7659783.237204292,80.02870692297073,80.05987708518455,0.7836235940357699,3585.622205371602,3726.1517757235656,1560559784.997929,944849476.8834666,0.9503547065497624,1074680.6240152004,111875.79127298402,458583.9596795584,32853.005473582096,9
2024-01-09 09:00:00,82.26838286050327,82.66761014052562,82.0399252638741,82.32172483157936,3897.734305926268,19500000,-0.0003410646866292,9235208.511560785,82.32172483157936,82.3459143126011,1.0083567944218113,2036.339598999516,1585.9367383643096,1605273634.2157972,742645385.1178923,0.9730027987236772,833866.364993566,108909.53333413698,502991.0509167329,35117.20430022242,15
2024-01-09 10:00:00,82.44558664067685,83.15056119026788,82.14322314129986,82.4792496416287,2457.944259504687,19500000,0.0003208168401215,7788499.169572061,82.4792496416287,82.49577306353197,0.9736050364040436,1069.665030400129,1119.872661898595,1608345368.0117595,1040999138.4208589,1.0328785682109274,811420.0810067159,208359.202351674,611019.6696535076,22975.71454267814,19
2024-01-09 11:00:00,83.4745439979503,84.1788525679618,83.14819140826204,83.55670624553758,2134.238094027674,19500000,9.385133134815084e-05,8776479.956991978,83.55670624553758,83.51693376287398,0.742376478946023,1276.7816313288604,1129.2970423593108,1629355771.787983,1047314900.1510082,0.9377397320920844,628828.0647768297,132629.42841651436,424852.56971289,13991.818818739635,23
2024-01-09 12:00:00,80.11475933120519,80.57114266857086,79.63097469152301,80.20790499629997,3389.344743732156,19500000,-0.0002175911803861,9033382.32284898,80.20790499629997,80.24203496801223,1.7597388085254937,1957.852614363441,1072.2167637820037,1564054147.4278495,762417273.0870397,1.040289779572919,1514403.9592177616,271260.32024716504,408918.9875161001,24654.477258291965,19
2024-01-09 13:00:00,80.24914317426686,80.99301180421462,79.96158936666218,80.13780441904618,1292.6768922773429,19500000,-0.0005253817257962,7267087.041223799,80.13780441904618,80.30838942284312,0.9056816324068414,768.2596759558005,415.681583867909,1562687186.1714003,1076339073.7605417,1.0149899346686269,1028770.114852713,227370.3222594717,398517.8976329647,38474.069256038485,14
2024-01-09 14:00:00,78.84585827349963,79.15684678292438,78.17169810276765,78.8055245263949,4229.489747418349,19500000,5.905788643649399e-05,7586661.785138097,78.8055245263949,78.90881350171806,0.9058400702163236,2466.796902230067,1746.215990662767,1536707728.2647007,906808502.8442813,0.9775743601490874,2472236.7986031254,242048.3737493732,593597.5069868544,25405.49199490077,8
2024-01-09 15:00:00,77.01571476362965,77.45121238079452,76.5789226700696,76.91545575296533,1850.506367260903,19500000,0.0005343138949822,7261258.677470294,76.91545575296533,76.94652329173158,1.2138621984669171,749.4580774612556,679.2125963600982,1499851387.182824,820784379.0387214,0.9750385307077812,1372282.321726701,203030.0093457807,507912.7599457986,31429.279235253023,15
2024-01-09 16:00:00,75.5826080543765,75.6640129338225,75.04881033553582,75.5839375288978,3587.834350289591,19500000,0.0006024054000224,7147738.1525411615,75.5839375288978,75.65618290864612,1.4374216339203796,1622.9168814728705,1479.600662529341,1473886781.8135073,1027575906.0809417,1.0568786589954493,1487602.9257728877,129262.96464642104,302607.9386263018,19042.91521184668,16
2024-01-09 17:00:00,75.16511285301932,75.33481703243336,75.02688894961506,75.08804251455409,2296.6109869120646,19500000,0.000206612863201,8319123.256532366,75.08804251455409,75.03028660121814,1.2526826523958603,1032.7207384029923,753.577602052356,1464216829.0338044,809728434.3146715,1.0423421741943826,968845.2225701228,107491.23624950153,299951.4356719632,16960.408339032998,25
2024-01-09 18:00:00,76.41976199212925,77.12682895559003,76.06061555649403,76.48383230631339,2611.7888368023905,19500000,0.0006886016991526,7763717.30619215,76.48383230631339,76.47155572162846,0.7864422194449706,1121.4641142593437,1247.396640785242,1491434729.9731112,949380588.5824876,0.9964167768536952,689891.7264780423,236528.424368602,374740.25967537833,21563.156016212477,18
2024-01-09 19:00:00,74.82118534959818,75.11789079735483,74.46798389142641,74.48900433997471,2041.7142725033343,19500000,8.711767511297654e-05,7919917.81812452,74.48900433997471,74.56705763156579,1.0437101344336728,1267.1751239671376,1023.9649353031856,1452535584.6295068,922903984.2987276,1.0040377518835717,752585.3486078406,111871.6989441084,463253.2171264298,12357.128642150345,18
2024-01-09 20:00:00,74.30835267520301,74.83586492792331,73.80609509471776,74.5421063468952,2750.080008973576,19500000,0.0003859910654928,8245690.120573825,74.5421063468952,74.66041713262027,0.6864138889855798,1199.1480891507515,1478.3114280084271,1453571073.7644563,677134157.8310685,0.9806145591726918,617233.8878984158,241885.90376896752,439461.7546376442,43443.93644122497,12
2024-01-09 21:00:00,74.0173453961907,74.19941401603393,73.5773873735192,73.83115248457176,7667.069689128193,19500000,-3.536926667192817e-05,6797810.511427912,73.83115248457176,73.78162166192304,1.1976257033361122,4603.755033753147,3796.4023169184447,1439707473.4491491,830495384.4413337,1.0040435193347832,1536257.7265073678,192413.8288320607,490389.7246410099,22968.868026348293,20
2024-01-09 22:00:00,73.55690912331235,73.91852249015233,72.65988409983267,73.356220083295,5958.236419626574,19500000,-5.437965178524457e-05,8741945.863525657,73.356220083295,73.32808149484757,0.7210566108099211,2702.1620598167274,2495.991145024249,1430446291.6242526,739302742.2387698,0.9797828893429212,915051.8474057824,159681.55608913163,427158.8818152757,28567.697096125088,17
2024-01-09 23:00:00,74.72215884221971,75.45287834148598,74.47996623173914,74.84972654942615,3559.0163429211634,19500000,-0.0001032527350641,7669596.37665186,74.84972654942615,75.02048690375443,0.8515983659863736,1549.9268945439512,2065.932352351857,1459569667.7138097,744192535.8741193,0.9976437092747746,1562351.0018331395,181772.63395303045,585068.2313949208,19178.544159833225,14
2024-01-10 00:00:00,76.00456495113946,76.68493054445209,75.2405830387599,75.66719917054827,2943.494815762859,19500000,-0.0005181586841372,8229980.356889137,75.66719917054827,75.68204970962401,0.9993599041425538,1320.9198329572782,1524.4348018391506,1475510383.8256912,953900593.0254215,1.0543098813929423,1126997.801544363,182831.9554759851,516289.1603369804,13864.322447768684,18
2024-01-10 01:00:00,77.88097733163931,77.93558313656585,77.52616827776914,77.72622592635993,4546.44367003449,19500000,0.000486127677984,8288330.408029187,77.72622592635993,77.87572159358818,1.093082090698536,2512.005771054077,2083.655018975865,1515661405.5640182,687235739.3514934,0.9971315786034872,949389.7977783006,154723.8823086478,449331.1044823561,33784.06258797483,8
2024-01-10 02:00:00,77.64467801135586,78.09099571726976,77.01361171252127,77.49416280275818,5244.7622821788045,19500000,-9.248973174140486e-05,8800911.082954226,77.49416280275818,77.51794245366037,0.9491514304332676,3113.5256093239414,1898.8930505611809,1511136174.6537845,1119334368.6171386,0.9685593435617912,668546.309849448,232447.99666413252,556302.7203378147,15721.2710076231,16
2024-01-10 03:00:00,76.43493112948443,76.79209120641937,76.07368412880575,76.43064762168011,1968.625394515424,19500000,-0.0001404316339265,7820925.769487336,76.43064762168011,76.45710640485211,1.3550207059334094,1266.9629271905235,973.8642101428946,1490397628.622762,847465878.1987492,0.9590088385604508,1204235.127694336,230464.06179693312,318131.07269837655,24456.507846343327,19
2024-01-10 04:00:00,76.06376788205401,76.56427733058094,75.78185406151708,76.09682832539352,2867.742936805036,19500000,-0.0002539915044838,6654547.973461268,76.09682832539352,76.08119112059283,1.155632619383398,1257.702181720396,1369.393587954856,1483888152.3451738,800766973.2768269,1.0038135327209343,977984.2795455054,169213.21491775618,434949.4330566446,25157.85476321021,25
2024-01-10 05:00:00,76.44240769521873,76.81648810066767,76.28670265256312,76.47443653932716,1198.7335281113717,19500000,3.8692169039115104e-05,7922935.114944647,76.47443653932716,76.55416535633535,1.137627496972962,701.0865253453345,605.3592325806349,1491251512.5168796,1082637145.2476583,0.9771731453652164,1531220.4460716827,140084.54375972706,454749.7111634591,22520.59248309661,20
2024-01-10 06:00:00,76.81260433210257,77.11881380103512,76.66706021792199,76.75265581121644,5226.781915384074,19500000,0.0006290476931679,8014465.305200304,76.75265581121644,76.86454410978423,0.7820159201492475,3304.1200132368585,2792.8652137068398,1496676788.3187206,892021824.3272237,1.007398094259476,801738.5298268256,225593.16724235317,499022.91722940205,17406.94823153072,13
2024-01-10 07:00:00,75.32399035315882,75.67942973546764,75.02344895190761,75.11349435842908,8370.861864491344,19500000,0.0007281336552468,7260514.213880193,75.11349435842908,75.04326307369027,1.4047699876260404,4132.874906730106,4809.184747234049,1464713139.9893672,929063993.4185429,0.9514149072061436,1365655.6361123614,98160.57184064772,313943.02501643205,21059.56918428627,18
2024-01-10 08:00:00,75.28437320882696,75.72252760499205,74.50523447691104,75.2570828505958,3102.741369098261,19500000,-0.0003982600627406,7980417.878140852,75.2570828505958,75.23808415847166,0.8516215603213365,1315.2975953987998,1814.2255550161688,1467513115.5866182,966731932.0486308,1.0207075040372764,2057580.730348765,181856.49240415293,419961.625666722,16563.963683831375,17
2024-01-10 09:00:00,75.47111794832497,75.98773264713988,75.15994243334497,75.6089445290112,1030.18629886071,19500000,-6.334398792884685e-06,7662283.517337643,75.6089445290112,75.68569354485321,1.415536323650619,460.2705378984123,503.8184306673468,1474374418.3157184,1048904435.0792978,0.96819505384621,1190310.1331742166,195808.76576545867,479304.8764817176,28078.32787534072,14
2024-01-10 10:00:00,79.65235215614835,80.02842631696103,79.51969871521048,79.52123324270933,4041.799361413302,19500000,-0.0002103073310281,7083521.757981113,79.52123324270933,79.51888349859206,1.4984616443012702,1727.7382495378367,2383.7999549623464,1550664048.232832,758154693.4514242,1.0013889177783202,1461273.1912597038,132311.20512056502,486714.2261850813,26146.329026672018,16
2024-01-10 11:00:00,82.72332200394447,83.39986254086305,81.78435621047325,82.57120095715969,1896.8604750721768,19500000,0.0003965013223634,8322064.116745249,82.57120095715969,82.5387186465838,1.107971988061709,1263.6193635196848,1087.7104799495448,1610138418.6646137,764004164.5977271,0.9898509034768008,1341713.6254011171,207616.18130374828,560859.6462640722,21885.492865502485,15
2024-01-10 12:00:00,81.28850028776151,81.89462635726461,81.16598673379417,81.18220687721636,2139.4953857686432,19500000,0.0001859780641881,7539029.885533319,81.18220687721636,81.27228195789077,1.2292480236453651,1097.5835986878787,643.5266371618382,1583053034.1057186,1184302926.996978,1.0515516688683662,2280576.170098036,161684.71831053728,515195.1636904122,18573.56400193026,18
2024-01-10 13:00:00,80.84536986547437,81.12135857173635,80.38710536576649,80.72500905351713,4077.699233149626,19500000,-9.097079821395048e-05,7634528.534741163,80.72500905351713,80.82215782436306,0.5397852236019935,2271.2971550094867,2003.3134458911336,1574137676.5435846,712557252.499774,1.005144675202886,1238394.3878836904,141998.95387981727,437062.1965385949,41448.01912576873,15
2024-01-10 14:00:00,78.36188008005404,79.03205137263159,77.79965115453444,78.40436397551024,3385.568312734909,19500000,0.0001217719241773,7600280.964597177,78.40436397551024,78.37695050977203,0.9617502445265624,2134.961199830998,1196.9366074384843,1528885097.5224495,1012822815.3687811,1.0583641584434378,1412237.1300673904,207068.68626550052,506355.7425627594,14903.938772594633,19
2024-01-10 15:00:00,77.34730555541681,78.15278753274553,76.63988768326504,77.49128267972986,2335.4166997789966,19500000,-4.322558642231253e-05,8706151.207860107,77.49128267972986,77.51548836264986,1.2466165581882755,1194.447765600284,907.4443663960394,1511080012.2547324,956996601.9056921,1.0168222720018727,1051987.3736519194,124067.23220146232,424950.2035350789,13857.973791143544,20
2024-01-10 16:00:00,77.85434058114225,78.10946918150825,77.29932765985444,77.98976097741793,2154.2484264917634,19500000,0.0005842738283124,7861034.633003901,77.98976097741793,77.90331129303587,1.2031005950599942,1281.1978823056536,838.5413290959423,1520800339.0596497,936456086.9257596,1.0427621776693743,783045.9572912118,202257.7866171804,455592.8380231117,21491.1866283618,20
2024-01-10 17:00:00,79.64014766094978,80.36707161790115,79.27091542515323,79.9014995931122,3174.5400275225743,19500000,0.0002640878545048,7936874.111866621,79.9014995931122,79.83793947546728,0.7835309876977994,1342.8429900129756,1412.4763221099386,1558079242.0656881,1068450328.2395636,0.9937360538073124,658310.383878125,99152.41062332087,518637.50544126274,20385.63575232948,20
2024-01-10 18:00:00,78.79005073504618,79.01484819955618,77.98533032666327,78.75273003497169,2429.078445194129,19500000,0.0003009470262749,7613634.332014983,78.75273003497169,78.77038365898112,0.9429477482854134,1322.0786408819552,736.6419731818376,1535678235.681948,1148290937.6129415,1.0103650914847098,1771738.2904796936,174804.9590553114,438423.159857368,30615.89925273068,14
2024-01-10 19:00:00,77.72392335873822,78.31150708767976,77.69336279160432,77.73689745774753,1711.9381576795236,19500000,-0.0007000752434098,8184326.06154761,77.73689745774753,77.74711261371888,0.6021353042481887,734.3456134098282,634.6821078062109,1515869500.426077,703463111.2332544,1.0365593076705686,713086.7299234355,164548.5576732258,475631.1490663744,26737.83644257495,9
2024-01-10 20:00:00,74.41100681842978,74.65438340771755,73.67665039430867,74.47654434600598,2524.298318081788,19500000,7.996339635135676e-05,8785801.629649945,74.47654434600598,74.4119824103177,1.086105723469591,1197.7422988503597,779.3424902269305,1452292614.7471166,921275105.4369819,1.0271487984575214,1438408.5421018712,142212.2669758494,536199.5973565287,22222.435732151414,16
2024-01-10 21:00:00,73.80320347881192,74.74052982168627,73.17632530357271,74.24206597431584,3532.6243358340416,19500000,0.0007249632877177,8306350.882821088,74.24206597431584,74.19633479755791,0.6861454275261338,1723.9286182108517,1749.2410070937333,1447720286.4991589,962782200.4206876,1.015929798345537,1260613.081912222,179405.9182103719,510136.17157400405,25593.69560848548,5
2024-01-10 22:00:00,72.5071281578115,72.8739055099963,71.8335876797973,72.68845932814178,2726.9751400848245,19500000,0.000497838721011,8332311.26372068,72.68845932814178,72.61831173970641,1.2536954734211072,1677.840014272092,1545.6120778699224,1417424956.8987646,767935032.9642227,0.9901619550163682,1540806.008075384,159549.1760782153,566195.3116095612,25454.548384920778,9
2024-01-10 23:00:00,72.09127410767688,72.45976415925546,71.74677202368774,71.9300299045296,1470.3352292398122,19500000,-0.000454126875776,8278733.02089353,71.9300299045296,71.96995537663618,1.2668645279523636,885.4818316796631,881.2257141380043,1402635583.1383274,1006893757.2023265,0.9952367051857984,868755.7307175979,211858.50611174316,704814.3118045751,41401.277468093656,18
2024-01-11 00:00:00,70.5926822178279,71.35720891697093,70.49211724356661,70.68664257885804,4887.969742573674,19500000,5.97225019492179e-06,7062309.424401682,70.68664257885804,70.55462543449524,0.9094881021285728,3050.6993580217595,2124.1506772282382,1378389530.287732,809249533.0506966,1.034129858548101,777944.2290682993,187219.63909169644,509194.6070944138,23765.946533658054,13
2024-01-11 01:00:00,70.61144885262573,70.88069563011409,70.09252276265143,70.56056174995007,757.9324620905564,19500000,-0.0002604558397756,7352953.114979114,70.56056174995007,70.49624034855383,1.1098836456496737,317.2148313359562,286.5305562920324,1375930954.1240263,687062231.4817301,1.0403773374619645,1241773.0764648386,182257.09118431745,403423.2305453189,17955.950805912347,16
2024-01-11 02:00:00,67.94044815797027,68.72658292507727,67.5899709439373,68.12994279555191,2384.6733230793184,19500000,0.0006133304681088,7758527.274189839,68.12994279555191,68.00983368874618,0.9575093961039391,1664.917541391266,1325.714013607805,1328533884.5132623,938373168.4637506,0.98221411812161,949570.8380623125,175074.2241334548,490099.9405343675,23377.99162555181,19
2024-01-11 03:00:00,66.35699489308816,67.01190165843524,65.82044388914547,66.16660637440823,2186.1576249972427,19500000,0.0001732834846827,7441871.776143963,66.16660637440823,66.2009482064039,1.0495711781648605,910.1542782138262,730.0619942855194,1290248824.3009603,945594572.8822773,0.9776872307693508,652320.1491768217,144633.52175379443,485902.70302261546,10040.640399466018,14
2024-01-11 04:00:00,69.03217813449321,69.65617156164829,68.39389337613697,69.0520689503189,3210.2029516409043,19500000,-0.0001303386679194,7242949.85126542,69.0520689503189,68.9344916758165,0.7949692179408937,2079.326579873041,1901.3123412692864,1346515344.5312183,646131414.4170337,0.9728759863518937,2317761.247718158,150926.63133321214,500169.4093419177,21811.78584053877,14
2024-01-11 05:00:00,67.34255154302626,67.45424995958507,66.88617385408702,67.30351006953566,3947.472990395679,19500000,0.0001102473830622,6789772.692106823,67.30351006953566,67.31237590697575,1.1325803495043083,2455.6466823213,2030.7823606256927,1312418446.3559453,886544251.6081158,1.024891018471905,777733.2009659356,173174.3137373075,596600.6552966658,30573.67860079428,18
2024-01-11 06:00:00,66.15612334160213,66.69837744429738,65.6449840126691,65.8498189850133,5236.362747464312,19500000,-0.0006822096587205,7081382.7079257,65.8498189850133,65.96436632657037,0.720192280737898,3024.1489175169686,2362.54423690504,1284071470.2077596,660660248.949209,0.9721157493381244,717299.680423986,155851.68989503398,315898.9611370821,26387.75183042798,12
2024-01-11 07:00:00,68.52805614352012,68.55008749904444,68.0475183380199,68.32084719872336,2087.6567909131663,19500000,-0.0002254883910369,7726604.3095268225,68.32084719872336,68.4420097107748,0.6935124878014453,1109.9176586820167,686.8289824510525,1332256520.3751054,602202149.6650778,1.0245281021806525,968833.2332092081,214886.05880991876,598850.7005892121,24090.354546817485,13
2024-01-11 08:00:00,72.37080512619232,72.700015516851,72.27419311552643,72.41520515090775,3996.967264525856,19500000,0.0001109331177478,7843125.487763277,72.41520515090775,72.2916715043172,0.9759092647519187,2506.6568750906463,1220.9087471715688,1412096500.4427013,745846985.378251,1.0163707102936304,1761798.1278902339,166601.92235368906,640550.5843913539,26762.89645654201,19
2024-01-11 09:00:00,70.66128418531684,71.36122140263947,70.52539261478938,70.74521916930547,3287.587177288213,19500000,0.0003537026105359,7401977.700497841,70.74521916930547,70.77340474389202,0.958631381563764,2044.7389790282705,1523.3352742051227,1379531773.8014567,974601882.6373718,0.9836472446690264,448654.35704367474,178794.3697186188,495644.45925527945,30668.058845340394,13
2024-01-11 10:00:00,70.187390995585,70.71685124044896,70.08677732131459,70.23311907870406,1266.7759281706874,19500000,-0.0004823942361792,7936763.245391018,70.23311907870406,70.17068385178783,1.0559706022417583,558.8426352477771,537.3095366570791,1369545822.0347292,674302956.4919761,1.046915779415538,1704283.809225176,114614.4328607476,498035.6880771358,33778.17024869614,10
2024-01-11 11:00:00,70.79372518221825,71.17087197628241,70.14855250883093,70.7216035386706,7709.974257584102,19500000,-1.4346592310728786e-05,7617778.80763957,70.7216035386706,70.64429520533926,0.8781819292952535,4917.342491709701,4262.068745068658,1379071269.0040767,674642581.7406442,0.9561322327569632,741264.4185687129,206036.28396521203,421540.4584068995,25190.866569550428,14
2024-01-11 12:00:00,73.20140208984962,73.50079210884503,72.68542482833469,73.21681044083212,1451.8769351404726,19500000,0.0004029057215556,8605808.742306905,73.21681044083212,73.21582421373489,1.458105999827034,614.9673018571036,715.3276339265133,1427727803.5962262,959025199.1160952,1.0497859779927567,1186492.670498955,140745.22240389825,442973.3095827492,20033.608548970195,8
2024-01-11 13:00:00,71.73631487321273,72.37623933810966,71.35586490146501,71.79306645154638,3676.618181221992,19500000,-0.0003354359973119,7785487.8001040295,71.79306645154638,71.88842854684307,1.0326424452886618,2022.7423864958864,1579.3608423454252,1399964795.805154,800650914.6402992,1.0095665759273649,814475.2311615092,125409.11656587652,508688.14794632106,11003.221833302769,20
2024-01-11 14:00:00,71.6585453692012,72.16700460001543,71.18140677445636,71.44888843022358,3622.718435742916,19500000,0.0001687548504352,8338622.158673201,71.44888843022358,71.49887827906694,1.0476780722105068,2150.1723219974733,1332.4435136938705,1393253324.3893595,689027610.2305179,0.9377960093002392,2367792.922711457,245621.3747669308,502178.2817501178,29538.566518162923,16
2024-01-11 15:00:00,72.55904560893886,72.91557139746995,72.07399253192926,72.57562331710838,3421.4454643659788,19500000,0.0001197923509318,8016072.786082806,72.57562331710838,72.53097908079587,1.0402351313974272,2211.9872700023525,1519.5551555059506,1415224654.6836133,734501755.6228508,1.0477563890746484,1121917.8176030847,193765.7783622415,511008.72632689023,25708.08348917914,15
2024-01-11 16:00:00,73.55350159223944,74.20995507341944,72.62158165021474,73.21676464542723,2327.876037458523,19500000,0.0006143140961069,7049987.475362947,73.21676464542723,73.27570663014717,1.222113789432697,1254.5693688037122,812.1919539862953,1427726910.585831,982819475.2151992,1.0291663751265996,804089.1790654367,207788.0668199784,501487.3763690519,23058.68682646613,14
2024-01-11 17:00:00,72.68846943335272,72.85561512799742,72.03484124439464,72.67527995090441,4508.078667137296,19500000,3.095914206650872e-05,7829814.89594684,72.67527995090441,72.51948534775181,1.1221017428562852,2123.563920838093,2254.5072664629342,1417167959.042636,902708549.3116353,0.9871536494976088,946253.2824648663,182339.21422349743,529494.4671800884,17918.420688834893,18
2024-01-11 18:00:00,72.74710536332758,72.87106025402537,72.0917534245184,72.48827605810324,1366.2380092110063,19500000,4.851982048747893e-05,7144491.180439394,72.48827605810324,72.44094514281544,1.0924289154724878,747.6025485509041,658.1424273893566,1413521383.1330132,958761349.7290268,0.9710583830427582,1106327.9226118757,159008.39857345453,517792.4338050736,29423.40135003695,21
2024-01-11 19:00:00,70.57961099509507,71.03329939142354,69.95094959965003,70.52920808326195,2884.438710697341,19500000,0.0003564879259494,7818884.179716347,70.52920808326195,70.47815258587602,1.1585819738219911,1370.2884721215155,1566.3119770044348,1375319557.623608,659234635.2683603,0.9529279976848484,1145982.2924086086,151766.58552178243,360457.83522834873,20390.59557374549,17
2024-01-11 20:00:00,70.33626434786586,71.01992885819487,69.84212042420583,70.20106263682692,2248.599061003076,19500000,-0.0002979046004148,7430410.142191019,70.20106263682692,70.21358093887713,0.6942501564741022,1256.1070432824663,977.823048138136,1368920721.4181247,804146858.2471642,1.0724633848543117,1272134.9051809052,197753.69019463228,522538.32462800713,21800.17697113505,14
2024-01-11 21:00:00,69.7338201873671,70.00769834542311,69.40291222823785,69.83502665155659,2124.6259215965947,19500000,3.373503803474242e-05,8131525.676961655,69.83502665155659,69.82784565797387,0.699513958493501,1144.6474310722335,814.9949453645243,1361783019.7053535,938448086.0319139,0.9722985437751448,1066763.9075866542,216020.75295783932,641598.0673425435,21659.58635631361,13
2024-01-11 22:00:00,70.04725728004914,70.34225523101513,69.44104600155801,70.1670688443447,3693.662874966703,19500000,-3.671750325215315e-05,7083748.214320522,70.1670688443447,70.16415893926363,0.9849033651590732,2342.3412805988464,2034.907608651076,1368257842.464722,724817933.8629258,0.9620923431399724,615282.6992440247,160003.99505828772,440063.647837388,25208.9788963782,9
2024-01-11 23:00:00,69.46281277045087,69.55971259402777,69.13086682420067,69.39900649733298,5108.899364057545,19500000,5.832645618846994e-05,7896089.756782283,69.39900649733298,69.39382103617766,0.9612365249323488,2411.53861398793,2591.7401742280717,1353280626.697993,677664327.9603866,1.0080375737305045,931540.5621169579,273248.17200089,597133.5024662222,15605.994725395343,25
2024-01-12 00:00:00,70.20211767189127,70.8062515116059,69.78620383092039,70.06359448487767,2510.8386983501887,19500000,0.0003545219346888,8256367.906155405,70.06359448487767,70.07217077617234,1.1229531640755943,1154.9746412086138,1285.5814247847352,1366240092.4551146,771290580.3208039,0.9508631959971664,1360503.5292953665,154920.96499094943,368258.6928989759,26075.86775662557,9
2024-01-12 01:00:00,71.51006066338164,71.67195768187018,71.28627890294034,71.50430363709683,4404.317306948272,19500000,0.0002662484455246,8480752.371840764,71.50430363709683,71.55007575612571,1.004011404668606,2388.26573210608,2019.05079729768,1394333920.923388,766903166.2395138,0.9705535480466632,816472.866063894,114863.28669232308,439787.73809619376,17742.771862576163,14
2024-01-12 02:00:00,71.54954331173948,72.09505043439653,71.17841459399459,71.73409984762391,3056.025005626378,19500000,-0.0001246046925586,7419102.572685088,71.73409984762391,71.75198538434545,1.1234148129968984,1268.712783125509,1719.9112671343862,1398814947.0286663,707299354.7731105,1.029849075824814,1396967.8065372203,105833.1752295356,389168.764195405,17930.50780865704,15
2024-01-12 03:00:00,72.05121094223186,72.96364537965103,71.65863989513946,72.24776218815612,1907.6623966266916,19500000,0.0001410097609981,7898016.098746539,72.24776218815612,72.23444318195111,0.7794871668635509,894.3163065162212,702.6589285205625,1408831362.669044,1037158371.9313331,1.0139263178445814,1080991.6092499334,106729.8503776828,582942.7435554543,28726.405018644844,12
2024-01-12 04:00:00,72.12538813834847,72.34062468796014,71.64902797379033,72.33184295057242,2620.247226019256,19500000,0.0005471324842301,8003854.845008737,72.33184295057242,72.36813532834799,0.9978533931811272,1326.1371864766056,1101.8338923492904,1410470937.5361621,839130799.7699336,0.9884089012078184,978333.6230172039,146758.99812979234,614211.9302708914,16341.962441660511,10
2024-01-12 05:00:00,72.08346186087,72.7417561731759,71.773140892352,72.3391985950077,2566.3939354294425,19500000,-0.0001494097096391,8925939.835162112,72.3391985950077,72.40619362995552,0.764746136767737,1401.9925552872337,1382.9521135624304,1410614372.6026504,892104841.9417448,1.0005492001879417,1720902.8750153293,153582.85843256803,433722.7464956489,28710.91721841953,18
2024-01-12 06:00:00,71.32550192505072,71.69089465606706,71.15454762078969,71.3098871477977,2104.156690482169,19500000,0.0001435500341191,7005426.889082909,71.3098871477977,71.27736799299379,1.0804434804254743,1011.7437937687762,715.1781785796339,1390542799.382055,676265561.6970755,0.986725884094,532559.2849608382,193039.4612494812,559171.9482290695,22706.57972991282,10
2024-01-12 07:00:00,71.9313673319461,72.51217527028386,71.14774730255148,71.76987880013449,3693.173757800053,19500000,4.205179691841144e-05,7332403.196553909,71.76987880013449,71.77279246123373,0.6868378722168451,2098.4279000966494,2003.298759250992,1399512636.6026225,885906230.8544941,0.9981400657189288,814698.7745108827,161594.92036441277,615460.0559456896,13433.635802643268,16
2024-01-12 08:00:00,71.6356108677117,71.89204794566419,71.38775103285816,71.6375330154692,3352.0356394928226,19500000,8.109849524896692e-05,9870480.378582457,71.6375330154692,71.72793288854189,1.0721457558759,2224.1574362503534,1360.1842157092312,1396931893.8016496,861343746.659162,0.9771456585232104,1747459.4797255795,200956.3016458876,439510.2107145893,33168.06370976554,22
2024-01-12 09:00:00,74.36991022369111,75.01420716568965,73.68351803094052,74.70765077629267,1345.7074661228285,19500000,-0.0003891972866748,7716367.642654566,74.70765077629267,74.63273688180317,0.7454256539471301,757.7924177346124,454.3796192802076,1456799190.1377068,1062849802.5515674,0.9825928204141772,2219342.9612539904,164591.71110588912,454044.4239558066,24175.04346324543,17
2024-01-12 10:00:00,77.07415506870201,77.23305787563484,76.91433923926508,77.10357169436172,1305.3637315041744,19500000,0.0005232288562936,6779558.749404098,77.10357169436172,77.25043103670716,0.9261625140094448,634.4744651326922,422.604779786723,1503519648.0400536,862561765.1066761,0.981679655873637,2663360.0897843903,163305.89157397315,512329.40891231486,24791.0445421538,9
2024-01-12 11:00:00,77.68334505288145,78.28432432438153,77.2482736711224,77.70864683234943,3686.16619949008,19500000,-0.0001323055702664,7527684.656177607,77.70864683234943,77.61235377604685,1.1960034477876158,1543.0081289979744,2038.1130503278573,1515318613.230814,1037415353.220066,0.9782241744443274,1089080.4709279945,140874.0181266215,373806.0667082284,29797.288939648628,20
2024-01-12 12:00:00,76.8602338278461,77.46336293031605,76.12865906369616,76.53938093428353,1982.9814730820117,19500000,0.000407821591046,6319762.736118854,76.53938093428353,76.52060087883874,1.046525885304832,874.4946143259564,1058.0885024133863,1492517928.2185287,807831736.8316694,1.0313173298924945,1281909.1309140814,232267.99041557283,452263.1678056283,34536.29998559476,14
2024-01-12 13:00:00,74.64463344098051,74.9651142961988,74.02609229237882,74.86280430181179,3466.9155167057875,19500000,-8.641298241425333e-05,8040290.226914916,74.86280430181179,74.79915669445631,0.7195479979420436,1970.4741676606288,1339.6591579468538,1459824683.88533,910466534.5478411,1.0231035217603917,1480178.44923072,110982.62381746914,679122.9201058351,23395.71275273913,22
2024-01-12 14:00:00,76.61541991274377,76.97701509358033,76.50903833972995,76.67533058140387,4404.868956213649,19500000,-8.765139556872805e-05,8414650.587821104,76.67533058140387,76.85075814023496,0.8741714382668545,2665.441933301925,1475.2287453788622,1495168946.3373752,1088619231.4918823,0.9720291019482716,1777524.4400569845,175488.28590467497,400311.10886714136,26507.584981825803,16
2024-01-12 15:00:00,77.35002534259421,78.04068758279251,76.38558360365036,77.08702711890221,1578.962999792166,19500000,0.0004639369751396,7332074.811321148,77.08702711890221,77.05593406429007,0.7406140014769713,655.1123534611594,590.8011032341727,1503197028.8185933,958320264.1081218,0.9641681862237228,1209767.6269074995,155528.98385181048,524796.1855204321,24621.018783058003,18
2024-01-12 16:00:00,77.90868423946796,77.91079344076753,77.4249764179162,77.8386328416704,1471.7852117508205,19500000,0.0003981653810433,7595330.189093277,77.8386328416704,77.80743191405955,0.712516862878829,670.6409333248838,535.5771792751631,1517853340.4125729,1006864378.3011787,0.9952817007060816,1545969.300812414,197884.46897920663,491275.7652947572,19873.444811629623,17
2024-01-12 17:00:00,75.26175817690746,75.48660950617104,74.73644192013025,75.17706173350139,6885.794781660185,19500000,0.0001625997696891,8491654.484587235,75.17706173350139,75.15670763876466,1.0238117125288593,3413.456357229143,3580.0396688246497,1465952703.8032773,1044924281.6746448,1.0646586279486865,1282871.6524856442,161909.47305346752,428157.6801401237,13697.506790111118,12
2024-01-12 18:00:00,76.60972803546814,77.03494442052875,76.20142803018159,76.59217549284959,3553.844987733239,19500000,0.0003283451649418,6856343.528038427,76.59217549284959,76.6071571374387,1.1185796028580095,1762.4652131553505,1295.9768323846165,1493547422.1105669,1086745891.6032062,0.9691688438891036,1315321.4707228744,163106.87281914477,462467.2481340725,23493.44247866375,16
2024-01-12 19:00:00,77.35018742770653,77.60860965433793,77.27133174148493,77.2991786985963,2417.235163689499,19500000,1.3434165923080025e-05,7095535.8050437,77.2991786985963,77.28152033670652,1.0921204616916549,1661.902606215088,881.878832798257,1507333984.6226275,772482232.3411682,0.9951632683088788,739222.6104871881,152259.27365489877,628143.5391809,33312.27908173212,18
2024-01-12 20:00:00,75.72654261261748,75.93255302872569,75.2331090755619,75.60895412601192,1868.7588514261104,19500000,9.748971168433304e-05,7744185.5399932815,75.60895412601192,75.60646758910988,1.1280893523060405,861.7429731400322,578.718062895701,1474374605.4572325,750090158.6407948,1.00266161241153,935668.5632235052,230570.99562239475,494211.7901609246,26238.94113107388,11
2024-01-12 21:00:00,74.78549404193996,75.25136524909723,74.58839712466111,74.90676604655434,2309.48440094071,19500000,-9.848731773914573e-05,7426129.069944592,74.90676604655434,74.64989501887868,0.9976206649385232,967.1106919352932,1106.3767621925629,1460681937.9078095,898528032.8060472,0.9967407347786456,865960.3507568561,162852.71319491052,509896.847608577,15990.867271215116,11
2024-01-12 22:00:00,75.44267843853363,75.57962433327647,75.05234458650162,75.31042450988937,1643.7143902141136,19500000,0.00037121948479,7703557.010581136,75.31042450988937,75.32226028385458,0.946789923822021,831.5624225555367,832.8599964737689,1468553277.9428427,1099439626.3754253,0.9862537037734154,663406.9620583992,266309.062636493,609364.8469928321,30615.339454309957,16
2024-01-12 23:00:00,75.1899905473239,75.79635295849945,74.70193111625255,75.39703125006503,4636.458442332695,19500000,-0.0001080239993502,7128433.450441421,75.39703125006503,75.40591351958669,0.8068529338590332,2041.5837604083997,2299.901953221297,1470242109.3762674,877801724.9413562,1.0346523991659566,551314.1063597215,174217.8436983278,417532.6035671345,20073.564801789733,18
2024-01-13 00:00:00,75.01446769780273,75.54459188141793,74.59213550872813,74.9652353330844,2021.559299785271,19500000,0.0005455469034813,8023194.042773955,74.9652353330844,75.05058841092531,0.9157462847851652,885.3916045557132,951.3048635287946,1461822088.9951458,802937195.3746297,1.0136337586883035,900991.4814049454,163642.5835942425,358834.6649354396,11759.212303936329,12
2024-01-13 01:00:00,74.84446272694548,75.27503914333552,74.74797300711289,74.81771674542158,5150.078797922136,19500000,5.249749504052711e-06,7793210.271552414,74.81771674542158,74.92313946832698,0.7677664627295581,2689.5524224744586,3037.6322727453103,1458945476.5357206,891675936.4755075,1.0253741597123522,960442.2657122465,156947.7552804717,630122.4712713084,29892.7466966768,17
2024-01-13 02:00:00,74.357297432471,74.51838134128266,74.30298591454793,74.44906231752837,2439.8346268641108,19500000,0.0001061525692049,8241041.758697092,74.44906231752837,74.44253253460005,0.84448094602232,1200.1969640175548,1077.9715254977975,1451756715.191803,681336621.0870447,1.01768139848999,1113163.9364212176,187411.446017204,454659.6320303297,16587.18706535986,13
2024-01-13 03:00:00,74.68065152942286,75.31467845248578,74.54200115272128,74.68403998544186,1769.2745949317664,19500000,0.0003276184061963,8014268.243025207,74.68403998544186,74.75246767481343,1.0179444756808185,756.3967943907078,987.3276800771964,1456338779.7161162,732774378.3614246,1.0268184496541797,1333072.8085252717,140491.41416927215,528987.5470577511,37579.67076185656,13
2024-01-13 04:00:00,76.82655878580498,77.05693030329432,76.67990829646028,76.92233326799708,2408.7162446511898,19500000,0.0001071593263568,8018302.404550302,76.92233326799708,76.84529026047689,0.9767141808302888,1400.1651440085725,1189.4312429948236,1499985498.725943,742007014.3718686,1.047532174989222,1150780.5150091625,168794.21677741237,379850.9290932535,31080.379666201632,25
2024-01-13 05:00:00,72.92396931133544,73.6395397649016,72.48037225400103,73.08061048578642,802.6482805841695,19500000,1.0627505714406947e-05,7025082.332327838,73.08061048578642,73.14399639369083,1.8458605796510237,441.865848603382,261.0602152703664,1425071904.472835,653216854.7064162,1.03993131900365,963124.1575678244,163086.21291085574,478162.18880684266,20571.46536136788,20
2024-01-13 06:00:00,72.69107412367808,73.00480392536952,72.56181887981612,72.74251977834957,2806.281879664967,19500000,9.099296565745856e-05,8203811.370380309,72.74251977834957,72.70815069818623,0.7640216752278309,1187.4217730378516,1523.8855345883542,1418479135.6778166,945648536.0748855,1.0697441187878771,740182.128928487,176541.61821579217,355262.93029381766,25280.98860549881,16
2024-01-13 07:00:00,72.84587514497498,73.57854425258715,72.20357891476726,73.00707310298989,2737.8833598144456,19500000,0.0003681455060672,7680788.500869594,73.00707310298989,72.92788251563948,0.9752906555372828,1803.781465678336,1301.3613071319687,1423637925.508303,779644438.6616813,1.036520238442216,1515914.9171880728,177638.80487041603,448089.3654456915,45577.77879928212,18
2024-01-13 08:00:00,73.49531000239347,73.64691091220216,73.29382763122648,73.447892415564,4502.424791876121,19500000,-9.885566664101164e-05,7782391.321821708,73.447892415564,73.44160610753528,0.7522049725888547,2185.5396563102718,2233.462476765044,1432233902.1034977,716920281.5554905,0.9799165967041747,1024764.3016130542,179961.59032989986,388642.5723110967,29732.681628955048,19
2024-01-13 09:00:00,72.74317563874614,73.04698012515543,72.6768837313375,72.91088313686923,1160.7800743870334,19500000,6.212889781802057e-05,8576729.584497152,72.91088313686923,73.02028390811698,0.9253741144395762,799.0975274743888,410.99534715512175,1421762221.16895,858279651.8147681,1.0254193612541749,897336.4581232901,166662.51635286014,371189.9232161486,23658.08053976901,14
2024-01-13 10:00:00,70.50096671396426,70.85137474036586,69.78418782986576,70.4007193248416,5329.076195306096,19500000,0.0001030860182012,7445699.957904153,70.4007193248416,70.42050231676171,0.93293603730968,3620.9025836516103,2298.1482725047067,1372814026.8344111,750975017.3013574,1.0213130553695378,990653.7606080748,240923.77426534373,416389.1114505354,52404.41897104272,18
2024-01-13 11:00:00,70.7036809668041,70.8944886503033,70.4948734996078,70.87114651906889,4493.106658025948,19500000,0.0003593755586582,8787113.46885295,70.87114651906889,70.98429146449897,1.1840917265941475,2382.3753956574037,2534.8972909734016,1381987357.1218433,784837987.8149762,1.0576088471569656,796198.9274332515,180889.60445730312,279657.7663117893,22817.30009438323,17
2024-01-13 12:00:00,73.28655465346493,73.53495224993772,72.97477706534362,73.3696523756615,5574.856086137182,19500000,7.004638783856904e-05,8852939.469933487,73.3696523756615,73.32205508196411,0.9139921393453464,2612.2107741525947,2032.756195217466,1430708221.3253992,779248889.0244521,0.9709852444997114,863226.6034498401,312230.3738626675,350816.82931955915,26226.99350093222,14
2024-01-13 13:00:00,71.07127018071323,71.67537224818724,70.38967794822743,71.16016394256859,2903.4045553528226,19500000,0.0006424897283481,8376366.9173658695,71.16016394256859,71.24184521534988,0.9624588952063712,1888.5363727238016,871.1301628685712,1387623196.8800876,626088723.6748656,1.016738532441788,852321.2221555073,164795.87274839883,517354.0996109264,16632.86844166853,13
2024-01-13 14:00:00,72.59938963401358,73.20732492815938,71.72369450669679,72.40748854084171,4949.037622933392,19500000,5.303842668547148e-05,7291737.505413126,72.40748854084171,72.36750801927276,0.917535880969439,2516.0202160201497,1867.0373782307695,1411946026.546413,926940673.4679375,0.9795678896569912,951473.4996321585,206845.68747568867,474270.5782071934,13327.493224628795,7
2024-01-13 15:00:00,71.98801049659785,72.04616627286912,71.42617335748417,71.94048805682202,1428.496801414547,19500000,2.869490847841604e-05,6621275.755991584,71.94048805682202,71.96389236022783,0.7556247799632698,641.4882138279419,637.4848891850597,1402839517.1080291,677862076.0193367,1.015376353123004,1387486.0411356848,135738.79567236087,356882.7625492992,20204.47336157696,18
2024-01-13 16:00:00,71.82906349869359,72.49335024212562,71.77954529527828,71.8594936663794,4257.867736434021,19500000,4.869036351468049e-05,8597730.873782344,71.8594936663794,71.8822503340997,0.8777262919196175,2407.748903479669,2326.42830589528,1401260126.494398,722689707.8311018,0.9935576000620084,1256130.986011523,231005.6189871585,493646.3819800477,22281.731919992093,11
2024-01-13 17:00:00,70.43932543293597,71.00109117168266,69.95160819718919,70.36913652006828,2027.215831243344,19500000,-0.0002949924285974,7957400.119282325,70.36913652006828,70.4227220358517,0.9264572802922274,1108.5236464052884,999.3915986941288,1372198162.1413317,695834982.1843376,1.014384064125727,1981564.1078760542,136479.4067337676,371148.446007085,24313.306579646447,23
2024-01-13 18:00:00,69.61237488750217,70.51495994771561,68.92385424743098,69.90698983551466,1305.4447728384073,19500000,-0.0002110180540276,7430370.521215298,69.90698983551466,69.93150905646571,1.014874720382494,855.0733281504238,751.5694122885859,1363186301.792536,748948443.2324044,0.9576898544175572,1733050.5168703615,182402.21578433653,511136.9177419344,14386.832909355178,14
2024-01-13 19:00:00,71.74945529335372,72.25680736783282,71.07004805737515,71.75564545048428,1699.2287334943835,19500000,-5.920006692172797e-05,8663133.65388427,71.75564545048428,71.7097803514109,1.1182773908785986,1051.4562560253808,742.0010717023612,1399235086.2844434,696902052.9957949,1.023796794446677,2334412.4515484404,152343.51234311436,432298.7526658207,26854.86557215084,26
2024-01-13 20:00:00,72.8940274767052,73.38544479881351,72.52701052707843,72.60397254764744,2989.213443235336,19500000,0.000440748954655,7361522.795835145,72.60397254764744,72.67514672668544,0.9541643936969988,1981.3757569546544,1247.233068455858,1415777464.679125,784461958.7299638,1.006181785455583,1334898.0411780425,182225.8169217556,414560.9842186762,17169.405737617697,10
2024-01-13 21:00:00,75.19092373940896,75.5857461920541,74.87337380761724,75.1710264939306,1974.065490308545,19500000,9.006218219139697e-05,7623679.313915287,75.1710264939306,75.30871400031043,0.9508154893235627,1224.7316956153472,729.2700616556672,1465835016.6316466,766601376.3991311,1.0045657864531572,1326353.7186903083,153476.22388918488,434428.77024499216,26439.65664849483,10
2024-01-13 22:00:00,76.98032930327297,77.48284705833608,76.72700652885563,76.96987476702098,3597.6522749158926,19500000,-4.539325688471194e-05,8225036.649956073,76.96987476702098,76.93263647819808,0.7088136431093454,2132.157572386928,1314.6495805475438,1500912557.9569092,702974210.7097768,1.05850684899542,878293.2111379405,133610.8536285669,738152.4775093438,29157.806047120324,17
2024-01-13 23:00:00,77.74167710091902,78.45620836854972,77.55580322143663,77.65654558791557,1206.985517777238,19500000,0.0004679604236819,7214575.082655312,77.65654558791557,77.5217934590655,1.1139885948664254,663.9061808473197,628.6378508875383,1514302638.9643538,1076924931.6478403,0.9885254980519652,1485271.3493780612,152070.86792923528,380119.0211049384,19562.06035147996,9
2024-01-14 00:00:00,80.56498620463857,80.64597174121258,79.86217208091466,80.42093538183813,1029.111644692591,19500000,0.0005653531398676,7818033.486743266,80.42093538183813,80.46913322211778,0.8700717691761201,716.5354348696167,333.543046192741,1568208239.9458437,849458151.0128216,1.0102679627431594,820981.052302452,239281.27721582164,462921.019022872,16495.688460524772,18
2024-01-14 01:00:00,80.81410049164428,81.39444811226855,80.59279239927547,81.13824236493143,5920.603806817283,19500000,0.0004766147382723,8604819.886047238,81.13824236493143,81.1194847940888,1.1611659709260316,4071.891995229108,2207.284434343759,1582195726.1161628,757214578.1838385,1.0030081209711776,592745.1795998722,182922.7235809637,517245.9376848086,34999.700917301685,16
2024-01-14 02:00:00,82.22372068011975,82.56108525540924,81.94015918543676,82.50130895379051,4683.964120618305,19500000,-0.0001559269991705,8021138.608270679,82.50130895379051,82.498742927462,1.3012013974294088,3066.3847210053186,2650.039719279034,1608775524.598915,975654648.2367743,1.005941174807222,1965449.3191297,117923.04061902502,364950.6544663101,28620.359903894987,16
2024-01-14 03:00:00,82.05610613192488,82.83137646655518,81.94749546691313,82.02160927170345,1764.0217775547253,19500000,-4.857458605809669e-05,8714476.692091372,82.02160927170345,82.07543002719682,0.9631144707600984,1115.9127043241738,834.5167993821603,1599421380.7982173,778890471.3016119,1.0666541171392834,647600.6105209433,214024.47899943305,321627.2137315135,23053.96152275083,18
2024-01-14 04:00:00,82.02162076466358,82.5047962066862,81.6131797020711,82.13905934134246,2976.490432565957,19500000,0.0006441208210944,8635483.57750965,82.13905934134246,82.10978560240021,0.8149225049988723,1706.3263155758375,934.5474015701913,1601711657.156178,1092251963.5727663,1.0019142127724123,1272180.349742329,130238.34253486613,392299.3092426607,34218.72641202948,18
2024-01-14 05:00:00,81.22197135990083,81.77049945245412,80.88126776987589,81.00939860500681,4962.939722315168,19500000,0.0001723419076,7891692.233873705,81.00939860500681,80.99572000835498,0.996665848053097,2371.9179702141764,2537.4345228936145,1579683272.7976325,740039566.8317116,0.982981606015352,750555.9910344491,195994.09731405287,514984.7874212756,22583.583267149625,15
2024-01-14 06:00:00,82.5848550872003,83.33202111140392,82.2280138370415,82.63694518476146,3676.072861503989,19500000,1.9711880531176444e-05,6542060.7374730455,82.63694518476146,82.63693530824692,1.0722297938416625,2435.8824394154526,1661.6022489011411,1611420431.1028485,949756352.8257862,1.0561270838634167,1675076.0588832195,186892.9527796637,413163.7612331341,18285.210394968723,16
2024-01-14 07:00:00,80.40804397971935,81.52029492727422,80.29278530272904,80.72035599907518,3210.2739273034576,19500000,0.0003155043883992,7219096.017984783,80.72035599907518,80.84706709578029,0.938845828411404,1294.5263976602178,1786.0568248213938,1574046941.9819658,1154009208.4961252,0.9907693370368312,1768924.1160359036,189866.7171998853,422429.9079729279,16309.277239557126,14
2024-01-14 08:00:00,81.79356264007285,82.13418485491715,81.01337483284422,82.00152077917359,5154.250745333575,19500000,0.0004021897202074,8383439.337321567,82.00152077917359,82.01218668451803,0.8933224456937497,2413.385083643312,2601.505812456077,1599029655.1938848,795822214.1546215,0.9518446555837284,1318985.1912110623,258667.1273639981,530807.0856000065,21325.53072260467,8
2024-01-14 09:00:00,81.24832802835542,82.35079466344457,81.13053214419956,81.69761195727541,2068.6339945257555,19500000,-7.14348712784793e-05,6966907.295952501,81.69761195727541,81.60483013775986,1.119303304431885,1078.0059959887233,623.3497072728776,1593103433.1668706,813136884.0782175,0.9777746888071344,1757227.7184475476,132301.64300043453,376521.8594259716,27764.573247421315,15
2024-01-14 10:00:00,83.60316290448377,84.38458969046407,83.16684873707244,83.64232851468995,3027.79292147978,19500000,0.0001658319875859,7683353.583218026,83.64232851468995,83.55066668675818,1.104635763609912,1743.5459142396458,1095.2184819899146,1631025406.036454,1027773490.4921119,0.9626023751787144,1070500.5616943967,189605.0861201936,434629.3760267244,33420.60030823004,20
2024-01-14 11:00:00,84.88439351255141,84.95789051588636,84.71718838248731,84.91638731157968,2954.4733211865805,19500000,0.0003779680207651,8103288.545143058,84.91638731157968,84.93670185226384,0.933085979976184,1678.920224997612,1114.9860577020822,1655869552.5758038,1231894455.595758,0.9460010360105664,2608724.4769992363,222993.33299414595,326841.8820279239,22182.3690371437,14
2024-01-14 12:00:00,87.99946464373251,88.73839257677443,87.93226666548432,88.07423309901888,2600.9160169277507,19500000,-0.0002480861437879,8870730.765157998,88.07423309901888,87.98356701732736,0.7183393185548884,1177.551066433563,1328.2089676236378,1717447545.4308681,971647193.0936632,0.989109549868956,1438581.5836841913,138574.66746277205,471721.38871801214,31695.7372235747,15
2024-01-14 13:00:00,89.57273207210119,89.89046923364847,89.19904874699795,89.37987193142524,2453.074081795004,19500000,0.0001037036372278,7532220.968821765,89.37987193142524,89.24917143303908,1.0955709436151797,1058.3529570524065,1110.7378471584746,1742907502.6627922,1123466895.8282955,0.9978935210417972,744509.9215906045,135071.77798085383,463194.0755583104,20655.13365312356,17
2024-01-14 14:00:00,86.82971283802553,87.39288756953594,86.57462981552285,86.62207628461081,3091.56934286182,19500000,-0.0002343168959152,7491076.45897065,86.62207628461081,86.68578993932756,0.8577304079745668,1442.8313261109267,1620.7065330802975,1689130487.5499108,837293737.7530135,1.0354158374538671,1097499.2766910263,151479.12646146363,518713.641623155,17422.549498970766,16
2024-01-14 15:00:00,86.485330257275,86.95954033524777,86.3647719701128,86.51481250227341,3032.6853131687712,19500000,-0.000195074149078,7853787.206154369,86.51481250227341,86.58268323450592,1.0438003286372313,1530.331332065279,1376.415040357616,1687038843.7943316,1083786043.1420114,1.018882048361862,1004199.5062484001,176518.90479777302,351845.9700285401,14884.951719241242,13
2024-01-14 16:00:00,84.15808302907887,84.73845843045804,83.74277622185315,84.51892706585771,1764.788582193015,19500000,-6.893002324409121e-05,8111351.9918996245,84.51892706585771,84.49626445370585,1.0306930564811343,713.3559692709276,702.7659615408244,1648119077.7842255,866578735.8482565,1.01751502924386,965626.5632890664,114391.37154318336,425756.3374724053,18922.898173593585,20
2024-01-14 17:00:00,83.75900632175826,83.87226639090755,83.11044702208302,83.65572804171262,4451.061806723002,19500000,0.0002431358613638,7790085.04657021,83.65572804171262,83.68865989631432,0.6853747668693163,2705.0738193969505,1473.7385256444766,1631286696.813396,1034213388.1923652,0.9732036998440684,550095.0663726544,186810.59054096392,342595.5678248736,15054.056545498815,14
2024-01-14 18:00:00,86.32718671176788,86.42814396803105,86.15609337113314,86.23140772317237,1829.5172187086248,19500000,3.3932114085596167e-06,8577418.476209914,86.23140772317237,86.25625285814685,1.0163485352978887,867.7733702519324,660.0653511341867,1681512450.601861,801406080.354235,1.0265479978589234,1245998.6553548847,114451.14326768788,421164.4537055351,40249.52531484069,15
2024-01-14 19:00:00,87.40073900281627,87.49104394401229,86.9614751716908,87.34669034346949,2672.803706331208,19500000,-9.45254374905218e-05,7398372.301624296,87.34669034346949,87.40804435206698,1.1083877755994094,1350.892006660791,1123.2030571508594,1703260461.6976552,1034714901.2499803,1.041736985091962,613172.0778539124,224882.36144836975,595024.3541818967,25129.278712886768,6
2024-01-14 20:00:00,86.31190806509024,86.86239681817949,85.64211067446398,86.14281321165889,2571.795992633712,19500000,0.0001154663689974,7962988.730872902,86.14281321165889,86.20352235099489,1.1359059007964374,1287.1080447844631,1197.0071917608618,1679784857.627348,875539980.4854696,1.0118371267463848,388690.69165324117,185061.1716591916,414923.5016323022,21403.6242736186,15
2024-01-14 21:00:00,84.2256760772691,84.71902043327992,84.02839791793377,84.4223511304011,3565.472299243394,19500000,-0.0002440888184799,8172775.259513744,84.4223511304011,84.21080656640629,1.0237508128927535,1973.663412785247,2073.6473878059933,1646235847.0428212,1077482122.5678575,1.0126755260889375,930145.7980444748,262573.1445315892,336655.70329574664,36923.39089171523,14
2024-01-14 22:00:00,84.82559239231776,85.00935298959575,84.17181350808667,84.48616830105198,1033.2330305574494,19500000,0.0002286409653501,7638283.450080307,84.48616830105198,84.47429808239951,0.6733855647922169,679.80525398266,384.2759506780917,1647480281.8705134,1110897496.3053436,0.9620592310090006,788860.3752913533,192373.85902940252,386166.59438344766,14903.029438815514,17
2024-01-14 23:00:00,82.3053350795685,83.0341239093586,82.24621114933028,82.46357075638221,4653.872312757644,19500000,0.0004394160285874,8434819.512708768,82.46357075638221,82.5145253421247,1.2909988388400355,2070.1214556301347,2326.123971118025,1608039629.7494528,1132771873.6319032,1.03163307422816,756219.7415309027,150815.10377802412,320555.1557359772,21138.62361532981,18
2024-01-15 00:00:00,81.49414262146749,82.05388478618812,81.19308524299969,81.37221076957633,2124.95270830147,19500000,7.623878770359653e-05,7981355.081179034,81.37221076957633,81.34694823041548,1.085677844620676,1067.1897839363469,734.7316668208433,1586758110.0067382,1186448569.4926767,1.0534249164628426,308495.85962100915,133296.4289446713,341412.063546652,40130.9099327679,22
2024-01-15 01:00:00,81.61341195015846,82.33128860973183,81.23247896193881,81.88976496236906,5486.147991733999,19500000,3.920530200993752e-05,8400566.805936787,81.88976496236906,81.90091856448531,0.7861058189761158,3333.430932821539,2820.5709744486257,1596850416.766197,938638948.944631,1.009688571971405,759461.5170970222,172771.08074030984,505952.1555242089,21094.92666176016,14
2024-01-15 02:00:00,83.65640483176611,84.59595017832355,82.82783651293977,83.81234015256891,2347.057131113278,19500000,0.0002120321059646,8010233.022151202,83.81234015256891,83.88363930880108,0.854231872968957,969.9669486330316,712.10244530614,1634340632.9750934,1064247196.1252468,0.9821692816489754,995743.8604924431,161528.57692256328,331287.99531007773,45891.91026297762,15
2024-01-15 03:00:00,85.10481641546588,85.43282248957318,84.0021902874239,84.84749624933461,2909.039413254338,19500000,-0.0005085408256494,8127910.578680071,84.84749624933461,84.86284730238438,1.0473308099894538,1887.94793385552,1445.1409198618203,1654526176.8620248,753681535.8321754,0.9951401543203648,828225.3062447448,218936.0065841252,470930.4596632228,27880.462448224356,9
2024-01-15 04:00:00,81.012847829957,81.73265229597317,80.21922840811851,81.05514237455466,7761.2060509217745,19500000,0.0002610452369793,7497729.06133758,81.05514237455466,81.18547251184545,1.1456324454958515,5343.959350475904,2708.391574749544,1580575276.3038158,1140426330.6608067,0.9873873785496224,1246237.4772759245,129035.81699259835,444697.0466137924,32590.55405941496,18
2024-01-15 05:00:00,81.69521755865661,81.7566028614391,81.21315069270578,81.5582123862218,2594.9717146623984,19500000,0.0010305657411234,7498700.860982704,81.5582123862218,81.6582831915803,0.9070183738270003,1511.0290919080148,918.8725657448372,1590385141.5313249,1009453938.58362,0.9891865104051912,1863126.1129527397,269743.15302126325,397795.90458229673,32875.02227467405,13
2024-01-15 06:00:00,81.72267455327916,82.32728431050421,81.61806071159414,81.68396364256508,5538.200693035443,19500000,6.319713366558389e-05,8698436.02111241,81.68396364256508,81.68244724896869,1.179517057592597,3804.48087421514,2590.06300056031,1592837291.0300188,918116979.5759131,1.0194394919108218,1312243.804055212,223841.6666135145,462994.2879779289,22037.057301225228,10
2024-01-15 07:00:00,82.3538795909393,83.18536634926264,82.08740431203874,82.37117064329588,3039.7256474618844,19500000,6.426248988510079e-05,8298148.013317036,82.37117064329588,82.36309446543619,0.698686338874257,1592.5686500581169,1254.2621255741735,1606237827.5442698,932089889.3169196,1.0083839233501102,1609219.4391973454,154680.82703200678,366761.73696726427,19025.5197299836,20
2024-01-15 08:00:00,85.31784929062276,86.0401486808923,84.88349972075046,85.0857608055791,3669.128383459984,19500000,0.0003230821000299,7267078.182335185,85.0857608055791,84.85174738662612,0.8118076896971168,1924.492764278978,1619.5222465850811,1659172335.7087922,1123921173.1776185,1.0301180981791411,1663364.2353296478,255111.3063538496,523435.3888393796,21276.701016891508,18
2024-01-15 09:00:00,81.61568839719175,82.12765821838305,81.60415889583213,81.65433683595842,3087.074923027486,19500000,0.0005935998004593,8001752.637638903,81.65433683595842,81.63584194927941,0.6617464503206534,1333.229472365767,1212.1914139106675,1592259568.301189,1114646982.142151,1.0111270763433466,710097.6498464635,133815.5952398415,384743.4164391781,16381.701832790708,16
2024-01-15 10:00:00,80.41534619842717,81.20858474193264,80.33876376101652,80.70276718424883,4554.749497630539,19500000,0.0003924903533302,6522706.773743157,80.70276718424883,80.60162491658113,0.8357038052857186,1870.3353718670387,2669.265918743085,1573703960.0928516,1089587146.4788601,0.9740773607806544,1272314.1408353208,171338.67759626196,409514.103424236,21594.87150227736,9
2024-01-15 11:00:00,81.53914559277028,81.95888018976949,81.1696167610359,81.67034738746074,2115.8971661584737,19500000,-0.000546682063575,7532871.499252423,81.67034738746074,81.69658231574704,1.3520411815846167,1001.5626646197004,819.2686753945247,1592571774.0554843,960600110.3375486,0.9849792392845182,1589237.6959623483,118288.54759317228,399884.0059537093,21997.37012069366,20
2024-01-15 12:00:00,79.22254197352649,79.76084743576492,78.86651159784223,79.13530452292383,1822.5205480881764,19500000,0.0002690196512988,8517081.519906057,79.13530452292383,79.15531552365324,1.5091709297814155,990.4280098942648,843.1239353120712,1543138438.1970148,866231489.9802983,0.9831147678163644,896557.6630627713,258239.3931397166,507826.2867588807,36562.21096074288,15
2024-01-15 13:00:00,81.57874820666588,82.20722711650714,81.367254917653,81.51426893534104,2166.161323732098,19500000,0.0008715790435725,7808242.264215423,81.51426893534104,81.57914253547153,1.0480361647430838,1196.3811174409486,1205.0499854580985,1589528244.2391503,1166176166.2105708,0.9944058977014464,777976.3633260459,107812.97551044523,493307.8906333663,26317.32412317649,19
2024-01-15 14:00:00,81.86783494533412,82.94502235382406,81.28157940331164,82.12522496801127,3133.3411935356453,19500000,0.0002867323140278,7961556.627777714,82.12522496801127,82.24813936722298,0.8801298360265557,1457.8578493071611,1564.3338877645322,1601441886.8762197,1025338954.1755009,1.0538414107424376,1319633.5799349896,113537.62694907372,261884.7411865819,44747.24991208552,11
2024-01-15 15:00:00,83.41491751505401,83.94731827509602,83.11702983530346,83.5359347739646,2669.350883985126,19500000,-0.0002463805739815,6195858.120297922,83.5359347739646,83.54209392607838,0.9566401470158286,1558.4783644046254,1059.2867438222406,1628950728.0923097,998703212.5648355,1.058646987749429,590101.9117039216,138873.9162643868,465491.25406165526,11523.420063558531,10
2024-01-15 16:00:00,82.499637764751,82.64636771001103,81.79684986952577,82.59573316742402,4251.968955299312,19500000,0.0001845488873255,7643160.792879975,82.59573316742402,82.79234539795101,1.099293804982577,1931.9321084189285,1980.2737748230636,1610616796.7647684,1013876315.0682834,1.0250980360133977,690727.2093352813,226518.2781014677,312100.7819288332,15288.969352166165,10
2024-01-15 17:00:00,83.89802640119487,84.4596743478186,83.69585131965647,83.95939561366887,5723.67207705138,19500000,-0.0002842061754023,8103153.454814709,83.95939561366887,83.98730803608044,0.7315452726149203,2849.606509254954,1859.6058206738064,1637208214.4665432,1046110482.8759265,1.0035629139050086,817494.5723046049,206635.4113514485,413220.0990882543,19799.19187984352,16
2024-01-15 18:00:00,85.5453895601877,85.88354590866669,85.0848187517264,85.78144527258857,1830.017541635136,19500000,0.0004698411067806,8185912.69988222,85.78144527258857,85.67763116124297,0.8918120853920971,839.4525704124674,848.5899692465961,1672738182.815477,1110567454.3797567,0.9591504334148682,1278128.8962691724,167797.41322219206,432944.6612289288,34466.679998924126,16
2024-01-15 19:00:00,86.08220875104118,86.40149230971639,85.9236976457423,86.1905280262517,2065.289324284183,19500000,-0.0001867647764083,8517986.446370106,86.1905280262517,86.15070180734988,1.3323957197420424,1257.7592984167784,886.8697809220316,1680715296.511908,1035245677.0559474,1.0066002491719026,1165041.294183001,209972.43785826623,412333.742115491,21314.15830252397,11
2024-01-15 20:00:00,86.47799790041613,86.8889365656817,86.04967184377722,86.60419935585249,1453.7188712000857,19500000,0.0001222730904076,7755256.746301205,86.60419935585249,86.58057834624537,0.8112800144511065,806.7729095438149,766.6624212874166,1688781887.4391234,1203437129.6517987,0.9762997811068884,1613071.096309078,158125.85867773634,489022.5316648771,14180.90966509526,16
2024-01-15 21:00:00,87.21680653187299,87.85438744202703,86.94966100093693,87.08243254577295,8227.0805280029,19500000,-0.0001573340005975,7782978.13315268,87.08243254577295,87.14270466172633,0.8608758481903955,5107.621116847715,4560.853649516967,1698107434.6425722,1202114475.2669857,1.0489156568969775,738188.1815559608,180883.2717626374,510944.0199658925,20464.821550660577,11
2024-01-15 22:00:00,85.73877725334974,85.89637209125549,85.46194355688976,85.60025527181648,3471.474635118236,19500000,-6.393441726439728e-05,7089551.844778557,85.60025527181648,85.52773046407783,1.002642215711677,1448.210524640602,1249.331498030355,1669204977.8004212,972607888.6637806,0.9518168293062852,722529.0406810021,245961.8001501028,379005.8204885216,15378.420241599726,13
2024-01-15 23:00:00,85.33170112951329,85.49807396538738,84.80928050717078,85.35659289733582,3789.165768614318,19500000,0.0005458451937581,7758816.427119479,85.35659289733582,85.33969435050338,1.058262541905195,1999.1965375538,1229.4356491497642,1664453561.4980483,833160262.2946371,1.0115345299999037,1316209.8898031712,153023.27021206674,376261.8537380334,14500.120947127109,11
2024-01-16 00:00:00,85.03839444806576,85.14339051283527,84.8140750330214,85.10512363866346,1525.2228469061454,19500000,0.0001310371494681,7129674.052369364,85.10512363866346,85.09992879801938,0.882496188433184,1052.537333764767,636.2727833158391,1659549910.9539375,1033894141.4612448,0.9737728186704888,775478.3313907578,134377.30682776743,439242.1301249538,40120.72630777262,13
2024-01-16 01:00:00,85.79278635111828,86.541963224047,85.62094680053823,85.76878407490605,2979.2146529744705,19500000,-6.7760742117716e-05,6802987.907477566,85.76878407490605,85.73892617652224,1.0155119571889717,1239.6090743593618,1371.1690127933505,1672491289.4606676,1064075513.3938142,0.9997145444354958,838441.8561823373,183064.33521289556,324893.78219788696,19821.3979957576,19
2024-01-16 02:00:00,87.36695465758348,88.11675712806951,86.55464445206735,87.50987142290464,3845.365716367257,19500000,-0.000243568391266,7230998.80410982,87.50987142290464,87.58962926576831,1.1292886336531534,2020.792007491555,1588.292103083469,1706442492.7466404,1035834265.1850742,1.0199820457093316,507877.7996135021,195842.99609423807,402159.6407088109,23200.8886045406,9
2024-01-16 03:00:00,85.48873244431049,85.719493902773,85.45196951034298,85.68526566758374,2627.061380696198,19500000,-0.0004615104459198,8898531.970893206,85.68526566758374,85.74878598769943,1.480367495543978,1082.6631324598332,1283.49904752913,1670862680.5178828,1198298175.9220552,1.030659060663463,1199050.4165375116,167311.38470254277,579323.0621561278,21420.701556069173,12
2024-01-16 04:00:00,85.31911222814871,85.50403638907156,84.83693287562245,85.47985216803717,5104.3725412265085,19500000,-0.0002753841900568,7717933.349039594,85.47985216803717,85.58811813950676,0.9750672111113752,2266.320971883512,2305.62151465818,1666857117.2767248,796601146.0161185,0.9981792939720524,1977251.4270351024,209158.0213817867,327335.16257182934,20425.7433382892,15
2024-01-16 05:00:00,87.94744137817725,88.55120807270484,87.4652573572832,88.05924371241328,9470.297141454648,19500000,0.0001335877724333,8026766.0429312335,88.05924371241328,88.0388998096861,0.9917745525822154,5102.197736235688,5502.127200046635,1717155252.3920588,920782522.1401577,1.022836496505446,707141.817199835,154768.42027606076,413319.6436393804,17116.5599210494,18
2024-01-16 06:00:00,86.56610902703578,87.01316313598403,86.34916667558859,86.76801364811496,1856.537711162838,19500000,0.0003940701306167,7569385.006938628,86.76801364811496,86.88103137788168,1.3572905489821472,830.3439533092851,784.9763310662934,1691976266.1382418,1200858081.1946127,0.9801258970416368,1606202.935066039,168028.099343418,392990.1541224303,20066.551807797427,23
2024-01-16 07:00:00,85.38898520826419,85.89852378336832,84.97482604412228,85.36131797316067,1788.184926807927,19500000,-6.810544772666031e-05,6834254.832095346,85.36131797316067,85.25342151598743,0.895983598285561,993.5631602092262,580.7099290272205,1664545700.476633,1218154482.562971,1.0073661515431966,1042302.3777586957,178732.17237920823,660698.9549449271,24371.523097972866,10
2024-01-16 08:00:00,85.84106785401666,86.21413671935935,85.64076598559801,85.71597127854557,1922.0007259500585,19500000,0.0005711630802157,8500122.48516819,85.71597127854557,85.60553616680619,0.7673052278215274,1300.847579622381,750.6960167321171,1671461439.9316385,965732849.5688412,1.0300662224331358,526778.916393416,174877.36914238165,397292.3786129221,33711.37490357108,15
2024-01-16 09:00:00,86.90778636048971,87.98951288234916,86.28094644298818,87.1845271904093,6654.839278227257,19500000,-0.0001152501266684,6628746.173622832,87.1845271904093,87.08742091702356,1.0513234458621816,3062.039738274658,3206.0896655756987,1700098280.2129812,863298336.7621893,1.0099629843441995,746246.5638564544,243608.54868405187,401931.84881900926,29267.43346370389,12
2024-01-16 10:00:00,87.21755696274163,87.46857695430946,87.01982473397966,87.21317385342162,5019.962078205153,19500000,2.859648313603622e-05,7544419.186034489,87.21317385342162,87.22269855175796,1.2401533049727895,2169.406495497182,1891.559509284438,1700656890.1417217,979746476.8746012,0.9841196891088008,728042.8230069869,178508.06522243915,359995.5734698645,15279.692386792914,16
2024-01-16 11:00:00,89.53186892289396,90.17958790272495,89.35872739601798,89.57126877935798,2785.6488099594444,19500000,-0.0002238730161011,7852424.463390252,89.57126877935798,89.68792443969032,1.0748804295201413,1803.9387258163472,1060.4868511873924,1746639741.1974807,1025015416.1924425,0.9916287289730972,940428.5619595686,150847.46901203124,443238.9795134062,29630.5062300113,15
2024-01-16 12:00:00,91.19073221670402,91.2400247392637,90.84154587292353,91.12848987511958,3035.950494431032,19500000,0.0003972285203703,8033583.519841201,91.12848987511958,91.08273042560815,0.9807838976429408,1633.5871390206582,1220.0627235581585,1777005552.5648317,1076635799.6354268,1.0304696818764385,1262377.9936399644,185719.99688712772,466976.124933499,25403.22474615736,11
2024-01-16 13:00:00,92.68262391613986,93.57096192616018,91.84628379661,92.68502237616227,1981.73536519567,19500000,0.0007292531842133,7441511.2636748105,92.68502237616227,92.65010853949418,0.7485040422817866,1317.4246345663596,1038.1172753674466,1807357936.3351643,962067336.3988202,0.9672446614921552,2236161.2281687013,209444.2158442318,370584.2267260551,18262.109985776777,17
2024-01-16 14:00:00,93.45478962752959,94.64651065539307,92.71045339692277,93.7272734218415,4651.818878990062,19500000,-0.0004285450882808,6808382.712280945,93.7272734218415,93.71639937522237,0.9883940259446192,2287.936588022951,2707.54452211341,1827681831.7259088,993871853.9027576,0.9716705459797764,602139.1016208547,197512.8373358262,539147.5500185619,23263.226450493592,11
2024-01-16 15:00:00,97.9555994736932,98.92933913523886,97.02806545354292,98.20354167393128,2465.251446444654,19500000,-3.848620590409473e-06,7397218.565533915,98.20354167393128,98.26961577858577,1.2797067949714729,1450.2078336211976,998.7053849514908,1914969062.64166,1238365087.7522347,1.018047662794352,879220.6091665899,194794.7838323516,467059.86399312125,26152.136165735494,16
2024-01-16 16:00:00,97.8169516991978,98.27200835780577,97.17350362222426,97.81119578897307,2617.465416582505,19500000,0.000479433954115,7428254.345892109,97.81119578897307,97.77425980649178,0.7812786424185367,1772.0085557469454,938.7445800033296,1907318317.8849747,1214081055.2931263,0.986825692163746,745872.3412538412,111914.16405937533,524593.9709842259,22339.593677601973,18
2024-01-16 17:00:00,94.17210843845618,94.37928089869693,93.35573607418135,93.97874136649706,4041.595770906149,19500000,-0.0003340836564276,7413806.786833891,93.97874136649706,93.93800938630518,0.952229278182538,1824.8158134417615,1722.4920893614692,1832585456.646693,1188671287.4938793,0.9564082541095094,642749.467583579,87279.5832636921,414311.2966096585,25439.872362573064,11
2024-01-16 18:00:00,96.62287159718029,97.84122583052682,96.15905186097805,97.052657132679,2713.521538369432,19500000,0.0002700051720913,8523237.105438804,97.052657132679,96.93178821318968,0.9254298502556028,1737.2468729665936,1100.473836996881,1892526814.0872402,1065843650.5154208,1.0405245600112574,1108902.289974734,223868.9544026588,464462.8549289541,17002.48340340991,14
2024-01-16 19:00:00,96.24441195235393,96.95311162304014,95.30732015070471,96.17790943299245,2650.535577431708,19500000,0.0004664416600622,7157088.764600734,96.17790943299245,96.13254028268403,0.8697574371096979,1562.3715149352483,1582.3895504576872,1875469233.9433527,1033265490.0214274,0.9670119913636028,1067995.4923602203,181627.7172536399,423954.1964021005,40048.62473774969,21
2024-01-16 20:00:00,96.62463472909617,96.83909700908842,95.90282532694295,96.39528682028134,2996.76185419948,19500000,0.000123468644307,8079014.242282437,96.39528682028134,96.5184281123575,1.0508344900019544,1929.567079817992,1316.0593670100432,1879708092.9954863,1044105668.4244068,0.9940170996004108,516681.1037345614,161879.19818709654,592162.4647398165,12347.570243790722,12
2024-01-16 21:00:00,98.93293769890757,99.40976277686886,98.58166634027424,98.96322556751686,4436.751337599859,19500000,0.000265078921282,7987320.017227271,98.96322556751686,98.98212022116064,1.0927102175102794,2001.8977130019728,2235.168798539164,1929782898.566579,1419071538.9199479,0.981414380689387,1075140.9127273753,193605.57636442225,452821.2918824703,26195.8260764398,17
2024-01-16 22:00:00,95.95726454663846,96.40135374771832,95.23797785801322,95.85178875978997,6790.273759233057,19500000,0.0006282707158382,8516691.378952004,95.85178875978997,95.79045756043669,1.0904226582660037,3600.3792943234766,3898.5434669015735,1869109880.8159044,1062726404.6565037,0.9910694954337934,659042.7511997055,263504.9635838446,443188.6432553273,24588.37474551964,15
2024-01-16 23:00:00,93.36000666863744,94.26409195018043,92.85013080117824,93.49146859042474,3994.777316607528,19500000,0.0006845279662303,7803255.150912526,93.49146859042474,93.6163866526834,0.8225368847041243,1752.313737999305,1952.3214709830363,1823083637.5132828,1151896653.0600936,0.9734614162704598,1072425.184207204,231742.6555031451,403669.4383841996,26712.396313177916,20
2024-01-17 00:00:00,90.53222525293496,91.17309103364254,90.41994735438034,90.55384338916552,4454.442143777044,19500000,8.14098360896551e-05,8402102.74067463,90.55384338916552,90.50990544168967,0.719501448921909,3064.765918499711,1669.5852396632663,1765799946.0887277,1071580917.2533873,1.021428377130804,1773562.296112919,207016.78236753977,399036.1422722165,17809.5283657754,20
2024-01-17 01:00:00,88.84691294471209,89.70916906190703,88.49798853810157,89.13587603758322,2697.4791533073103,19500000,-5.9713354789769926e-05,7778892.006026,89.13587603758322,89.27135860969858,1.0538790469356616,1129.7245460538882,1300.786566893172,1738149582.7328725,1239068687.3854725,1.0033247057292074,1284563.160778019,130394.34901900456,463955.728975078,31280.779314643954,14
2024-01-17 02:00:00,89.51040913471167,90.51647570757102,89.22995027731798,89.93207243918174,2092.4712619111783,19500000,-0.0001759940333221,8165703.846167904,89.93207243918174,90.0672949308383,0.9037668977638864,878.0951432951363,880.0157837908777,1753675412.564044,983347253.0212015,1.0295096078563268,1145909.1749491317,134699.5873955495,521214.7854245749,21324.36928271593,15
2024-01-17 03:00:00,91.06032033648731,91.30661125718736,90.11926806032712,90.88894635581997,4133.96848199089,19500000,0.0003930892451286,6993325.795489421,90.88894635581997,90.9031260881604,1.4443544523097522,2767.472209911589,1763.9848591871655,1772334453.9384892,1028385251.2878469,0.9817249536537483,863885.7268258698,89625.82919248083,385805.4016098087,15431.027254376866,15
2024-01-17 04:00:00,91.2216210857939,91.74143181276432,90.87603476396015,91.40168147106287,3247.433958717603,19500000,-0.0003115326673372,6386135.276211138,91.40168147106287,91.27385169264052,1.457761353122,1591.9851474947832,1928.317758260027,1782332788.685726,1252691723.4126568,1.0639906530984764,1096297.489538816,190685.04529793936,453756.4391547788,15860.02201890331,16
2024-01-17 05:00:00,88.78316835660034,88.90470591855056,88.05376559126408,88.86412852653193,1463.6457272081482,19500000,2.4227788602639296e-05,8128653.361945523,88.86412852653193,89.07646941632825,1.4890494433299362,847.606036923579,561.4212821684523,1732850506.2673726,863457372.7081108,0.9428605364348815,1337086.7930984697,214734.3151294824,459013.03999019,22866.11777276501,23
2024-01-17 06:00:00,84.6250018121861,85.52811033464856,84.25062961033049,84.86030965003489,2529.976234722675,19500000,0.0001308069312863,8163607.554142757,84.86030965003489,84.90166004705456,0.8285963285908203,1230.1823707490153,1114.9113032816992,1654776038.1756804,1039676530.4118052,0.9524459527623312,1285127.6610603011,219157.1894872847,475286.3308884448,13643.84172264568,21
2024-01-17 07:00:00,84.72151956916001,85.32898480349489,84.0831424418467,84.96110473639771,2859.927312437331,19500000,-5.090075381562633e-05,8192603.295616855,84.96110473639771,84.94208304744133,1.1206107143312367,1700.5914642638286,995.1406328373422,1656741542.3597555,944297056.2821264,1.0525925454314928,1025832.0279449153,192693.78811053067,314424.95809108054,37803.30437188789,21
2024-01-17 08:00:00,84.14237494715614,84.54051176499914,84.02854551963252,84.17163935555367,2309.464749481597,19500000,0.0001839460795057,7562462.935374803,84.17163935555367,84.26053537350946,1.1902822971075568,1057.1362668978643,816.5418847710515,1641346967.4332964,1224013931.0739627,1.0142212500233916,1164325.620624907,156605.2027932437,367711.3226752824,30172.20405963668,15
2024-01-17 09:00:00,84.83307780513982,85.16549067571952,84.04866856487156,84.95704324760912,6253.319972344019,19500000,0.0008693539954878,8885043.021168198,84.95704324760912,85.02520452018379,1.163777112315641,3362.1652529571866,3008.130352343548,1656662343.328378,1104025024.9114063,1.0102415824916822,630379.5349254108,141340.99224952154,336660.77364642627,38103.19044242751,13
2024-01-17 10:00:00,86.23192632766785,86.412519506726,85.75270620478389,86.16678923302703,3789.23533236964,19500000,6.352042289603728e-05,7601923.429938794,86.16678923302703,86.28836526044249,0.9315740572884962,2122.152352414033,1990.5031766599532,1680252390.044027,761434731.2627913,1.0129382592195404,795691.9333181652,132410.04669353482,445332.6835567272,36916.985904678215,12
2024-01-17 11:00:00,86.49220755902437,87.00062772242467,86.18949420630103,86.41399625254071,5922.935455450447,19500000,-3.062168822821688e-05,8156880.832591824,86.41399625254071,86.36540153283708,1.2915369981812068,2962.017773482361,2907.7938620601512,1685072926.9245436,1182655239.8667614,1.0171362181045134,1416537.3736384218,156239.25351177118,369462.79568089056,19819.628431512218,18
2024-01-17 12:00:00,87.80283694392828,88.00702508867577,87.53463130762285,87.74653005765785,3400.6185850190677,19500000,0.0004045995473145,8271057.903061994,87.74653005765785,87.78324964755019,1.0000950017856884,1617.0287669701845,1356.1163604111869,1711057336.1243281,1130930014.0526726,1.0089930316130185,1494818.3642365711,127458.16046691257,400613.24970388814,16969.97968652634,13
2024-01-17 13:00:00,88.2005883214152,88.25722090625035,87.92483072507912,88.15851893672445,3104.7668972889346,19500000,0.0001718750932436,9049330.130090574,88.15851893672445,88.06279022546858,1.0259522697829668,1372.4994650850092,986.9602277837002,1719091119.2661266,1062893882.1398122,0.9710228652512468,1108082.4066071021,252455.05611041735,348413.0203893521,9864.208630803065,14
2024-01-17 14:00:00,89.38817545340618,90.0742363290211,88.7802181952973,89.10699508603864,1866.277513097582,19500000,0.0005318007313634,7689295.400020268,89.10699508603864,89.17528084127419,0.7352338329071102,1141.869393994839,823.1761152744322,1737586404.1777532,905001970.6807301,1.0245457271521838,1928568.1129257756,117525.08883027876,408134.7598357616,19499.22036620107,14
2024-01-17 15:00:00,87.68114694062633,88.19956226480751,87.05201758485333,87.86876322885993,2998.791840184469,19500000,0.0001494062859459,7485262.526367577,87.86876322885993,87.87553392393187,1.1376366470634782,1350.9101867442348,1353.2974683405905,1713440882.962769,847801973.3279247,1.019820346346147,1307869.2548883068,154931.23941201277,353337.6095179667,37410.09462529518,18
2024-01-17 16:00:00,87.55282017288778,87.89538419223338,86.72141592838058,87.56244063480912,3000.478223674683,19500000,2.5473037608690025e-05,6996009.343222158,87.56244063480912,87.595802735124,0.9492506997453471,1463.146952066083,1593.8404774193991,1707467592.378778,1090251983.164172,1.0428529344021948,972330.5272370138,100302.44962594628,514824.6768614596,17182.46734907266,15
2024-01-17 17:00:00,88.11567902350497,88.49573805601511,87.32832035002302,87.9165147408998,1504.8418039187295,19500000,-0.0004351174664283,8929682.892958095,87.9165147408998,87.91243983472054,1.0974131982648487,754.035039497957,740.5128911605466,1714372037.447546,997733807.4090843,1.0529272323070349,655268.9101196753,175279.77933228866,486915.3628080953,20682.09649821702,15
2024-01-17 18:00:00,89.60616509182792,90.33649550186337,88.89105781715104,89.38011566298974,2276.139909720963,19500000,-0.0003859204081435,8157227.923331783,89.38011566298974,89.36662026474174,1.0481458436041824,1220.716683965638,1277.7739331076848,1742912255.4283,1234829095.4568133,1.009914282389298,1897780.0786548571,162657.8302666976,455907.79144013085,18650.512885841395,11
2024-01-17 19:00:00,88.4357090242147,88.97243896698394,88.03898837202767,88.68789547606418,2536.0390171285467,19500000,-0.0004507096071281,8177908.324700016,88.68789547606418,88.61976267000173,1.0368500462134858,1548.9380971330886,1356.514244172878,1729413961.7832518,914362037.4948004,0.9631735294710344,1452546.9114757297,148866.0833888612,416487.4524912835,24649.17095091487,15
2024-01-17 20:00:00,89.57012635201076,90.3055151823859,88.82831152144483,89.62611676258133,3665.572362684814,19500000,0.0002138017498852,10120143.693528397,89.62611676258133,89.70592256497154,0.9908989530393416,1936.8281025735416,1502.0171565427768,1747709276.870336,1120729050.0062077,1.053175687936064,2191346.275421607,128901.5461087276,294331.70150130865,32397.13931917342,14
2024-01-17 21:00:00,89.40195440265258,90.24192585279877,88.40222241158544,89.15977486037129,3754.367304997436,19500000,-0.0003086748439602,8094583.244374027,89.15977486037129,89.30151251438176,1.1703700102984365,2482.868545571732,1838.38762409925,1738615609.7772398,912169740.7756793,0.9694555019499118,2539406.7877386096,162854.9911346369,403672.2942365825,13880.452227272604,19
2024-01-17 22:00:00,89.04971259908399,89.63821382821376,88.69863154949444,88.95931585988157,2229.072277904499,19500000,0.0004766732097758,7106471.238723258,88.95931585988157,88.91869095509809,0.9610022704947552,1346.2163131013308,1168.4483893093156,1734706659.2676907,1111765039.0231287,1.0101389258101714,637893.0778267846,142042.95310471283,379917.2296484758,14700.947191851465,10
2024-01-17 23:00:00,90.49186622651575,90.88250249301963,89.59410961563522,90.45654058985025,3768.509338307157,19500000,0.0001090739694567,7764167.487681419,90.45654058985025,90.5156576030653,0.7474861637735133,2455.357241257788,2212.356583553234,1763902541.50208,819338714.8576276,0.9922979822073744,638558.507973543,157280.01451338056,464842.9304146548,34405.99191546217,16
2024-01-18 00:00:00,86.89259791336315,87.5805017000613,86.54927190951831,86.93044476780199,2721.560030016273,19500000,2.6743924269499357e-05,7295144.068445984,86.93044476780199,86.97670772699185,1.120518048056713,1673.5041045571425,1161.3050383199732,1695143672.972139,962014762.7036428,0.9870812394944564,339565.49259808654,265496.64962761954,500789.6510713494,27444.472549261845,18
2024-01-18 01:00:00,84.64880320296547,85.10173209347148,83.97154669270545,84.71382969548023,709.9467644472754,19500000,-0.0001531565225613,7640950.847024843,84.71382969548023,84.72298707506128,0.8506103698811533,315.6349053954074,351.05774020139995,1651919679.0618641,828942685.7197045,1.0229290036459455,1541161.539001504,169913.42200373625,472090.7591881577,20377.48373115761,11
2024-01-18 02:00:00,82.29508875613249,82.63614204672054,81.45249115797694,82.24767805870962,2339.398172479265,19500000,0.000286677624481,7636843.437692062,82.24767805870962,82.13034387211192,0.7673192220741689,1622.0876718312354,977.3985693407458,1603829722.1448376,1013267860.8055389,1.007333787978039,1387889.9863837583,185946.96953065685,569553.3076696687,36758.50213801865,9
2024-01-18 03:00:00,78.46541550402212,78.91741454777716,77.91328725145806,78.50504078597258,5112.758288593451,19500000,-0.0001413493458627,7524990.680274872,78.50504078597258,78.41070933691533,0.8150965823362329,3251.5909504376746,2665.5286277003293,1530848295.3264654,834340512.9836698,1.015397244738044,1109936.8518361168,144912.2703285374,394879.9813868881,14625.053556599009,15
2024-01-18 04:00:00,77.44843707683278,77.70112487288796,77.32331856411004,77.45503293382332,1285.7495333128657,19500000,-0.0001956134012209,7054945.942572309,77.45503293382332,77.40228745436954,1.058302782013848,735.2128373469365,737.5032983129805,1510373142.2095547,1029258557.2175779,0.9755294112950988,653598.6708644719,133771.86427072808,391619.0455756621,29125.345322298264,19
2024-01-18 05:00:00,78.64494936188852,78.7269368916916,78.17169386231586,78.63258852245583,3153.7440086770207,19500000,0.0004565049761816,8958400.129889186,78.63258852245583,78.47225630303186,0.9808813638547892,1417.8264302910884,1815.824264511804,1533335476.1878889,742714443.7500726,0.9947777510387602,1030019.8230829488,161823.34748780692,544474.0957158208,21580.136570080944,18
2024-01-18 06:00:00,78.08761620628844,78.5180459510525,77.99486598226471,78.19365799267564,6585.533359945899,19500000,0.0002063863482325,8077636.900701303,78.19365799267564,78.3115764318123,0.6527659700298083,2975.371595528539,2286.011533839728,1524776330.8571749,940579504.6913103,0.976913950604779,1149208.8181878307,304364.56875869224,457367.85429689626,26422.287350471583,15
2024-01-18 07:00:00,78.59499644036454,78.69234175167927,77.89187317481421,78.51143995359448,2037.9374541530176,19500000,2.9521171525518348e-05,7745823.234805666,78.51143995359448,78.54816000758832,0.9261387767997316,1190.7655348115998,736.1620664129413,1530973079.0950923,961609333.3383054,0.994027852360676,1459774.2349531825,151470.0320745996,421089.3200883952,10762.835984948766,11
2024-01-18 08:00:00,80.71627803161186,81.04757111256392,80.02279886702381,80.24855021559408,2984.162867852863,19500000,0.0002924298954201,8379619.852312061,80.24855021559408,80.25417073991868,1.263450215478393,1566.2651561445718,1571.098590824501,1564846729.2040846,714557886.586522,0.9964371332539778,1190515.3602386594,178146.13058967915,640051.6972194434,20369.398743730628,11
2024-01-18 09:00:00,82.12332780366164,82.8752366858263,81.55239425558041,82.41623289309085,1553.0746207052905,19500000,0.0001026795619332,8189697.037363126,82.41623289309085,82.24396353100857,0.9136943851396852,936.127919505904,759.9240179929724,1607116541.4152715,740552412.9855993,1.055329125196144,1391958.9080734514,132309.66104747323,496602.95846374985,27475.198797155663,10
2024-01-18 10:00:00,82.36391984943855,83.13049006075653,81.56148043737356,82.31058053150744,6725.190766488405,19500000,0.0002149039451355,8062686.245218482,82.31058053150744,82.16868772066937,0.967446347220134,3441.470555599291,3843.662980418015,1605056320.3643951,870698195.1995667,0.9922183445659378,1015660.5362397752,81730.45604563197,425870.7456364328,21611.93385695548,7
2024-01-18 11:00:00,84.44917217094502,84.60839856165477,84.29631085050619,84.57776252452244,2859.304483071399,19500000,-0.0001450543707126,8331065.583943182,84.57776252452244,84.58602227140084,1.2319500093545126,1583.635942588768,1126.9667488195655,1649266369.2281873,1043528157.7161683,0.9362320502640806,1712208.882337423,133591.5336264419,385698.4159619795,32099.294537133075,18
2024-01-18 12:00:00,84.84007806068543,85.36732385787637,84.40930086797316,84.74221731128497,3051.2707476241626,19500000,0.0007211195826731,7971768.022703336,84.74221731128497,84.91767522188086,1.172452667485216,1392.561557955746,1691.6435526153805,1652473237.570057,1220829048.3128476,1.0418527461196236,1374216.2304702667,295131.8196651581,576829.8036590576,31778.38123322624,17
2024-01-18 13:00:00,83.35087083258976,83.73239709676979,82.80378141771955,83.34311034331603,5867.302298080437,19500000,-7.388599030286749e-05,8321223.006278325,83.34311034331603,83.293217474043,1.2267276997799132,2620.10452840614,2963.7665865401277,1625190651.6946626,775597946.7910794,1.0134777812207807,663927.9098767821,188876.2983512617,461113.4578532139,16521.715944840325,14
2024-01-18 14:00:00,82.49193155862324,82.50864535463441,82.02077124717235,82.36642904424687,4149.483706124936,19500000,0.0005668048980849,8376586.624654184,82.36642904424687,82.44581364501397,0.5743532108437183,1753.959496776142,1488.1579441137142,1606145366.362814,1061579903.860675,0.9960696869633984,1860564.0054187966,245298.4840548009,444588.04193043424,28203.39938983849,16
2024-01-18 15:00:00,80.15926458713201,80.3593005697551,79.8314462290577,79.97125112387651,1924.046181414216,19500000,4.333934520865707e-05,7990145.918246396,79.97125112387651,79.94086985302978,1.4143988611074465,1242.7256349838046,650.2281567152028,1559439396.9155922,1025822372.1270716,0.9868835389941673,1742672.9845593593,149203.9500499566,506487.6834981544,16353.565122006628,16
2024-01-18 16:00:00,78.60138343738454,78.6945144849047,78.54830404153533,78.57114594193159,2156.757117285997,19500000,0.0003421291346964,7748970.252857707,78.57114594193159,78.5833432684291,1.135735077965117,1222.0528221955665,1101.708374220874,1532137345.867666,997179752.8109037,0.9715922303182934,1285800.4185454366,90290.9239205652,527559.8361562296,22386.304225506246,18
2024-01-18 17:00:00,78.19500287496503,78.36452506345248,77.70113993824874,78.01836114641678,3817.937568482643,19500000,0.0003202670497078,8914002.433609752,78.01836114641678,78.12093062573305,1.636067150383385,2612.012635066467,1326.8801193213649,1521358042.355127,920184591.7838775,1.0581414429125948,1194202.508159505,123355.1348191422,493843.52594643336,26818.26528369958,12
2024-01-18 18:00:00,78.91854755416051,79.5080153481558,78.40620121979155,79.2903077571062,2181.8741154881923,19500000,0.000444055526545,7590970.13100224,79.2903077571062,79.27080617665693,0.855161271534136,1363.3350613587024,1174.5000259453077,1546161001.263571,1144233024.521502,1.001555346659801,2072252.4400337215,179738.12155582526,527970.1965284334,17144.198588132644,21
2024-01-18 19:00:00,82.33589423401601,82.66631339387071,81.6037255378712,82.0748220553381,1034.1947090231845,19500000,-0.0001521871121492,8137610.702630503,82.0748220553381,82.02638930001574,0.7027949409401081,652.1931214558643,483.1018355837743,1600459030.079093,961127728.974611,0.9478674656955558,555362.8344412108,172715.92386394402,484210.4337965834,27891.51656131376,10
2024-01-18 20:00:00,79.90492641296241,80.32765495102531,79.72028184438895,79.84503271338762,2902.650606239401,19500000,0.0004226906203836,8152333.426525273,79.84503271338762,79.96624310644295,1.0014447339690673,1604.345874285735,1286.048722257786,1556978137.9110587,1092203229.676335,1.0098322009985572,1753618.4396747008,162331.21286133205,494339.6530467793,18927.918419289355,12
2024-01-18 21:00:00,80.65635356292283,80.65715205592439,80.12012677274532,80.48285773599856,1422.1053159035605,19500000,0.0006539319552734,7511437.772861704,80.48285773599856,80.49457264540762,0.9464146696605742,916.7405397637078,544.1809867719583,1569415725.851972,829838265.386879,1.0361851510610451,882239.9957077454,142548.52497864835,382189.72593056905,18504.89816645169,22
2024-01-18 22:00:00,78.64079640814462,78.9607363365875,78.35024143493018,78.83312965365351,6688.47300557763,19500000,2.2392106227442883e-05,7393237.511466028,78.83312965365351,78.92703607900378,1.139663218876961,4565.678979287928,3980.6693126667055,1537246028.2462432,1063609074.1410049,1.004693040050605,1654109.0110915413,205855.3304524077,635438.6179299863,27227.841002396835,14
2024-01-18 23:00:00,79.46084270299257,79.66756216385735,79.24295916341838,79.59308978654971,3256.4529142653664,19500000,0.0001104118201426,7666677.664409987,79.59308978654971,79.54650801883106,1.2398441285299648,2007.6751101242537,1682.446832152965,1552065250.8377194,1162440564.2321308,0.9729521958341406,1120014.7583131257,143582.2515486556,345678.5818839097,17140.650042424786,13
2024-01-19 00:00:00,79.41580297348837,79.85233051724457,78.81364250223767,79.3926301234726,1895.830863134476,19500000,-5.7033992744046224e-05,7582281.737718592,79.3926301234726,79.5122489516612,0.9826926932967855,818.3859771355679,1011.2723816737868,1548156287.4077156,1119356932.5495543,0.9702677714192602,649223.0842720607,175773.97531793313,470652.600783377,16881.090331986637,17
2024-01-19 01:00:00,76.54305182297693,76.79755270797342,76.30603470916232,76.54566017595161,2102.082486687834,19500000,-3.930875655529963e-06,7018440.753543748,76.54566017595161,76.57425972234063,0.952998824156342,1251.3822280619656,1115.3928795176098,1492640373.4310565,807849085.1922936,0.972480432168423,875100.6238099497,170899.68762148428,338624.3257904681,30101.99754056788,19
2024-01-19 02:00:00,78.0320269732492,78.4599528425525,77.5666299065022,77.98787513785486,1158.9865124747698,19500000,0.0006134268396797,7486279.287912622,77.98787513785486,78.02958208847336,1.1102042017034015,505.468745582339,550.755806849284,1520763565.1881697,1070385242.2392266,1.0456497399114086,1606219.2936489633,148430.83767310044,433815.3458847835,22755.6135997318,13
2024-01-19 03:00:00,77.22475256892257,77.39605506516718,76.34619825916968,77.05761227137583,1720.3259481803334,19500000,-0.000201270357839,8056581.718759908,77.05761227137583,77.07546107304664,0.9500261835474224,727.9847003925864,1001.0742748431604,1502623439.2918286,719121223.4280609,0.9978500783428952,981285.6992852695,130571.4658964696,394644.75012035214,14239.344497236649,13
2024-01-19 04:00:00,75.9776076956619,76.2652665750784,75.56787870546835,76.24679246975047,4955.045360786156,19500000,-0.0001826356465552,8727395.708330749,76.24679246975047,76.21587630294651,0.9342638180681286,3012.024025671435,2354.3722177949057,1486812453.160134,971352815.6920959,0.9496382675596412,832432.9154059691,146263.85246517466,454589.99157666514,28472.45516632445,17
2024-01-19 05:00:00,74.78565169806193,75.48965907004671,74.17973181841269,74.64027944278251,9098.756845117114,19500000,0.0005832702809243,8244471.29989728,74.64027944278251,74.6476178652812,1.2305078713935025,5918.155636923713,4149.157551706929,1455485449.1342592,804365111.1868833,1.011524017775334,830209.4175624793,259991.81940465985,473710.4439494132,19497.07299231323,18
2024-01-19 06:00:00,73.67851216592761,73.75831197817453,73.62332612958247,73.67729178853452,4286.381816311648,19500000,0.0002873645277665,6405959.721512942,73.67729178853452,73.65205066760628,1.2865388768691144,1918.809309786117,1637.8827838942927,1436707189.8764234,930413051.4879534,1.0042311035672065,1380009.6505700652,214939.52013009132,365394.6419872629,14459.342119942005,18
2024-01-19 07:00:00,74.28765572124152,74.41222383410627,74.15532404181668,74.3179450195436,2846.879413346229,19500000,0.0007361110747127,8301994.777774641,74.3179450195436,74.39668830557291,1.242087272520651,1202.0794090025354,1094.6842810630956,1449199927.8811002,831369337.1624602,0.9865331359935,2149952.04120359,210049.2241235669,439818.3628719883,10381.757897327218,13
2024-01-19 08:00:00,73.82673947777788,74.15310574868616,73.75221049887237,74.04459574342191,2401.911871115293,19500000,-3.5131591347755946e-05,7542392.056246874,74.04459574342191,74.03696491714786,0.9669137870746612,1599.569707518724,1251.5526217582103,1443869616.9967272,653654134.8220959,0.9693877973173356,453317.8133168575,133704.05253733043,584630.2321032585,28883.457030345915,21
2024-01-19 09:00:00,74.61536032342944,75.34754333757624,73.97027109346739,74.54036546025921,1847.8019807967885,19500000,0.0001378843411712,8177920.734713755,74.54036546025921,74.43626930113156,0.6518389234174209,812.4097947501828,739.9157656826055,1453537126.4750547,754942424.2513481,0.9680831530068136,3272209.0338640558,113615.77973701016,340287.79025868897,17017.96075240233,14
2024-01-19 10:00:00,74.72683950048886,75.55318454879834,74.10218209600139,75.08938725911153,8348.88227555403,19500000,-9.820308313154128e-05,7877894.735909477,75.08938725911153,74.97078929862869,0.970793775105826,3427.431810074266,4329.840749914469,1464243051.552675,677528497.2819886,1.03259901446399,1157994.9463340212,214083.96009224612,372946.12312444695,15166.533994396306,10
2024-01-19 11:00:00,77.20686786237818,77.67805361896754,76.96310673555172,77.10687658836774,2712.499053931967,19500000,0.0001429903505943,7766165.277937193,77.10687658836774,76.98144543255272,0.8593353799375323,1671.7574095065704,1589.014570767531,1503584093.473171,869343719.9253367,1.0074253856741529,1346193.765685386,204064.58484774944,525523.8899222192,26684.03829920957,15
2024-01-19 12:00:00,76.35916553627133,77.34340915357913,76.19173145700968,76.58771950266231,8585.370379481055,19500000,-0.0004322290091852,7822566.246060367,76.58771950266231,76.64270724565297,0.9743886758076464,5617.533754299079,3707.0962304061472,1493460530.3019152,1048441231.4464071,1.0143593099398536,896449.62752474,168436.18688071668,449329.14595395455,28049.8195813481,22
2024-01-19 13:00:00,74.3740059098582,74.43978136534513,74.12569849104446,74.36605500171822,5983.492788639047,19500000,0.0003054863669965,7872672.447137263,74.36605500171822,74.28785877426408,0.8743992686314107,3316.9013740350883,1969.752021287713,1450138072.5335054,973621291.9189056,1.0073427642874035,1065863.7181939085,148355.25203680625,455992.20131227456,17393.800009667175,10
2024-01-19 14:00:00,75.9599076368141,76.7184225051323,75.51092562491408,75.97801606048692,1248.379743538852,19500000,0.0001970422250477,8782349.08305585,75.97801606048692,76.00841378398916,0.9958606198565324,701.5614187411272,624.1448606872852,1481571313.1794949,1017355990.0578507,1.0098306611473546,1152803.415252444,112872.46550182108,542780.6021920735,28963.514549270178,11
2024-01-19 15:00:00,75.66007553498206,75.81443203576613,75.0141602211476,75.48351383713342,2136.712692829296,19500000,8.273360126022434e-05,7874413.52128707,75.48351383713342,75.50137131299799,0.812324713042925,1070.6173171089908,647.1182026581768,1471928519.8241017,1018809889.2011496,0.9859481600971528,701561.3880906217,202167.1503300697,377447.3091959331,40801.24506941791,10
2024-01-19 16:00:00,77.1652130519425,77.67376114298199,76.63527789669135,77.19279483555853,2133.4111101824183,19500000,-1.7109297379899407e-05,8602341.331644308,77.19279483555853,77.1955190777511,0.7740308971863938,1005.9864554222254,1143.7239498652264,1505259499.2933908,845326544.4173094,0.9938251193655768,773305.5333540244,218935.79203179487,398767.1549525995,32991.293796465754,17
2024-01-19 17:00:00,77.68672723466085,78.12153074208287,76.98351260719339,77.79472787560543,2864.2929731617637,19500000,-0.0001684261962104,8502701.97746945,77.79472787560543,77.83661296188937,1.277031567145402,1794.678962777808,1310.9752507849028,1516997193.574306,912940620.5638006,1.0349473541627512,1714323.4959163463,137341.64955979216,389053.29824820935,31486.593421746456,17
2024-01-19 18:00:00,77.52009508415708,77.89666021118222,77.29137968670773,77.59871852417359,2892.402855211874,19500000,0.0003183138736098,8319109.078800881,77.59871852417359,77.61876254764208,0.8237143080909559,1893.9029361656185,1292.671704112713,1513175011.2213852,911741436.5494744,1.0424377050345734,573643.4661701093,134504.1186939587,412651.7890529285,24203.16615987968,14
2024-01-19 19:00:00,78.34866749983983,79.07828423888465,77.63489836100541,78.14971664444028,13334.6281064771,19500000,-0.000251326995711,6836405.062460469,78.14971664444028,77.94576700452339,1.0000663272508254,6618.955056977262,6278.378263778813,1523919474.5665855,737519962.6486679,0.9633372403672076,1273293.899820243,221962.88923047623,578332.6013341441,19281.175540844568,10
2024-01-19 20:00:00,81.35470767587933,81.47611145812326,80.81266761347669,81.26754060444144,1739.5575230338864,19500000,0.0002535687736147,8623768.205036664,81.26754060444144,81.2493671311006,1.210342006076263,838.7202761139883,791.3639671783491,1584717041.786608,997488473.1080984,0.9937522350067666,920337.1208719796,138625.8538805015,314828.7064631703,21660.252634529283,15
2024-01-19 21:00:00,84.65758724332846,85.56767673445272,84.39867281470362,84.72293064768897,3342.535627416379,19500000,0.0007223354184428,7603125.554247,84.72293064768897,84.76741892409913,1.200647296659999,1605.5452599584792,1327.4318081226784,1652097147.6299348,1100385804.0336342,1.0251785607698098,726809.1621623269,253917.59188590304,348417.32073849003,25140.17595433415,12
2024-01-19 22:00:00,84.80893568304377,85.17074424738922,84.03936652106736,84.84906019608519,4057.222362260945,19500000,0.0005456564465932,8351571.342625794,84.84906019608519,84.99672155705316,1.1723023561933958,1684.4720033328513,1559.8099817361783,1654556673.8236616,1047814768.0022643,1.056462391966472,2348940.238744463,158377.5566540282,336671.6447887881,15104.476146276593,15
2024-01-19 23:00:00,84.86302201097732,85.68215020621653,84.78199190206954,85.12984910947605,2978.6158679786595,19500000,-0.0003515383828011,7296457.064842247,85.12984910947605,85.28192997681619,1.0624454750507069,1442.6107059160802,1264.6882422372707,1660032057.6347828,1118512635.5920432,1.0534587874399226,728615.2230326787,147762.2102712245,585568.6996427911,17486.517383023893,13
2024-01-20 00:00:00,87.05840169591663,87.90104582625324,86.37143883054593,86.99081432176648,3149.787561937452,19500000,-6.1021418102990825e-05,7173442.034030666,86.99081432176648,86.88093182997873,1.155809150280398,1284.1535065413595,1790.568506153244,1696320879.2744462,823847717.8185841,0.976127265551605,679193.4576436711,164600.56508564888,391257.03952079086,14352.435917140989,15
2024-01-20 01:00:00,85.23937457903799,85.58971761307743,84.6189395783323,85.54044541801778,1767.984635526401,19500000,0.0002264352221666,9237789.47166712,85.54044541801778,85.51908380468242,1.3160273646859313,1125.3616231273552,602.1952585606356,1668038685.6513467,1131635281.9690373,1.0382513835461749,990448.351578688,147759.62343942063,414432.4491449378,23636.702808516533,14
2024-01-20 02:00:00,86.25026954246297,87.04624254299728,85.33249261240283,86.12077894796681,3143.9746712590804,19500000,7.891542339569495e-05,7305539.369013152,86.12077894796681,85.99451599818312,1.0887219864031878,1498.9781089543294,1249.5079012090107,1679355189.4853528,860572184.0879694,1.0017590890632104,784874.1204106098,215680.4291779268,320319.1637438521,22582.175439747043,18
2024-01-20 03:00:00,86.10699669104018,86.5959220218386,85.63843261438117,86.08485194954592,3849.503654598013,19500000,-0.0003198217154847,8644126.340740079,86.08485194954592,86.22429951641205,0.6925045508187342,2336.8279389335626,1376.929456431002,1678654613.0161455,1196961393.1500273,1.0313324991662722,1070091.101261818,203099.75370593197,419795.4268908511,18109.417763477886,11
2024-01-20 04:00:00,87.04926034650276,87.6624326195565,86.35703034201234,86.63567000962921,3511.506027623054,19500000,0.000215594785442,7961879.970208917,86.63567000962921,86.73208305284653,0.8996885408901171,1976.8251980373711,1503.4200288171176,1689395565.1877694,884363766.1928126,1.0236483604246387,1135815.8940616462,213635.50051851448,526130.3865455802,28173.85675793502,5
2024-01-20 05:00:00,85.0246788073043,85.33929175847126,84.32089496139838,85.21216868005408,3964.362946605255,19500000,9.69949314651102e-05,7626140.756773056,85.21216868005408,85.25056425107464,1.1494390196347997,2581.7481137854443,1348.07973984226,1661637289.2610543,992990647.399215,0.9620810787230571,1172402.1335556593,170438.52187567926,465371.5555301788,16100.729978456358,16
2024-01-20 06:00:00,82.53707228098611,82.99435539844836,81.90086804152084,82.5540226181577,6040.873805911692,19500000,0.0006742976225811,7858574.374274088,82.5540226181577,82.57598981935276,0.8821270491075338,4156.807532080881,3191.0232304758574,1609803441.0540752,959732436.7945915,1.016499218698815,1015758.053542659,145206.38807658872,432971.5020710335,17908.837372334605,14
2024-01-20 07:00:00,79.49414356712586,80.02954752645381,78.81296518238896,79.2092614856681,4762.286890142751,19500000,2.403138921476601e-05,7107168.792192575,79.2092614856681,79.3265411816595,1.382676658118343,2429.6591677051083,1576.508489221657,1544580598.970528,819639566.208092,1.0301708977350787,805998.6931981818,162386.40629773904,323522.16115168453,27838.018726250484,11
2024-01-20 08:00:00,77.65108268484045,78.00536365874743,76.87166490877685,77.46649712056224,3089.1378151955,19500000,0.0004504010155979,7878134.781919164,77.46649712056224,77.56808088998623,0.9874435329809084,1317.524216282136,1543.267231681422,1510596693.8509636,843687702.9404672,0.999395342349165,1380647.7049753442,146323.58767030848,414326.4971854253,29104.402606564006,13
2024-01-20 09:00:00,76.65989172523165,76.8857607814598,76.45453857872091,76.76678364510114,1659.2497544846556,19500000,-0.0002801265209389,7232409.886779441,76.76678364510114,76.86335969014522,1.0171959309091427,1036.8547669462034,631.034413588977,1496952281.0794723,756977369.5526551,0.9926105071808012,1020726.2837603431,234837.51496388932,455605.6687152595,17348.861076027555,11
2024-01-20 10:00:00,76.35977442898374,76.5461832040572,75.87564138029082,76.3255855387593,2208.3421676960347,19500000,-0.0002084027893689,7641210.399415748,76.3255855387593,76.36807445501482,1.2522586487254943,897.4497146431157,975.3297746763208,1488348918.0058064,924309639.9676492,0.9528500826468074,875416.5914569146,209100.11407096585,362810.1699236536,23614.41905672129,23
2024-01-20 11:00:00,79.34907837283535,80.02703117817266,78.66224872748369,79.34876107992638,2670.936460153366,19500000,0.0003164985879428,8492772.337464431,79.34876107992638,79.32898512313388,0.9640906249925127,1247.030853868352,961.5274796089508,1547300841.0585642,1120104087.928914,1.020508525496528,1929361.2759849534,159073.11738789722,504326.03441855015,17437.142346637687,9
2024-01-20 12:00:00,81.1773651246272,81.20534776834113,80.87362809435758,81.13161405539903,3381.832210332029,19500000,0.0004251192341822,8048830.308189901,81.13161405539903,81.20196529260812,1.0358842472544811,1406.758331892063,1755.397851099056,1582066474.080281,862198181.0381206,1.0062624510344174,1016806.4042009249,129104.9941974401,528085.6203675848,20760.307305225844,16
2024-01-20 13:00:00,79.48215574839554,80.15758368065015,79.0978197982386,79.59337641827038,2346.860177883212,19500000,-0.0001872178178223,7004955.894686579,79.59337641827038,79.66628728645026,1.1970075054816425,1571.092665308844,1371.6994004219553,1552070840.1562724,934996626.5503151,0.9723344825586976,1651999.155692274,239236.9882008704,398025.06444223307,22997.73974775305,12
2024-01-20 14:00:00,80.1425072703962,80.95790588858102,79.38031607899595,80.15682655044958,1867.08449648102,19500000,0.0001072232219451,8442771.011076644,80.15682655044958,80.14956133852053,0.7449381209596525,749.8008283288877,684.3305054220633,1563058117.733767,1107526999.0685434,0.990224800093708,1743556.3423360975,168412.4036380954,511532.5193293245,26058.77544242433,16
2024-01-20 15:00:00,79.26068733934171,79.52077514068434,78.62801914697089,79.51482504942159,1645.666347158997,19500000,-0.0003144737520587,7882329.976529807,79.51482504942159,79.49484703559664,0.944537742561396,901.5332985011484,964.2715514335944,1550539088.463721,908227827.7431351,1.0046350974738332,1786504.0358989455,157543.6961985534,432809.1209184527,24228.083246269227,16
2024-01-20 16:00:00,79.09316144754747,79.22053756946455,78.37039488653204,79.07179254044058,1305.5910387349322,19500000,4.5634052108356194e-05,7552032.270534599,79.07179254044058,79.16931283142844,1.1803731993094804,688.3072537490322,519.079679541213,1541899954.538591,1078371058.3400662,0.98324092632842,1407274.2067380405,239764.6700761828,556502.8641003015,23907.528830989093,14
2024-01-20 17:00:00,79.44479323067934,79.98036577660031,79.06757041715774,79.3733539303044,2650.5558404869203,19500000,0.0003510768356872,8372274.799895048,79.3733539303044,79.51337774257992,1.0132064748987302,1579.2631910841922,1238.748272164626,1547780401.6409357,903775597.6460366,1.0000803138252967,1067092.9956075822,143273.8046954088,664526.563836161,15937.825079978738,14
2024-01-20 18:00:00,80.33385986647767,80.41863033481893,79.53332872764075,80.37041545182967,1429.62475390933,19500000,-3.0487549740843432e-05,7782012.465975066,80.37041545182967,80.31822324312489,1.341068604788326,696.1174979589811,729.7905345225915,1567223101.3106785,912237844.7919888,0.9475020205838964,1040368.3645856987,150281.91983621396,355495.1564834002,24747.580157239925,13
2024-01-20 19:00:00,79.57704261974499,80.30577587626105,79.45563542348266,79.8349175290551,1807.567247279177,19500000,2.5289588216859167e-05,7184591.161381604,79.8349175290551,79.82187436564455,0.7296541154061541,1196.805855907788,650.3276013267812,1556780891.8165746,773987851.8826867,1.0404826509055587,968064.5365139662,153631.2090392667,516017.97581584967,25986.166178823947,19
2024-01-20 20:00:00,81.72117223166065,82.28014513435654,81.1368141777334,81.55992306629518,2448.05488464216,19500000,-0.0002389386194888,9143253.640866637,81.55992306629518,81.59670113331887,0.7131950357201565,1518.5375577652137,1061.058424256035,1590418499.792756,775318915.2418716,1.0004772785489886,448625.5315881794,117108.68416568104,574349.2347704537,27083.5106621002,11
2024-01-20 21:00:00,79.78440205285966,80.25365109989818,79.3441707768622,79.72627760411433,1528.498783273817,19500000,-9.450752408747767e-05,7875908.380676505,79.72627760411433,79.77304495865114,1.1664177539705043,809.6279645530811,489.6519014824038,1554662413.2802296,984799387.2354648,0.9670193948052906,1422924.4785691237,176122.28631429464,364347.7078198602,17750.055934867436,15
2024-01-20 22:00:00,79.62856886034538,80.03557428362413,78.99278873349093,79.74436007909323,3604.275628317389,19500000,0.0006274332748643,7835625.502820918,79.74436007909323,79.7106787440566,1.1890580546726914,1828.8378369517357,1834.9948694645368,1555015021.5423179,1085711577.304332,0.9262087345483696,1177010.5008803878,134512.68876444793,394342.80220419593,28989.114747608,8
2024-01-20 23:00:00,83.95812270111767,84.59102038299125,83.19526427678537,84.00526653176883,4316.11742021074,19500000,0.0001218774675151,7635306.711812723,84.00526653176883,84.17189271099214,0.9620873794941078,2782.887811475157,1834.2844536282491,1638102697.369492,803689133.2214601,1.0308740482310017,1484979.8897414417,141113.46568587227,393456.02234564064,14836.261158291987,15
2024-01-21 00:00:00,84.13605885014343,84.89086099518282,83.52090699371149,84.38933985061297,2264.901366369706,19500000,-0.0002006923299951,8667572.668602314,84.38933985061297,84.43339912541146,1.0833725207389882,1420.3606179212595,1285.3164859983578,1645592127.086953,1189809486.976076,1.0167427465817092,1018561.0569780663,136474.23621974856,430819.1831017264,19355.938561706444,7
2024-01-21 01:00:00,86.67386985475261,87.03232468140811,86.13058396602057,86.85198767030215,2395.833212960687,19500000,5.568415024602533e-06,7562495.609285901,86.85198767030215,86.90682457430987,1.1607210368727867,1245.1145624804512,915.6816239058104,1693613759.5708919,944467322.9477559,1.0063205714040715,1392529.0971206026,140537.89534884575,411978.6879660116,20279.06344268887,17
2024-01-21 02:00:00,86.92620850485183,87.50984846047363,86.55466051520425,87.01980898611295,3899.933907072065,19500000,-0.0003792282863499,6969846.033985845,87.01980898611295,87.18156872381343,0.8497843724330838,1959.3718734029003,2250.575408525883,1696886275.2292025,980082759.009389,1.025909440037938,615197.8831398044,131962.27747157263,425211.9724990389,15082.30198216337,26
2024-01-21 03:00:00,88.26160182950528,89.03998726600211,87.59597057389342,88.04528849987237,2085.9975298060344,19500000,-0.000204247907642,7470017.265591223,88.04528849987237,88.01455526837347,0.8681683122391975,858.7350870349695,714.0618892256027,1716883125.7475111,1233298992.3940945,1.0258269518889014,668636.4963327454,173130.95360818418,523136.4803289119,20186.850307735043,13
2024-01-21 04:00:00,87.84165642163848,88.54065792731166,87.3942785903412,87.95415037645522,2015.521085554042,19500000,0.0005081019217139,8769970.928113403,87.95415037645522,87.95516784093418,1.038674349192388,855.6132370297627,971.6624388087732,1715105932.3408768,1232970677.2780888,1.005833142101606,396415.2062176976,156545.46013524328,302802.98413212225,23539.715014460235,15
2024-01-21 05:00:00,87.7759124122143,88.19003171251258,87.64580970947551,87.66366546010552,5422.158373698201,19500000,5.725527268401849e-05,8429707.689091258,87.66366546010552,87.56256100605289,1.1981968383270791,2256.569671063361,2127.3429221054816,1709441476.4720576,1038413324.4585811,0.9923735734822656,1011517.6684896414,164719.9494063188,364113.64727289416,12737.024491494423,15
2024-01-21 06:00:00,86.22331772183658,86.59382792587722,85.78957493925364,86.31624859221141,4638.256727551836,19500000,0.0006672190528303,7727537.68078005,86.31624859221141,86.3100035708626,0.7920019815042012,1889.2762791637904,1644.4219522503392,1683166847.5481224,897177555.1168635,0.9874857520415424,783629.6842847931,293152.1449052581,505845.01922709646,19566.877356202065,13
2024-01-21 07:00:00,87.11417896280031,87.18899802899412,86.325698535286,87.07100087822295,4026.9921083784097,19500000,7.139564845118324e-05,8802642.273334336,87.07100087822295,86.95006556856657,0.961183898816844,1795.481606292344,1321.582907272463,1697884517.1253474,851628043.0961136,1.012628260717156,743667.5193311162,156546.70903589667,494130.64744875656,13036.126193830049,17
2024-01-21 08:00:00,85.58502387345722,85.81865680757522,84.9779915416929,85.60923339454516,4735.4039367676505,19500000,8.920639114255122e-05,8373122.736531061,85.60923339454516,85.6818171277917,0.9523265137735906,3111.835396050892,2352.040887287233,1669380051.1936307,887232117.0819662,1.0419109412463805,1220245.9961452845,189328.12608013663,358001.1799020979,40638.112439492215,15
2024-01-21 09:00:00,86.91663486555815,86.92635801489197,86.07473547605478,86.7651331212992,1109.162646738018,19500000,0.0002922682475626,7720386.089096059,86.7651331212992,86.81025070854166,1.0871850371365297,709.2516067861775,410.3351426178829,1691920095.8653343,1157591797.5669026,0.9969129048605208,900314.3001245117,194791.9607004323,494815.5718782455,23476.31606895232,14
2024-01-21 10:00:00,88.58303792784659,89.55280885366221,88.2371344612574,88.67788980968562,5865.93854727971,19500000,-0.0007017762746658,7782819.958196563,88.67788980968562,88.66218767718739,0.9982618383539202,3834.400687475999,2767.8098062453896,1729218851.2888696,946535043.3228372,1.0442943221775016,601670.7685910768,160217.22727907484,576870.6775637558,22873.831003123694,17
2024-01-21 11:00:00,89.0582993773487,89.53804048373202,88.58720480839271,89.33927644945177,3626.528226930546,19500000,0.000161481797096,8097350.76372264,89.33927644945177,89.3392385957019,0.8965719642048376,2129.280176375904,2153.525361383084,1742115890.7643096,1146954118.3573635,1.0111945742035724,2953817.0006702994,174285.45551207833,438096.59304312745,23614.637303956377,11
2024-01-21 12:00:00,88.59261639125036,89.56207675966806,88.56295242141465,88.8381559985109,4941.334384383615,19500000,8.53040535817145e-05,7379018.000122286,88.8381559985109,88.91468708629094,1.2836571547149886,2901.645091809124,1950.78221732499,1732344041.9709625,881001313.326101,1.0114207290554995,1051678.3064700174,163599.1565484391,361641.1842774369,26406.254902074263,8
2024-01-21 13:00:00,89.56200984360345,89.80858592047419,89.21898918893696,89.65738333232397,3617.653497589079,19500000,0.0005458116680545,7889651.220797663,89.65738333232397,89.56451656550756,0.8977609073263707,1581.5640339495849,1123.220935827518,1748318974.9803174,1037716632.9292475,1.0721532840197192,692066.1760847836,171208.87801814944,527018.4578338669,29538.40189570173,19
2024-01-21 14:00:00,88.89188423466531,89.36723270638849,88.47016687324866,89.11450295155262,3054.778644963247,19500000,0.000389403818249,8083885.151796028,89.11450295155262,89.1416087198745,0.9432543837960914,1862.4667887480828,1047.3210352317758,1737732807.5552762,965539720.4167429,1.049580346486553,816488.3287190896,140557.34060212548,624439.1002597719,13779.452625009795,17
2024-01-21 15:00:00,90.8811967209222,91.26133215424915,90.57494995324745,90.8066967247209,2597.6056446697344,19500000,-0.000240107505664,6891124.121493572,90.8066967247209,90.87929756924443,0.7273848842361075,1257.2617135280177,872.267150954858,1770730586.1320572,1064357287.0962735,1.0503582773316464,995942.5894375371,143838.60805261298,370560.4763127104,32632.150049807,13
2024-01-21 16:00:00,87.46799396565875,87.83356524939269,87.44066810804037,87.54954955171648,3581.6260795738976,19500000,0.0004726415855882,7768257.642603149,87.54954955171648,87.40226721401693,0.8669923069978355,1990.5818121899124,1572.280332854746,1707216216.2584713,1060153250.2280353,0.9760715902489944,995105.1574932717,163444.79439137375,445900.18913942215,32008.206057544,19
2024-01-21 17:00:00,87.38561993451032,88.08326374149271,86.37210300550284,86.97256867202786,2550.707486984417,19500000,2.1305642325701458e-05,7697895.875455043,86.97256867202786,87.04083674663207,1.1087299990246555,1750.8484228461978,1335.0279810614968,1695965089.1045434,1267361621.7749636,1.0657654750646888,1796889.71221261,99411.6002982664,550196.6985374425,21592.385680717907,18
2024-01-21 18:00:00,83.29554312915653,84.3865384940234,82.93313442399854,83.58604049418945,4600.581787542546,19500000,-0.0001713359678888,8562883.278291019,83.58604049418945,83.4544708453949,1.0662207547066784,3041.833913133677,1789.31952893694,1629927789.6366944,1173496688.887544,0.9975334961764012,1033984.2463842235,236574.440752714,452739.3003975004,21255.721662056563,20
2024-01-21 19:00:00,81.16486798467048,81.87529959680279,80.79457841433982,81.13182572153808,1348.5317375153115,19500000,0.0001591309752613,6804823.942021477,81.13182572153808,81.13039824894058,1.127387938404048,633.7533486773898,463.5616028056221,1582070601.5699925,1042204739.7192233,0.9931752646073948,2241790.309975627,279348.2539597053,311932.0745763952,8683.428872228495,14
2024-01-21 20:00:00,83.19556989612778,83.51173450463469,82.98759199144895,83.38367563421302,2273.809889705087,19500000,3.916919330085455e-05,7649735.268704526,83.38367563421302,83.29500617531683,1.1164973928539108,1412.024992453035,1119.2375099934447,1625981674.867154,806686973.4041011,0.9352225475976028,897827.2023580992,169835.83363881396,483440.5089280561,15165.867936239703,16
2024-01-21 21:00:00,84.81470740621099,85.55788238220917,84.35854812695916,84.8984854592551,8286.737500084546,19500000,0.0005615395942085,7588630.5856306795,84.8984854592551,85.02848597470148,1.518226393617956,3573.4668163634938,3234.761649311657,1655520466.4554744,1201425385.187945,1.0097887247366146,1265877.983482913,192214.5152603685,363755.8838011683,25736.224263453867,14
2024-01-21 22:00:00,83.71761826320291,83.84147589531554,83.32734445623235,83.69394635557211,2179.737570895776,19500000,0.0002021866085473,8516429.67284818,83.69394635557211,83.60547172277454,0.8610766402157722,889.3825086329342,1030.037397287069,1632031953.933656,1171433075.9796076,0.9674993812569208,1606380.6440146181,213259.37300382293,343126.8490902575,31577.03010645003,14
2024-01-21 23:00:00,80.84671780991123,81.96636091440847,80.46351692053861,81.22447193385977,2645.613166656638,19500000,0.0001616976762658,7859380.58902833,81.22447193385977,81.09855857848767,0.7233336027235371,1080.606736359823,1534.8153551321625,1583877202.7102656,1134073545.7574944,1.0122476148564097,1721597.1667948288,116871.76243371864,313154.0126826114,27409.66799395101,12
2024-01-22 00:00:00,76.5925293250698,76.98918562500701,76.11157484974918,76.55626827760588,1917.369614593356,19500000,0.0003701941248566,9105504.26607628,76.55626827760588,76.57413284676107,0.810494600946881,864.8754765866317,742.7968239821332,1492847231.4133146,886310954.0609156,0.9651530460028692,1803880.919633477,205267.5412105864,561339.6615697884,21531.78469368701,20
2024-01-22 01:00:00,76.0244260827932,76.28015787443938,75.73139812080237,75.7361881675368,3526.0122475297217,19500000,0.0004278614854278,8315893.755251503,75.7361881675368,75.71242949961321,0.8687235165050372,2145.5238721670657,1599.919187089375,1476855669.2669673,740217803.3738673,1.053930995133844,957324.204770749,146296.410483302,374391.6556945232,39252.16222273379,13
2024-01-22 02:00:00,79.42848884944186,79.6254222610366,78.707519709913,79.50058607037597,2062.899001824695,19500000,0.0003350815282891,7632181.260143009,79.50058607037597,79.38891913149969,0.8229454294872054,1049.9986102213509,1118.181147934441,1550261428.3723316,1048474304.4494691,1.0165472188863018,1065022.3866913093,288566.5624705879,472913.2448932636,29778.819564212397,19
2024-01-22 03:00:00,80.2447676913658,80.25424386674152,80.14607861299777,80.20309290401268,2716.757989032181,19500000,0.0005258390418444,8039478.509964831,80.20309290401268,80.25328521857126,1.018908717267692,1099.6967201410978,1378.7966091955118,1563960311.6282475,886068770.6682284,1.0683961472724872,395906.38261760975,155272.2190609609,496724.5301453574,19571.937799647025,14
2024-01-22 04:00:00,79.48103014187984,79.67810096505771,78.96077328864943,79.31843976272448,4557.061413980227,19500000,0.0002826047238741,7666544.701759161,79.31843976272448,79.16840900827833,1.2847073909722744,3173.568508468076,2394.478082314423,1546709575.3731275,855903430.8289839,0.9693092790552246,986874.40979945,204238.87747503532,456965.7848165151,42388.5346555634,22
2024-01-22 05:00:00,80.04142208307093,80.79951146525627,79.87543788471476,80.06767683478311,2101.94480043007,19500000,0.000150295439418,8448113.911008025,80.06767683478311,79.99271419515084,1.360608212150799,1177.1175085725824,1117.752894264108,1561319698.2782707,885634560.4077097,1.0464753773412392,1651515.241336329,155654.9173009063,469448.62935263896,15853.567448391672,13
2024-01-22 06:00:00,77.5242254910951,78.23319757721522,77.1181672659822,77.61440725243536,4421.815156371118,19500000,0.0004717516186264,7089506.31078577,77.61440725243536,77.57752346806112,1.1061236546917104,2291.225714040629,2042.7671994755297,1513480941.4224896,934909213.7306064,0.9459186274890152,1527948.697674325,281862.0903765294,477447.56314990384,14163.845905115346,14
2024-01-22 07:00:00,76.81076048917558,77.91027289979901,76.59551361148885,77.16196105669414,4496.77007880746,19500000,7.273115797535839e-05,7383854.891734221,77.16196105669414,77.23157830578208,1.534576493682691,2498.652636557377,2072.195437801446,1504658240.6055355,827645765.3953875,1.0062422642942288,1031069.5638950627,143187.815949928,454802.9546044082,19412.42072739101,18
2024-01-22 08:00:00,77.4224904777133,77.50050255680868,76.65837741167357,77.32336336109957,5051.689634302497,19500000,0.0001099739549033,8179628.360675079,77.32336336109957,77.43126566870104,0.9312061372723168,2808.695350362381,2604.9890028185973,1507805585.5414414,990592358.7465868,0.9810513064017414,2106119.8071728884,217786.868656881,380015.7951932706,17542.95890845891,10
2024-01-22 09:00:00,77.180572758679,77.65519593473408,76.87465996864147,77.19804551877009,3197.966753973069,19500000,0.000616473075189,8699382.440719718,77.19804551877009,77.29089795744844,0.7214416275047365,1730.326983602874,1628.7068183289132,1505361887.6160166,969930464.1715548,0.9865613039424892,915384.9513527915,190359.46230570387,373298.0971704436,19742.333458543675,14
2024-01-22 10:00:00,78.27770627055715,78.63826917387931,77.77770307282586,78.43656916445941,15072.535693603792,19500000,0.0005865772383865,6612977.694614773,78.43656916445941,78.43239055110917,1.2344624517407068,8800.6225497126,7551.6011254392,1529513098.7069588,921774504.405283,0.9845051074627352,801504.7294590096,180065.77691327743,433221.182722473,27985.09172364288,17
2024-01-22 11:00:00,79.00698987054211,79.43595176902465,78.79040827595614,78.98699088414077,5050.622834713323,19500000,9.754725792300317e-05,8803498.688390685,78.98699088414077,78.80316380902455,0.6923117781643294,3362.138942686382,2094.192311035561,1540246322.240745,718050466.4892448,0.9725585144394602,885083.6039705357,172344.70519912706,431389.7230756372,21803.07139470644,18
2024-01-22 12:00:00,79.96440869010712,80.31441443661657,79.94889067661506,80.05786509663659,3506.7284356705936,19500000,-3.6065473191685015e-05,7798884.5194652,80.05786509663659,80.0971617415916,0.8598471788470685,1720.0997692996018,1923.6607473536876,1561128369.3844137,1141126771.3996902,0.9622093508004792,681271.4232568558,137757.04520563284,482079.3212902594,21971.70942774849,20
2024-01-22 13:00:00,78.88766118603968,79.1949779204674,78.56883312531707,78.97112199497099,1923.761749927759,19500000,0.0005389520500625,6783420.860892252,78.97112199497099,79.0951519653334,1.109625361824596,1050.5481829849214,713.4479501165681,1539936878.9019344,883167482.2910527,0.986727195792056,1369094.4502845781,85262.15131362354,551462.9932518402,22418.559521739928,18
2024-01-22 14:00:00,80.5075039755943,80.96949250493553,79.97861144409183,80.41000023158809,2839.7475519985387,19500000,0.0003401255073745,6203125.612491597,80.41000023158809,80.51725031858926,0.979731919755142,1139.0034295831952,984.5961066649716,1567995004.5159676,917019861.0533901,1.003480851918606,1197917.0394175272,212904.29556351708,473913.96327028685,11007.172140745532,19
2024-01-22 15:00:00,82.85871551256527,83.23340684229622,82.47794064585523,83.08110408941857,6082.453857066925,19500000,0.0001946743762592,6978546.366610464,83.08110408941857,83.12787451469411,0.9625295109390796,4001.915750356308,2454.5661384123005,1620081529.743662,950679643.398974,1.0349108306987806,1362312.0620989995,144031.9202525671,376180.08462236734,13980.5428796186,14
2024-01-22 16:00:00,81.66346670392642,82.04657733202514,80.70879730995553,81.49276945761153,7007.717409477663,19500000,3.4381869430166397e-06,7874385.382114119,81.49276945761153,81.40398286001387,0.7896558932605423,3446.193366180075,2635.948503579835,1589109004.423425,889119816.5814561,1.0088605118986316,904333.6205828259,218032.63576717424,286006.2197816709,19621.99912972188,13
2024-01-22 17:00:00,79.84291151499107,80.58781191515853,79.2785505388639,80.06672783022002,6242.678088993428,19500000,0.0001995089736143,7845339.650415341,80.06672783022002,80.0326748901162,0.9978418542658584,3005.156996439287,3114.8139080783067,1561301192.6892903,1018556009.5366831,1.0349962060388316,1042855.1954099346,177712.87089258793,379349.24815101473,17104.91895984886,11
2024-01-22 18:00:00,82.13381354209996,82.34823895494436,81.31603196455929,82.24281840526851,4414.262934574413,19500000,9.348746203368924e-05,8296614.650738768,82.24281840526851,82.41008503353457,1.222297760683032,3086.722579402332,1630.210941639214,1603734958.902736,728376820.1082556,0.955654693841287,446562.4753998754,219710.0925648564,338101.6698795902,20546.867061137666,19
2024-01-22 19:00:00,82.25200018666318,83.0174325880819,81.69511673303614,81.93687976446962,1591.0825249466586,19500000,-9.930145387189871e-05,7547622.018506424,81.93687976446962,81.82899105490552,1.0040015682870418,915.3782277405708,790.683610365535,1597769155.4071577,1137695519.602373,0.9870109178287376,1240707.4534973507,198883.22651266167,382286.48205110687,33564.9791061154,19
2024-01-22 20:00:00,84.46842460356231,84.89560229002231,83.6133998001917,84.27840128956751,3803.1346323273824,19500000,0.0001387126985761,7217786.158957657,84.27840128956751,84.19009090605365,0.8470079689538718,1661.6388621327878,1726.4970052458707,1643428825.146566,790048345.4003285,1.0213301475740928,1110408.655236762,87888.67228405607,464378.5772424837,21539.961229578483,22
2024-01-22 21:00:00,83.56043098080681,84.2452320861216,83.07998605430376,83.54412250099557,1602.465742407506,19500000,0.0001796272136918,7630433.145332877,83.54412250099557,83.63122155549972,0.7791842872275903,768.634697365472,554.0285261777404,1629110388.7694132,1221692855.1186683,1.0102957226737408,687275.8484790117,189799.57084447108,449943.8614215573,14814.31963193981,19
2024-01-22 22:00:00,85.85784686111506,86.58214222612719,85.33260259283564,86.01965503048137,1416.953471611955,19500000,-1.261852007606928e-05,7908043.028038636,86.01965503048137,85.99116882648305,0.8505101640078493,716.933080797661,534.9266865329394,1677383273.0943866,1070883061.783127,0.9741647465602248,1023602.7486560149,149354.97417743155,641545.5868340946,17362.5360577482,22
2024-01-22 23:00:00,86.16348052307801,86.86719484696837,85.31403509272873,86.25478506118448,3359.60720311492,19500000,0.0003711477065828,8033765.49961657,86.25478506118448,86.16147850562989,1.0816273909759213,2337.675213104995,1533.7212797154032,1681968308.6930974,790313079.9139147,1.028022066764977,962762.8132065096,217782.643629388,487290.7811434954,36797.04318508983,11
2024-01-23 00:00:00,86.72278479818652,87.34383349301697,86.14300457481954,86.71007738179073,3872.283732118256,19500000,0.0004866497176932,7404281.007603164,86.71007738179073,86.85123888867314,1.0711367336653728,2049.1602882734537,2013.3226423294805,1690846508.9449193,1046179350.5551499,0.9840618045414256,2161746.1489808178,188678.89365655443,648121.499289955,34882.766561619086,15
2024-01-23 01:00:00,89.48218130466906,90.26523978115458,88.67124587994915,89.47546648723366,4682.973494561284,19500000,0.0003909693080966,8476581.634926844,89.47546648723366,89.52566723260364,0.8520573688240599,2196.502808036384,1964.3926165190223,1744771596.5010564,958564146.2235168,0.9766790931581883,698193.3116097329,189234.49882515377,510439.7462858983,26337.873273029352,15
2024-01-23 02:00:00,88.82314894274111,89.38441750245862,88.17851473080415,88.83929476134567,3822.1490432973737,19500000,1.7125484435801582e-05,7504326.956222684,88.83929476134567,88.81425974463947,0.6426520192284848,2182.138618929085,1413.6210311539708,1732366247.8462405,1274870785.2755525,1.0146084328149043,1218672.3091560532,152046.13919046428,549707.363177611,13783.880087766423,17
2024-01-23 03:00:00,87.18610325262257,87.43406156965847,87.07504025700614,87.19147991768776,3888.5553521663583,19500000,0.0003267464512565,7356719.655686675,87.19147991768776,87.10029726208502,1.0876316702400974,2027.6012412701275,1510.7949904337024,1700233858.3949113,1150448450.6874454,1.000185080960027,689964.0269165281,129553.40280275993,411769.72232391353,24150.043988070272,14
2024-01-23 04:00:00,86.38434717624249,86.50739799748123,85.7801545700847,86.42140037061313,1821.9701735282156,19500000,0.000123388419238,7551907.668431887,86.42140037061313,86.60698225302694,0.835653287497148,758.8289257872927,598.5812566122547,1685217307.226956,1014676756.6394155,0.9843126299491416,853885.7689002153,146060.8011534592,356859.75603228854,24713.603740904484,19
2024-01-23 05:00:00,86.96396952981878,87.74423978969503,86.5427894688462,87.21549530912694,2828.527840707415,19500000,-0.0002707237935697,8594983.65781995,87.21549530912694,87.22208428117465,1.1477603202194138,1861.9516640143956,869.8991714163122,1700702158.5279753,984592976.6462594,0.9832939442425868,1192341.600149973,103779.8320524982,404419.515080532,22195.88216333093,16
2024-01-23 06:00:00,84.44777337939288,84.5911913628141,83.67186893246473,84.53509995382447,1403.103162286219,19500000,0.0003018188135493,7803464.542397859,84.53509995382447,84.66167673124899,0.8596568951863696,567.8446306563841,830.5511931787253,1648434449.099577,1234282865.640768,0.967906096005799,980832.4070234204,140422.92860086565,441364.3897522377,18564.318987138067,20
2024-01-23 07:00:00,85.78497094229046,85.99196445970797,84.93745656449903,85.62833547164001,1094.7873640373443,19500000,0.000143839492287,7460559.737014274,85.62833547164001,85.7134186581337,0.820714406376228,733.0095049774816,360.1007225846455,1669752541.6969802,1085698525.4090445,0.988127552618234,1064808.72376503,112866.41442147,390181.8623756239,19755.96375130092,15
2024-01-23 08:00:00,84.48723042950583,84.77050903832372,84.39924991603006,84.71907847096331,4317.023136445274,19500000,0.0008780644006207,8493321.454717584,84.71907847096331,84.68342007853222,1.0311084425887254,2752.350957851472,1456.8494084211527,1652022030.1837847,998116890.5018054,1.033000283064623,1219304.19821145,113614.31606869047,362134.6978497306,18180.14835144888,8
2024-01-23 09:00:00,86.66220794153014,87.17093350706485,86.54615368796085,86.6950750001093,2045.5823652193171,19500000,0.0005371812589835,9361554.976072771,86.6950750001093,86.65927503917463,1.6024598357519553,864.7637325502174,1148.1633415192834,1690553962.5021312,962573084.4937471,1.0073365138896448,876091.8823125048,167563.8433251662,480877.355538082,15622.661704476652,16
2024-01-23 10:00:00,82.514250988705,82.78227498184884,82.45681199196511,82.64975591294815,4611.226953770846,19500000,0.0003133450470803,8020222.255598483,82.64975591294815,82.77755846182697,1.1616088666833633,2845.5112533259567,2301.24005420627,1611670240.302489,882187767.6909097,1.0287578224233205,1520212.5146331813,186001.9124954336,361826.67100388167,33183.11199514043,21
2024-01-23 11:00:00,81.38599703098717,81.88278311385822,80.96653345533775,81.36787633504893,5188.364436096603,19500000,0.0001747511503864,8705011.726225613,81.36787633504893,81.49501505214091,1.0276183670627383,3275.3236962134806,2235.260294630544,1586673588.533454,1049784225.4154141,1.0154820561302411,944593.716204419,161466.28366225064,325559.85510477365,28701.197870043743,14
2024-01-23 12:00:00,78.61587286420739,79.29925503349399,78.55237344067875,78.67702586988877,2187.1209816505825,19500000,0.0001491166765174,8568372.08477508,78.67702586988877,78.53722340566691,1.0744085318972472,1270.043923967963,1081.984106968772,1534202004.462831,960971442.6173211,0.9816326137908454,1026514.7625311106,143674.03627291988,353480.2091147793,20221.89419015144,11
2024-01-23 13:00:00,77.62402918277212,78.26200611331166,76.83524907912746,77.39534240563485,4004.426075665807,19500000,-0.0002011068210899,7513792.587409195,77.39534240563485,77.445632371422,0.704530840406476,2295.742434855096,2324.551105008832,1509209176.9098794,1063170630.7563927,0.9505257617564729,1233327.7861466263,128431.11370267636,422155.455162959,24481.022205383404,28
2024-01-23 14:00:00,77.86624714441106,78.10727705747699,77.35776996004053,77.78743553551115,2141.8423218001444,19500000,-0.0004216961681599,7903630.871351418,77.78743553551115,77.78578529025631,0.7989410831655335,888.6634614187495,706.4078559779558,1516854992.9424677,934486150.9359808,0.972194369058886,1168816.3895304382,150347.07774944362,362875.8988860931,24758.156446925284,18
2024-01-23 15:00:00,77.31348067581608,77.94238667153778,76.66722887429809,77.51685438578481,1184.4816866910082,19500000,-0.0001617677327244,7117723.584624479,77.51685438578481,77.44450611006842,0.6052063691937241,494.9343835309968,441.9458805674531,1511578660.5228038,944282308.0380089,0.9798629256670744,1381103.328639046,132514.08752406243,422684.7969301128,44483.11986981702,15
2024-01-23 16:00:00,77.23628758383641,77.67113619362466,76.91692611310211,77.13274027207014,3170.532082709088,19500000,8.568489454887089e-05,7758555.283912609,77.13274027207014,77.16064273963839,1.4133669687201542,1959.9804323919109,1769.4426338041933,1504088435.3053677,892235710.9108757,0.9775425138912502,1211642.992984283,160218.2639777295,498864.03420188255,28617.411471387837,22
2024-01-23 17:00:00,76.77611849724282,77.25888039078667,76.37754235362776,76.89525259756772,2355.6289954277586,19500000,-0.0005316617834626,7501449.690180247,76.89525259756772,76.79916453667971,1.3572725468619056,1016.8533170817744,1258.3577016572367,1499457425.6525705,1017811133.8059556,1.0294305978057916,1287630.603522628,111259.1069029855,496276.5492857729,28294.73108678081,21
2024-01-23 18:00:00,77.12729553142323,77.72225808030501,77.03668662688162,77.2164026997604,2392.1683540133786,19500000,-6.329653768182471e-05,7636662.382853078,77.2164026997604,77.18810633552457,1.0817322649840773,1130.4268828998097,1431.1793457262745,1505719852.6453278,865032521.1636049,1.0291176540054912,937107.3062262427,193944.903387445,387640.9556631145,22278.877336402864,19
2024-01-23 19:00:00,75.72956393727735,75.88866200003727,75.01257189610845,75.68206299557944,8003.798807734661,19500000,2.5716090062672227e-05,7427578.676602672,75.68206299557944,75.62920106253517,1.0273914536762598,4399.295843563209,3154.8785422640626,1475800228.413799,1041297901.7627606,1.0663563892082994,696061.7399088433,141243.72446863557,340854.7398253211,19335.01176410494,15
2024-01-23 20:00:00,76.69175438670257,77.51899273617106,76.55754001085872,76.76725458542687,1390.0173507956988,19500000,3.537203395436262e-05,7707730.442156892,76.76725458542687,76.73656370767037,0.7332137568065722,624.4640467258763,811.0277512047336,1496961464.415824,820504680.3634645,0.9770883648642285,602984.3490798292,178807.34585370222,394303.14932785777,33350.000815564745,13
2024-01-23 21:00:00,77.93815403538485,78.01459564210063,77.71959001028745,77.7992270506297,3609.900785418694,19500000,-9.85170794564434e-05,8229869.338512714,77.7992270506297,77.80144600177711,0.9570879480143962,2299.3330491627657,1455.1750102350486,1517084927.4872792,997919522.8486977,1.0479234491819325,547117.0382030234,203171.45326317011,504402.057393189,26787.25879272138,10
2024-01-23 22:00:00,78.28703699810454,79.05867313530071,78.12650896017387,78.40849333209216,1812.742881663629,19500000,-2.4541443144201016e-06,7811774.686172297,78.40849333209216,78.33670512958706,1.4311500841472589,1164.167782290609,932.706892113378,1528965619.9757972,1097631070.2977822,1.047738016169924,2160375.848532926,176657.43141471286,528521.7543091789,17173.75136609498,10
2024-01-23 23:00:00,79.19587892834113,79.7651191579248,78.5573768146499,79.29403646936866,4694.424019827516,19500000,0.0006171681484371,6794012.2146652825,79.29403646936866,79.42670958830394,1.0266316490208895,3063.7828036543488,2651.5181149426903,1546233711.152689,1052555550.3427272,0.993032087258834,440467.8414433419,198745.75969071875,474766.3105690599,25239.360165195336,12
2024-01-24 00:00:00,79.66877118718351,79.96882237025653,79.5844700532396,79.77349318519035,3460.663518736578,19500000,0.0002986435844471,7429821.82699396,79.77349318519035,79.8208214611664,0.8932138141359408,1435.7269836718365,1215.5048656351755,1555583117.1112118,859899035.384839,1.014206661908207,1720613.5167487476,97084.807952267,562579.2039660488,28316.94949761535,23
2024-01-24 01:00:00,83.00167861406621,83.71530662413376,82.49169347948418,83.09568289019364,3603.540720593785,19500000,-6.80902330694449e-05,6984124.013725492,83.09568289019364,83.25311289881556,0.7035515476338093,1903.9737961638805,1303.37039632238,1620365816.358776,1072522889.9041612,1.0372219974742365,768621.9205926362,143887.32889638326,625208.4692631527,11745.796526152975,21
2024-01-24 02:00:00,83.14173786773816,83.21197675257032,82.34033416676846,82.95936140870997,1858.5561302639185,19500000,7.9495663491411e-05,8042309.888527867,82.95936140870997,82.9543772128418,1.3179284470183268,1215.6356618411912,881.4901160982822,1617707547.4698443,828420665.4032903,0.9982322613201322,1715608.6442528456,214436.54942135533,401657.2589945232,16702.003515962177,4
2024-01-24 03:00:00,82.56336048256506,83.20274587086227,81.84032085567509,82.4596598256236,2032.8744249144345,19500000,9.150599930431992e-05,8210853.79472111,82.4596598256236,82.42265275799944,0.986081017203845,1034.6635927220243,1124.4792657086805,1607963366.5996604,751641710.0620077,0.9959082466835608,442274.52706636814,184851.371631698,595592.8951331382,24558.896434724185,19
2024-01-24 04:00:00,81.51220011669159,81.99311005170522,81.07999281943016,81.23438761676528,4739.207723004068,19500000,-0.000130386630122,8050348.489915514,81.23438761676528,81.38535487114605,0.7037396752579166,2884.974282433251,1534.0097910168845,1584070558.5269232,1088913105.6352835,0.9811798773664764,971566.0378479196,258361.6990433296,419949.6473630428,12365.450451501936,11
2024-01-24 05:00:00,79.94336383562148,80.03190136560625,79.53339266460374,79.58243454277525,7225.696146991348,19500000,-0.0001307390653231,7405323.785032428,79.58243454277525,79.54438938481918,0.8312263517707825,4167.592016657395,4012.1707006780375,1551857473.5841174,1074510358.371758,0.9291988444401093,1909423.3483741092,249220.9471611376,542514.3086561743,12966.970210757456,24
2024-01-24 06:00:00,77.47384530231344,77.69560568744706,77.12613773884283,77.63388243206897,3790.1235959452592,19500000,0.000403157206098,8044107.51551898,77.63388243206897,77.62780431843849,0.7745232474725959,1910.8385096473207,1527.1778433682086,1513860707.425345,691651592.5640134,1.0021141484946543,1419742.261010252,175412.92301709758,509769.78138438816,20309.854241894114,18
2024-01-24 07:00:00,76.28442913719802,76.8572003479147,76.11924384604283,76.27368688426118,1903.1955857716391,19500000,-2.593531325504479e-05,7595700.647586714,76.27368688426118,76.3362349236797,0.9739953931829748,919.0939694919132,802.8972852921192,1487336894.243093,1092208750.1019287,0.9787039201763972,932659.9063187278,152818.3660690989,297922.3962036233,25526.266957047847,21
2024-01-24 08:00:00,75.99436823741614,76.39669867123952,75.46296180383732,76.17355896576692,3531.4691785517352,19500000,-0.0002284089161092,7200377.732102071,76.17355896576692,76.0868943418217,1.0423395916412908,2104.130304799178,1419.5034488883484,1485384399.8324552,867122773.9564838,0.9677395412914952,490662.1874734906,128077.43510362731,364672.3554084528,25882.830481001096,12
2024-01-24 09:00:00,76.57295047261033,77.37424848690729,76.29982027179082,76.69222312724222,10034.014219438372,19500000,8.70578967791672e-05,8369096.360750719,76.69222312724222,76.75444312023033,0.9042554212610536,4415.841634999524,5753.944962901273,1495498350.9812229,1079124159.045207,1.0126657495043294,628886.8762455499,144501.88892813216,346536.1484625568,35408.949071635216,11
2024-01-24 10:00:00,76.68163124198242,77.3634920322871,76.33705930994807,76.77838467668333,3137.5935676673485,19500000,0.0001354029259387,8420201.370593984,76.77838467668333,76.830850960597,1.168136003870731,2064.6518920556155,1064.391901632314,1497178501.1953251,1027741712.0335095,0.9564606327753672,1860509.4759917038,146963.3144245871,309771.61950276763,22576.82386461583,17
2024-01-24 11:00:00,75.45948558153803,76.1473354021285,75.37385043480693,75.61936834919726,6191.424260101619,19500000,-0.0004918112672581,8508819.05835471,75.61936834919726,75.72291586481184,1.0158852989962637,3547.271475745705,2924.1003644442303,1474577682.8093464,1061985034.8792762,1.0241823967384185,928574.2282835916,140320.96741130902,527478.2950594791,19696.655799826283,16
2024-01-24 12:00:00,76.8388326755903,77.21535401050937,76.40273366055969,77.00082505133865,2058.7109573886414,19500000,8.77760926548421e-05,7512164.465842221,77.00082505133865,77.077059294908,1.2367197073283724,892.3504292923983,709.0868057552277,1501516088.5011036,1051080316.0925183,1.0145079794578156,1037134.7698155483,129367.90010296911,669143.8718181916,14880.279981237196,9
2024-01-24 13:00:00,78.13325604067353,78.70989069223087,77.98829995057105,78.15580936543762,2918.885003378789,19500000,0.0003603939803044,8667154.25907505,78.15580936543762,78.26522580670084,0.93105324177112,1783.6088892567063,1688.8037830142084,1524038282.6260335,1131139096.2869587,0.9879942036490824,1195549.0851086287,179942.7721606914,420191.35727542086,19626.02391047733,10
2024-01-24 14:00:00,77.72484965242036,78.6531935933122,77.19710906831274,77.91444954405775,4063.4295105466585,19500000,0.0002353688156565,7581453.5562732285,77.91444954405775,77.91363752741643,1.838711617356218,2150.9104414864355,2191.7301472069657,1519331766.109126,970443235.3479149,0.9981006924146664,633849.3051614858,248739.1210359365,524830.8677866268,27235.016411305096,10
2024-01-24 15:00:00,77.04086060449917,77.11139908886632,76.85658552580908,76.91132240837314,3636.0898060697,19500000,0.0007689385345584,8310099.889073827,76.91132240837314,76.85266442559976,0.8932419941789795,1677.0534286309758,1345.883305701906,1499770786.9632761,777147708.0999638,0.9642933671753728,1256220.4816484598,205523.19797235183,595362.0956457042,27606.779650347315,14
2024-01-24 16:00:00,77.62460610332712,78.02099666079516,76.86707177008509,77.76734862191383,2032.0606586373308,19500000,0.0004753328446936,7570949.663278741,77.76734862191383,77.93921332806019,0.8347141080302096,1398.7095935680372,791.1492486649283,1516463298.1273193,859635941.1753389,1.0225101581009612,902438.5598240839,150150.73754175592,461236.5619997304,23846.332288037986,12
2024-01-24 17:00:00,78.5067446963882,78.69097825270735,77.53367244843444,78.06806944544967,1988.709612442953,19500000,0.0005346802074252,7746746.51199161,78.06806944544967,77.95669007305956,0.814435446038339,1224.8349852666213,824.2298437369965,1522327354.1862686,1028429213.5491744,1.005620927231538,1200421.3709882598,209715.5173277273,440179.2842099434,25955.38757144315,11
2024-01-24 18:00:00,75.77856048901651,76.14530139010944,75.64084843854573,75.84703283156041,4886.063272808261,19500000,0.0009400257807742,6498018.568580177,75.84703283156041,75.74642075051558,0.9586893906898308,2823.6466183090297,2060.08790586498,1479017140.215428,735205789.2480373,1.0078554986376864,847021.8016651407,177488.7874683084,421199.7284143812,32302.989778288214,10
2024-01-24 19:00:00,75.76246656190129,76.3248760913131,75.74087875187736,75.7515556650802,5408.761438360755,19500000,0.0003274468785323,7698599.785344683,75.7515556650802,75.80194014886521,0.7089947068220473,3540.900597905464,2948.8721922148084,1477155335.469064,1076776371.3706362,1.0150567113901938,568897.557500754,161106.982724852,492629.0700568231,22529.516049751244,18
2024-01-24 20:00:00,75.95990636530927,76.51837539213214,75.70584866556348,76.15720549485192,6349.121774292655,19500000,0.0001489210623798,7944490.906844712,76.15720549485192,76.28857561179873,1.060682499905682,3575.5773673132853,2980.023837840218,1485065507.1496124,759735268.4099668,0.9807275375832484,899642.7946210419,158612.4871338271,526991.031844858,33196.36468020418,12
2024-01-24 21:00:00,75.06183021353287,75.49023105207552,74.69226207528116,74.80657644647472,7346.396806719854,19500000,0.0003921220880293,7632287.1203459585,74.80657644647472,74.82823675396473,0.6831363851506488,3911.524211698873,3147.084686123518,1458728240.706257,1039770434.936176,0.954428251752372,1379198.5509218955,154819.46351003114,485221.6040865552,17712.146890861717,12
2024-01-24 22:00:00,75.26680251300854,75.50325685220342,74.93463254195056,75.09865651880816,3188.5122834200997,19500000,-6.777093001849811e-05,9076481.058420066,75.09865651880816,75.18121274976195,1.03286261463488,1456.62100528441,1644.7411227907858,1464423802.116759,871503768.4951743,1.028719551247379,1249590.0768975576,191523.6408092205,481900.3433707142,21547.44843940012,6
2024-01-24 23:00:00,72.99565181292327,73.0987868343752,72.31563875138215,72.9523304035153,2551.4073245186405,19500000,0.0001323058958484,7186427.923953919,72.9523304035153,72.81402717656088,0.7631884071020204,1137.971366054721,1115.8821370986152,1422570442.8685484,998909112.3166999,1.0206615524083722,1080651.2518299636,168538.16818960983,437905.94101599033,19067.6799409129,12
2024-01-25 00:00:00,74.73381763122909,75.13569322389912,74.2830197606436,74.93566471970706,5857.601329811617,19500000,-9.431829292349408e-05,7539116.683664404,74.93566471970706,74.90572455238062,0.9265764873818636,3102.131744529913,1982.6340669753088,1461245462.0342877,1077652029.6833458,0.983939235901872,1528740.6083103053,135658.27253089557,321711.0608017974,27939.91357363202,11
2024-01-25 01:00:00,76.86957744941311,77.53041006439368,76.70161821630055,76.83720334197082,4257.913969990449,19500000,0.0002193953672688,7336058.53905474,76.83720334197082,76.70089815359532,1.1285211737374603,2285.615746996712,1414.6781007943655,1498325465.1684313,864000742.5761026,1.0122733059739013,983885.1742249667,134025.71623542372,529423.1400377005,16246.855576068094,18
2024-01-25 02:00:00,76.28628823952218,76.91836706935536,75.86163344460135,76.45777247905686,1823.9730050579976,19500000,-9.557272640594604e-05,7538998.626911936,76.45777247905686,76.52508673978915,1.5853536996308863,1130.8518661668886,725.5527569468173,1490926563.3416085,982492817.7633904,1.0377392031615384,1091662.8115670914,175689.93639343526,342174.1086344524,19999.656099213214,20
2024-01-25 03:00:00,77.24854829696221,77.54053905973403,76.82626686392398,77.02327750641925,1777.889325019113,19500000,-0.0001060785499585,8565175.04192741,77.02327750641925,76.91180700633541,0.8060575765057247,946.949196036304,854.9177654540588,1501953911.3751755,778035077.4843135,1.034161024092518,880984.5161966216,181164.87440194676,500757.4486561159,12608.129114846217,16
2024-01-25 04:00:00,73.52506168555138,74.10584054588033,72.6896692030986,73.40626176494092,3812.212852408629,19500000,0.0002240419879316,8876737.287988039,73.40626176494092,73.31980248641737,0.9703839220287892,2203.2598793394254,1297.8770084115213,1431422104.416348,988018659.7137207,0.9830632349070402,1564926.2747855594,150499.7706005103,514601.1069926599,26326.013233704594,17
2024-01-25 05:00:00,71.74894486286739,71.79519239053948,71.71175369414523,71.7352521758807,2728.1054400414305,19500000,5.8686567765829855e-05,7456813.025396993,71.7352521758807,71.77929942880095,0.8652370745694337,1772.601670356873,1268.6788391621126,1398837417.4296737,973559641.1616122,0.9553371686369724,1199377.824203706,122638.78351138944,352185.59674361005,32017.47359893809,15
2024-01-25 06:00:00,70.97459872814332,71.50321429128927,70.45483866659745,71.32213374998197,2941.8238426337207,19500000,-0.000478256340715,7443572.586872567,71.32213374998197,71.40499754181057,0.8403186914510185,2053.3942443439537,1120.4903771808183,1390781608.1246486,749038412.1700797,0.9604835458120974,854198.4623758518,222513.10534287416,391773.7727618578,28946.726009302038,14
2024-01-25 07:00:00,69.67874220641689,69.97670761474592,69.1401276012737,69.81605866172677,5096.282759929801,19500000,-0.0003366670763936,7189497.147528256,69.81605866172677,69.81194174082346,0.8667586921793022,2531.617164945842,2592.0918482754705,1361413143.903672,622495580.1560885,0.9906482196113466,588357.5867509374,211007.9632741392,676234.3119495984,28107.40332208762,10
2024-01-25 08:00:00,70.92525363894323,71.62412595392931,70.78025845695274,70.82782838414673,4356.9108844675775,19500000,-0.0002441799474384,8755607.518284073,70.82782838414673,70.87529524725551,1.1791729408241838,2921.6849198807045,1344.0146864542085,1381142653.4908614,800180983.7636024,1.0438695139986147,1660595.1021196584,99027.79772021178,435436.1939740819,28334.06638252251,19
2024-01-25 09:00:00,73.90058472619631,74.42239570732796,73.595047794541,73.72175290255481,5796.077207689281,19500000,-0.0001648915718341,8626784.809732363,73.72175290255481,73.76877176419721,0.9070015020122222,3720.010809052328,2554.3719686298136,1437574181.599819,720224895.3866464,0.9781466376357588,792601.6653889371,227497.77357196165,346610.60912026523,27171.071771962343,9
2024-01-25 10:00:00,72.17411753353295,72.61999908136767,71.73760921272732,72.01436521375523,1134.8229729859888,19500000,0.0002243269988435,7820222.285576412,72.01436521375523,72.00605282174386,1.568096619571006,477.0818555418074,358.2400589852709,1404280121.6682267,976768557.9281914,0.9821101644097192,1098578.7120707945,154470.13422807018,519268.2292165336,26484.59935842844,22
2024-01-25 11:00:00,70.59979509022727,70.82883531903353,69.98687956163184,70.82530470217442,3383.611667284469,19500000,0.0001656816541214,7053356.393477795,70.82530470217442,70.75485438326008,1.0867546298823916,1692.643884063147,1350.576489550283,1381093441.6924012,729671970.2555503,0.9814926670564504,2735273.4064575043,170671.64246668832,379065.75266013393,27002.211182695468,16
2024-01-25 12:00:00,71.20964253257316,71.34088902621313,70.78455630354509,71.16672155446705,4218.9613924209725,19500000,0.0004195838115097,7104003.640740472,71.16672155446705,71.21403969608475,0.8170931857058416,1964.8246942152532,1285.4016974546105,1387751070.3121073,1017371186.5111277,0.98404807611134,1470783.629596157,216329.0192559425,301310.0847975145,18093.270653558287,17
2024-01-25 13:00:00,73.65386422211505,74.12196494311692,73.0228936851946,73.50457419496288,1389.5108693695795,19500000,0.0003258405468825,7995204.140242009,73.50457419496288,73.55698999007356,0.9292838563311716,832.7550981388185,612.398608800124,1433339196.8017762,1062882201.2752143,0.9996631946774012,2033282.2493979565,246011.77919072157,490879.4756856184,20742.540497812806,16
2024-01-25 14:00:00,71.4986071077671,72.00893108001961,70.93876383694044,71.73653359780074,2148.55795899698,19500000,0.0004215708868547,8241138.953598194,71.73653359780074,71.80784146279005,0.851829066880474,1217.3508972221905,1138.9608023677174,1398862405.1571145,1010889004.3122199,0.9615984947634472,860657.7111711075,209131.04023880293,368308.59416355286,22495.554214731208,5
2024-01-25 15:00:00,72.10079461675839,72.76835851509495,71.50371150596459,72.10193447845744,1958.153896516602,19500000,0.0002825188574377,6685225.478572706,72.10193447845744,72.13164526476714,1.17352698409829,1073.9599136537138,646.3200461813593,1405987722.3299198,885609653.1843086,1.0325307986898085,1638173.7956386853,172863.51383543797,471765.6648196341,19916.19419445545,18
2024-01-25 16:00:00,74.82517453492514,75.3973807666088,74.42803069342699,74.78421635659973,3013.474724696769,19500000,0.0001629037927274,7686662.857171185,74.78421635659973,74.70430942789308,0.7205388592192344,1895.683920757248,1568.7149172132863,1458292218.9536948,773227951.7320564,0.9956553676597106,1078810.5812623054,115391.94482662778,376044.2089215891,13768.065691389947,18
2024-01-25 17:00:00,72.31777563232257,72.68503601166904,71.94982775179172,72.36130306687433,6727.2854079186,19500000,0.0004298055226862,8976905.237563664,72.36130306687433,72.41849311081708,0.7647622512890968,3363.5929808679407,3197.2001110811843,1411045409.8040493,976693918.6445767,1.07437403724176,1235651.413969257,98070.5154197577,509630.2994815442,15206.78979191909,15
2024-01-25 18:00:00,70.2766139427441,71.06660138651394,69.77202373847223,70.53790919227548,8195.124656359367,19500000,0.000375823837522,7750759.099470731,70.53790919227548,70.54486556468296,0.8884212891726506,4219.060694913761,3699.1283315895953,1375489229.2493718,908481220.2050365,0.9647928700434996,2395347.246932013,202711.63578341733,458951.42929825495,23599.783907432186,11
2024-01-25 19:00:00,69.90425665506048,70.63211528993341,69.72016913672844,69.94982170451881,1983.972096463409,19500000,0.0002128286102661,8884983.199142775,69.94982170451881,69.92304928852874,1.1463573101151383,1308.8069182945862,951.9990483372792,1364021523.2381167,1013673282.618224,1.0476959851547472,954787.1850233887,227637.0119530176,263592.1449945953,28903.92773399446,12
2024-01-25 20:00:00,69.18690141112965,69.55136884124688,68.59570643966221,69.23222157527005,3878.7903759969768,19500000,0.000481321561258,8307138.569204102,69.23222157527005,69.21874650386297,1.279682569968873,2682.8140531528147,1554.4994813619508,1350028320.7177658,760303012.5003589,1.0417403619395946,1075615.767847854,132765.37940565828,477539.6672086825,22088.28315093329,13
2024-01-25 21:00:00,70.35277448130273,70.82578395846235,70.33815037355741,70.37361526215989,3941.824341923013,19500000,-0.000603736472751,7231519.321287657,70.37361526215989,70.33207673058213,1.3179907767661374,2494.809015929983,2022.557425799276,1372285497.6121178,641722415.819916,0.9876494797346306,743717.2645173046,152139.7840015221,417505.8078999618,50485.75814488655,15
2024-01-25 22:00:00,70.64194047068735,71.3713343962377,70.50364361199584,70.72163971696679,3618.4928768131495,19500000,1.2861047757865057e-05,7704293.8781817695,70.72163971696679,70.79157237043128,1.1117777424896316,1683.038083523544,1931.9124516293973,1379071974.4808524,1033636370.2583681,0.988148181594644,1522842.9439536482,141588.96521091135,587330.8263815342,16715.158326888293,13
2024-01-25 23:00:00,68.20145820002016,68.43169008645309,67.65571017035353,68.2619399380129,3639.0932314916654,19500000,8.262860304480713e-06,7806025.881428074,68.2619399380129,68.17196286923786,0.983558750027042,1578.6222302338504,1941.3367300002456,1331107828.7912517,933744310.8705034,0.9723610655161032,852945.8324613519,140649.3203400179,478801.5882479327,25171.876606475904,18
2024-01-26 00:00:00,68.97065713602163,69.58764808857438,68.73597881131997,68.97613470778145,3469.8659852360715,19500000,0.0004458048632444,7308153.173299559,68.97613470778145,68.91450550158272,1.1722502150788696,1605.720541945081,1321.456602852632,1345034626.8017383,694638972.1331038,0.9727053572428134,1606849.9180137017,212934.5873691615,514644.4581735966,32446.91937771908,11
2024-01-26 01:00:00,68.2511518694255,68.31772725538572,68.08863697328454,68.19080919433623,6931.177979866214,19500000,0.0005714184990852,7298012.724648638,68.19080919433623,68.17520898620873,0.7954079721131927,3651.5414711419503,3439.0571538926047,1329720779.2895563,887839086.0757921,0.9999818215067544,551687.3581730806,171887.12376569668,383805.7483077891,30324.254091121107,12
2024-01-26 02:00:00,69.91566280541409,70.41190017550406,69.7850919801378,69.95825713692466,5173.130294925671,19500000,-0.000335053811063,8897167.88374533,69.95825713692466,70.07814815943439,0.6914728131567751,2436.591487458319,1781.774634098269,1364186014.170031,614166164.5277238,1.0006208795273908,1329292.3755025342,153691.92982824313,377749.45970509807,26809.72727136402,11
2024-01-26 03:00:00,69.0359479122205,69.63343817983969,68.66953519903913,69.09255529468984,1754.4716758922234,19500000,0.0005233501522447,7293639.550046112,69.09255529468984,69.17230748735363,1.091254023845155,1176.044022288616,787.1014066885031,1347304828.246452,831748823.7887493,0.951929341991765,825071.0303106604,316278.997059597,440149.6817271369,30365.91958214753,19
2024-01-26 04:00:00,68.2378483589206,68.65724241881857,67.64793716973055,68.22524660485088,4437.562598730209,19500000,-0.0002514335558078,8597456.55011819,68.22524660485088,68.12012236107051,0.8178014619184353,2667.9374983905805,1334.7690314497977,1330392308.7945921,743491700.5071039,1.068805159699776,1429605.5672833393,113708.65238862787,411628.60377724137,22395.56672733477,9
2024-01-26 05:00:00,68.70954195999084,69.316323312929,68.66099817679306,68.97453050825976,4657.279168848185,19500000,-0.0002423645736682,7616163.499450446,68.97453050825976,69.07463649231099,0.987023582786789,2445.158996772604,1667.6600246827695,1345003344.9110653,759119770.0068946,0.992214494285108,1061590.074341511,186647.62695281196,578157.6205788328,36274.29067447697,19
2024-01-26 06:00:00,70.10887973755626,70.54169487340646,70.02070524156834,70.04205469660947,3489.394985491868,19500000,2.9714289301790606e-05,7870647.842548517,70.04205469660947,70.14357506672582,1.0242139119344371,1682.389180481538,1708.1294524326902,1365820066.5838847,714810047.346855,1.0019683683165157,861617.3274762401,125210.97940195436,429053.19515585736,32368.71768739602,23
2024-01-26 07:00:00,70.67957992632756,70.78685491834226,70.35080104196696,70.67965952535342,5248.576548752494,19500000,4.538058360224642e-06,8249388.504038808,70.67965952535342,70.60374898254274,1.050875800096949,2698.809146883223,2951.318952028071,1378253360.7443917,733855914.9743284,0.9812128769975969,914450.1499689111,156473.31793542177,346291.3147708071,17057.268891157095,17
2024-01-26 08:00:00,68.3488862250387,68.49622640457682,67.68996906945024,68.3434606390934,3274.8816733751846,19500000,-0.000367525183915,7518050.253814193,68.3434606390934,68.17796980108767,1.2063005839890424,1777.6554804598288,1030.6330649673966,1332697482.4623213,781494602.2107245,0.991989713827245,759599.6228119095,168916.46742442914,374925.9494284236,24257.239339786815,15
2024-01-26 09:00:00,69.2225168510851,69.40934796993626,68.89699582773679,69.08976303977335,3295.2386114562546,19500000,0.0002949633920477,8253388.7080139555,69.08976303977335,69.091682241303,1.1810631857135427,2023.7599375654972,1540.7410016297422,1347250379.2755802,706556718.6228468,0.9892636566626738,1492282.199341295,201017.83810787048,536601.0731737816,13846.821783156562,19
2024-01-26 10:00:00,67.41766892426222,68.08659895668737,66.77101850581494,67.682009884276,3167.254085300188,19500000,0.0003038207274179,6695777.792017678,67.682009884276,67.764746025229,1.0397704976179545,1351.7918587063257,1555.2247107434866,1319799192.743382,778591756.3369869,0.9999120872252422,701690.1063604914,152467.16284082012,427858.8075117769,34770.9202686837,12
2024-01-26 11:00:00,67.73956688693148,68.30856829174674,67.1382555025726,68.00804003260966,1086.6751116289884,19500000,0.0004162124788491,8169176.551408389,68.00804003260966,68.12305944435747,0.9153918480960388,711.3917335314499,629.9643555562834,1326156780.6358883,826466629.611905,0.9995623026871564,959215.100990144,148488.52708460984,423308.9824794103,23559.147014898044,19
2024-01-26 12:00:00,66.14165322350262,66.30335358745484,65.91828564295194,66.10545336884412,2863.502494719945,19500000,-3.003659893335954e-05,6473449.461165656,66.10545336884412,66.05449748306447,1.0217863486599874,1254.9815380983252,1421.8525155258208,1289056340.6924605,855074159.8816669,1.024145990456232,1225424.5498965639,151786.27510782954,546908.8951321422,33012.17966854749,18
2024-01-26 13:00:00,66.703902162204,67.2937282748269,66.15896592470656,66.7048516197347,2134.2588291593083,19500000,8.81251855082654e-05,7744971.431947537,66.7048516197347,66.8283876111141,0.887592903301313,1021.7444530627014,706.2471852298877,1300744606.5848267,849573138.8625865,1.006816598112963,2035190.3113183253,124245.13998993103,368445.234510215,21315.563136317636,17
2024-01-26 14:00:00,65.66630983670787,65.91185051090194,65.19373714692851,65.6439676571981,1647.1075208653372,19500000,9.08718505292072e-05,8444631.907223564,65.6439676571981,65.5042817318304,0.9614758950664758,1149.8078253409838,566.6433199212115,1280057369.3153627,668953861.8917273,1.021128490611985,1063400.8092190304,190627.6733778883,282932.8135006051,12621.030014184418,17
2024-01-26 15:00:00,63.92869589224035,64.27324296517645,63.601494513729016,63.98783691608162,6105.889904164141,19500000,0.0006063986324405,8289379.755085699,63.98783691608162,63.97068493711866,1.6881524139399444,2790.77385515435,2996.338704049491,1247762819.8635917,576163063.0971808,0.999705675345837,968687.9895044116,174614.0856038858,373034.6802064354,48591.80927849768,16
2024-01-26 16:00:00,65.00064840059618,65.26695675685723,64.63986270484686,64.91439616538909,3835.68670083512,19500000,-0.0007502734347899,7108695.017315842,64.91439616538909,64.89380462633974,1.037109939160976,1650.6596037096845,1398.8208682302657,1265830725.2250874,885834113.4828234,1.0069375766531767,1190823.9583091508,181460.29852102455,464361.1261938436,22909.94933937073,15
2024-01-26 17:00:00,65.35708500503354,65.47599761697444,64.70340635554291,65.23540286373574,2936.825336896388,19500000,-0.0001870833046967,7182290.703987257,65.23540286373574,65.31709957407786,1.0942279032872817,1737.1955945237896,1698.9289127686925,1272090355.842847,905338886.5732157,0.9927608295195018,465709.0654705148,159949.63275347266,420877.7523080172,16316.585959557047,13
2024-01-26 18:00:00,64.50806602663812,64.98002446482057,63.934579413736564,64.44568488582549,2247.5551950142576,19500000,0.0001016622528375,7464046.998321229,64.44568488582549,64.53579944592052,0.8684058280012585,1164.0958697249416,1295.0551488371132,1256690855.273597,934559337.2047082,1.0300933520301294,660824.6482448005,155093.0456057433,323810.6064879707,31061.633482593017,11
2024-01-26 19:00:00,66.3155598504582,66.64772470435905,65.81359328156634,66.35017187654907,3456.7523230945544,19500000,-0.0002256710704746,8005179.681909008,66.35017187654907,66.4201197972834,1.2263161596748815,1477.9366344628413,2020.8062014530797,1293828351.5927072,954733364.8477281,1.0096786728854776,918553.5484515443,218359.9407506465,542103.3290581832,40568.90576772708,12
2024-01-26 20:00:00,65.49730614672526,65.78526392101782,64.84347539022988,65.7745708767489,4893.769021649974,19500000,2.2503892818664795e-05,6703547.529021755,65.7745708767489,65.69231648393274,1.1642236668865382,1963.00198263608,1898.223425571858,1282604132.0966036,821051606.328634,0.995257754364613,802521.8981987354,210122.6354406089,457119.1642721703,20728.57677334991,20
2024-01-26 21:00:00,65.92467131302315,66.56019417771635,65.50843063240741,65.82340382191103,1971.4351878231528,19500000,6.21773390890272e-05,7878469.328507805,65.82340382191103,65.88676668316778,1.165873406093885,835.3926502898598,1015.4566392848074,1283556374.5272648,921954812.3833408,0.9943626959634604,562625.0872572559,231816.211884292,478208.8969633196,21380.344054065703,10
2024-01-26 22:00:00,66.34671186808134,66.8879442009912,65.65092975928829,66.18499166490058,2973.770079554956,19500000,-9.730583263774062e-05,8085771.186444651,66.18499166490058,66.22530110251552,1.0439151887704998,1655.856658923204,1483.6262994979936,1290607337.4655612,754234187.8262621,0.99672281976259,1504262.8595370804,178643.69812921557,481144.0824553588,23656.989051568176,13
2024-01-26 23:00:00,65.46061690449402,65.93426332135269,64.81248238335532,65.37633916578596,4601.019780984329,19500000,0.0001193406778308,7710234.089739004,65.37633916578596,65.27361761370499,1.2297833542975598,2159.11081474489,1429.4500449591778,1274838613.7328262,874795138.8266283,1.000913317710311,1184231.7063435717,228242.9757615007,341224.24524717627,15783.317559292516,20
2024-01-27 00:00:00,65.88575769528269,66.57549071174766,65.74634173118915,66.0018737922295,1132.292293748615,19500000,0.0002884447833273,8225319.993357241,66.0018737922295,65.87204719375336,1.2896063790953232,717.0418044025864,429.896874955281,1287036538.9484751,948031581.3680174,0.9983091669634324,1128960.8663356523,146675.70496220232,470041.27232386544,17904.364073912442,17
2024-01-27 01:00:00,65.39597858691977,65.98899406431228,65.28049755894035,65.30797029842196,2896.374666118611,19500000,2.9120066490699413e-05,8029236.609135104,65.30797029842196,65.38229006917457,1.058253368892344,1903.6497506895432,1048.5745751275256,1273505420.8192284,877296957.0944752,0.9832347503436591,808637.1841088979,154784.18231119702,530455.1850430619,37593.17358518023,17
2024-01-27 02:00:00,64.89047827249114,65.10947695708441,64.5167978560753,64.77898978217256,2405.1181658110663,19500000,-3.595842019062067e-05,7552353.093123542,64.77898978217256,64.77380103037285,0.977338252111562,1066.5494228993136,989.0870009672846,1263190300.7523649,725992868.6362857,1.022947016658048,1101803.8598620996,219427.06720392333,555743.4501067502,21169.95140434691,15
2024-01-27 03:00:00,66.782892976556,67.190908856894,66.00496022463071,66.57533554704916,2788.0147743260336,19500000,5.027052500383836e-05,6755090.539121004,66.57533554704916,66.49643165155963,1.1959181276258577,1397.0908233851592,1633.5427850341368,1298219043.1674588,731322843.907759,1.0248422797764452,1311237.4467635194,200958.83891738285,511065.30783530354,17132.5065640181,12
2024-01-27 04:00:00,65.09636392654137,65.60763467331988,64.90816820249142,65.21062728199513,2319.6827782859614,19500000,9.77690960063232e-05,7971435.344049429,65.21062728199513,65.20357332266973,0.8345813464917878,1029.8747536916555,1284.3631012404005,1271607231.998905,683441616.7979509,1.0535157051370223,960052.8939788506,151355.61274044073,490228.0312424625,19233.088441916218,17
2024-01-27 05:00:00,62.11663530606902,62.31089404176404,61.68181255156151,62.144781247306916,3193.3068936226696,19500000,-0.0004220958696003,7307823.5554665495,62.144781247306916,62.17361897878244,0.8662410537236801,1551.9720934589336,1239.0904991992209,1211823234.3224847,678765287.6158559,0.9818911086806572,1275094.6601558737,125296.15336294334,312548.7534549324,30389.33812176624,14
2024-01-27 06:00:00,64.28195874223897,64.42463399694165,64.18131341108179,64.18602988981793,7799.489877444484,19500000,0.0002384661753883,7530218.912459058,64.18602988981793,64.18713060791421,0.989396548594486,3679.497683783315,3580.0396316940164,1251627582.8514497,871349327.4061383,1.0199931617545632,776287.242591157,154663.79077679827,441093.9055184384,12176.10781117746,16
2024-01-27 07:00:00,67.55803164907023,67.63498514833144,67.31022586366308,67.55027551678407,2535.2277724036494,19500000,-3.5300368834038294e-05,8194977.452792457,67.55027551678407,67.45219345209382,0.705907257319732,1612.55563395714,906.7998550627474,1317230372.577289,869964926.5043302,0.9427258805115196,1109806.4698244464,137143.4708985669,365377.0562263677,23775.120819925178,9
2024-01-27 08:00:00,66.86192031589712,67.4534857311261,66.45037403391689,67.01166828917512,3449.054810599138,19500000,0.0004784605224433,8833737.465533193,67.01166828917512,67.14472376976605,1.1800054471700043,1737.0954278652518,1321.7819569053504,1306727531.6389148,685984590.2846662,1.0248712919506566,1685716.7370345688,250477.8745915061,571736.5437386521,46104.49010639304,15
2024-01-27 09:00:00,64.52539620583967,65.02928727884894,64.38827700841495,64.47193397833051,8081.826752598439,19500000,0.0002773160426927,7862830.951509137,64.47193397833051,64.54312504632479,0.8248260383458734,4434.251355480399,2582.1515248478254,1257202712.5774448,834104388.7843624,0.9563025365497844,1747173.614473746,196813.1658250087,554640.7570059331,40510.59355646217,12
2024-01-27 10:00:00,64.1533923728147,64.64156952353686,63.504693163421216,64.07923198666465,2264.2349508452176,19500000,0.0004510199212658,8244255.95795842,64.07923198666465,64.06414918033444,0.9100113524763216,1363.4510356427218,1115.7741149584404,1249545023.7399604,704516775.6689148,0.9704700668928314,1815256.9816818605,134392.42658282557,365819.1036418795,26159.320598946582,14
2024-01-27 11:00:00,63.731042596784384,63.93260819214127,63.6202551180492,63.719832634719836,7385.971039934669,19500000,-0.0002033011381144,7026109.763010644,63.719832634719836,63.70740123589782,0.9582410457566592,4776.337555383399,3671.390656768802,1242536736.3770368,767057380.5299118,1.0099667598704745,1196521.8497548976,125335.85583365544,438363.76714239497,32693.539972568014,14
2024-01-27 12:00:00,63.51248210039181,63.6428477261778,62.90702276994253,63.484601577163055,2988.902383931552,19500000,-1.1415992356227951e-05,8043251.443999498,63.484601577163055,63.51377195134616,1.0078883144100466,1465.64632401061,1648.53056318443,1237949730.7546794,694626941.2909914,0.9813550289373306,1080946.5639276714,133976.7667655381,464957.7818379925,32599.35837585535,14
2024-01-27 13:00:00,62.06064642519645,62.37443558582247,61.926353821432784,62.09277395934709,7265.904817122904,19500000,-0.0002727375462372,7849101.35682438,62.09277395934709,62.02884191075768,0.933578100545082,3362.4151640428527,4079.555201002857,1210809092.2072685,734342160.4641814,0.9772493946999128,891968.87273687,141533.7792772956,529748.8215021172,21210.346815913697,15
2024-01-27 14:00:00,63.00871432879317,63.3532544598675,62.19833913036753,62.822974568824925,4337.704466839832,19500000,-0.0001115573626787,8701798.51247816,62.822974568824925,62.84952835984833,0.9866161613669284,3008.354257716532,1509.598451304643,1225048004.092086,819485043.3599643,0.9854555193250496,517988.42673166574,156111.3637204708,316436.0194918394,29069.306614826204,24
2024-01-27 15:00:00,63.377441279795754,64.07535953563884,62.994167019136526,63.49181444179067,3475.710443553938,19500000,0.0004756316273525,7553075.605940481,63.49181444179067,63.41367300628202,0.988145300782436,1724.1062267444122,1817.4916860362496,1238090381.614918,828702419.5978423,1.0218887797575558,623274.4327739654,215052.3192210244,284382.5270921343,37668.3276755928,15
2024-01-27 16:00:00,61.556013370297215,62.16754420707431,61.5040940157996,61.62840465355529,2884.7244382913727,19500000,0.0005462471733767,7735812.449868522,61.62840465355529,61.630220582763,0.9144740465160728,1734.6437389559924,981.995651619828,1201753890.7443283,812331279.3697295,0.9720132881074676,997971.5946320705,127819.0380248646,445801.7841996033,15076.180501139906,16
2024-01-27 17:00:00,62.50388933612647,63.07646142177773,62.46171617767022,62.50251609165442,2181.960972371252,19500000,-0.0002444399884413,8583971.46219682,62.50251609165442,62.435727684289546,0.8567244921046676,1316.4911978176458,899.2177628369625,1218799063.787261,691438894.0586523,0.998375354073324,1022117.1810460358,288480.9441315308,266656.5115381564,26186.394559395743,18
2024-01-27 18:00:00,65.24287714927132,65.79761279265205,65.07959213975786,65.12838743236863,3096.091458034684,19500000,-3.748330049518506e-05,7828953.277454316,65.12838743236863,65.06208126432897,1.2414682911355437,1715.8812359235865,1407.6719500631025,1270003554.9311883,834581099.8681582,0.98864031146382,1877762.1741620812,128563.07781228004,456669.1659308102,24549.398561922982,16
2024-01-27 19:00:00,65.16356411400669,65.98974214436808,64.77916897542187,65.35929863438935,4668.909116647491,19500000,7.714129839281526e-05,7217323.753399694,65.35929863438935,65.47339784002563,0.6564681242758459,2187.5437549283,1469.9638948585225,1274506323.370592,664799690.6391916,1.0245967231398705,1805994.076642722,114432.23208357596,498042.9288076373,22718.829328932086,14
2024-01-27 20:00:00,64.75618279349936,65.22856036384313,64.23193020538208,64.92632830741017,2961.4795917360457,19500000,0.0002756816925429,9672842.196745422,64.92632830741017,64.93666626009754,0.9596918536755,1310.2688162710406,1027.7196372608114,1266063401.9944983,751064925.9472147,1.025437652622485,811068.363441743,248221.35966535044,566490.7220609759,22123.374355070035,17
2024-01-27 21:00:00,64.48478908391165,64.77940796123572,64.22493940979419,64.7486695032811,2544.497840840464,19500000,-0.0004279430790609,7234810.027799303,64.7486695032811,64.76857366420751,0.910483142647017,1389.5625950929502,970.3056515646608,1262599055.3139815,789038647.5821514,0.9449415460769166,1480710.1584081876,226457.8015576464,390618.37907017337,23611.779356301427,14
2024-01-27 22:00:00,65.56117497245906,65.61595922256646,65.26526769671909,65.55688817800728,2629.657090711212,19500000,-0.0003809000244585,7846091.556344084,65.55688817800728,65.43158406218868,1.087366042785036,1454.9336800045446,889.5149046598754,1278359319.471142,838532964.2870524,1.0313532825629297,881935.7932342683,155501.8333495103,456907.5396778211,24213.646528718484,18
2024-01-27 23:00:00,63.191243465973024,63.58006773211641,62.818865238435265,63.332894554775294,4896.3157169855085,19500000,0.0002468878431617,8108610.939006762,63.332894554775294,63.30141799480934,0.747621414633563,3094.5206286513685,2840.983792730085,1234991443.8181183,893638323.7020289,0.9816773228062357,1402474.3375768254,179034.37021785628,503985.0923432724,30809.691786566116,12
2024-01-28 00:00:00,63.498943839790755,63.71157300597833,63.16046868551418,63.54781848096727,5500.425476267937,19500000,-0.0004847115706753,8057480.576878946,63.54781848096727,63.58348228681602,0.9048762651248196,3371.4859782136705,2125.8911051157597,1239182460.378862,670931291.8325945,1.0070887659579002,1473438.2490675517,180167.504872812,349708.7689303432,25411.43119894081,14
2024-01-28 01:00:00,63.14320693896717,63.25051287824359,62.625903881068794,63.059794193889374,2135.433059176843,19500000,-3.403922184166105e-05,7767994.532171369,63.059794193889374,63.07834236628498,0.9797361808260392,1438.4541531187474,961.6954799675588,1229665986.7808428,865175495.5545318,0.9718327377885012,1754227.6038554655,168413.59487373175,531293.3306920858,20881.878858586908,12
2024-01-28 02:00:00,65.35643999416556,66.06418604239433,65.04809764306617,65.44040562591432,2133.898934903934,19500000,0.0001486275425676,7771091.990135009,65.44040562591432,65.30598908123721,1.238640890022178,1475.075069647249,1278.1206851426575,1276087909.7053294,693346128.2889645,1.0111340380812934,876458.5917222633,117698.33127700294,467366.2380936941,17120.358035278903,20
2024-01-28 03:00:00,65.24953326398938,65.37704363333373,64.75378972389468,65.2193651306105,3603.5669733601226,19500000,0.0002246997909799,7739963.517698059,65.2193651306105,65.2393964705424,1.0686936271582446,2228.285089526758,1693.650542893777,1271777620.0469048,782871743.2477726,1.076540468608633,1601455.652233415,87509.98711884048,391958.2993320058,19115.73782497549,5
2024-01-28 04:00:00,67.39799927753864,68.08536277264427,66.72583179048225,67.43837300049093,6398.161947388504,19500000,5.74845713368504e-05,7213229.818561748,67.43837300049093,67.46983696711138,0.7892298817768948,2706.1241871992715,2709.2935669362005,1315048273.5095732,918469105.474165,1.003814966838551,504627.8303377284,131770.68479463685,455101.6658694689,23821.643349759262,16
2024-01-28 05:00:00,66.06127366936032,66.5638934978477,65.74149085893036,65.97259142316129,5286.941303633251,19500000,-9.727015714259169e-06,9367151.618717713,65.97259142316129,66.06388178809534,0.907106565266236,2757.32753801069,3060.809753495666,1286465532.751645,858001602.3989646,0.9862045684706092,1792619.2097699451,256283.26171932448,430254.90009794064,17821.819115863065,11
2024-01-28 06:00:00,66.8221333053545,67.25042687679692,66.75054056177822,66.75869544546313,1594.114827224169,19500000,0.0003533712579149,7749220.4406352965,66.75869544546313,66.72162894029209,1.1938821049615385,928.7961962733408,584.6405394234527,1301794561.186531,922791265.1211382,0.9930351629597338,1056735.9176591286,258811.0080521428,517112.0132336493,29253.752253818817,16
2024-01-28 07:00:00,67.10024780874458,67.64747333872693,67.01595309186956,67.1932343347269,2612.236460978042,19500000,0.0001855617779097,8272576.455047109,67.1932343347269,67.04930180925372,0.7865059642874282,1507.4133098105526,924.3404522908456,1310268069.5271742,909934473.3909576,0.9559291012828596,1065772.9645599064,152442.19574467195,411641.4498071066,25059.70714433124,14
2024-01-28 08:00:00,66.01977098553758,66.26095962894001,65.65434218823671,66.04204719965433,1871.8793827223387,19500000,-9.410498658543794e-05,7678462.215881577,66.04204719965433,65.98282262333635,0.9843941987419202,850.6440176347509,862.2050722121804,1287819920.3932593,686284616.8365959,1.0434688985849336,472469.0301472823,128092.62888771515,462970.260431388,31040.814864082928,21
2024-01-28 09:00:00,66.42176914197694,66.85113741686732,66.05521763476388,66.28340341259624,2607.7517719309767,19500000,0.0001113168690046,7666118.537752769,66.28340341259624,66.21731454839632,0.9981775721367404,1499.1532541213908,1116.614590772991,1292526366.5456269,966655913.4948045,1.0093864932278984,913680.0427224836,174473.87656729083,390746.25979235466,18185.034120343884,14
2024-01-28 10:00:00,67.97067494839892,68.09757084127017,67.27883056345736,67.91724080515048,6648.888640922157,19500000,0.0002149507067968,7604620.555656837,67.91724080515048,67.97406776348647,0.9257448595136176,3357.0514834103096,3584.388095207418,1324386195.7004344,968258124.7675946,0.9685330628110644,1835621.8065522548,181633.3364145023,366748.4362753779,17165.89251246399,13
2024-01-28 11:00:00,67.29703966240888,68.11840531457712,66.87478701828908,67.48558927774083,1463.6662183674198,19500000,0.0006154711724354,6967133.379828965,67.48558927774083,67.30899726708834,1.7145494874231615,734.2892193356488,457.5464689970526,1315968990.9159462,762014984.5807563,0.9695104512961374,899884.1616104838,189128.10710962463,457854.42278189433,30971.328483949583,14
2024-01-28 12:00:00,65.33221199829929,65.5293802629591,64.90714385344144,65.2466582231749,1326.855788186436,19500000,0.0003358971004874,7786113.544221099,65.2466582231749,65.2239291282847,0.92076881274207,862.7244219861686,643.9466621456104,1272309835.3519104,590558949.980589,1.0004584713744649,1419886.0583681948,86529.68638900813,369773.6965663945,22902.1526429566,12
2024-01-28 13:00:00,65.08876775340796,65.39672547598032,64.56933367584456,65.23026663359826,1969.870184333167,19500000,0.0004643670567861,7634144.717195571,65.23026663359826,65.32979467916805,1.0941228935959637,1037.2941384458793,1010.9447515665432,1271990199.3551662,688209027.8598661,1.0279598618001546,1082219.012556383,358412.21658522415,519237.1832774985,20728.08579518299,10
2024-01-28 14:00:00,64.25092719670734,64.70785588842513,63.904249631261095,64.06992797539391,3441.4745310999624,19500000,-8.318221888988898e-05,8661721.44634109,64.06992797539391,64.07679707016572,0.8579064448773036,1921.0957355553787,2035.8903929474457,1249363595.5201812,875611177.5928568,0.9654703027378908,1632739.3372909103,216018.3565343963,498045.3949823143,27162.650049623644,11
2024-01-28 15:00:00,63.769460213306274,64.18807401739424,63.11744037608202,63.63911472618709,4065.847186864733,19500000,-5.725487187650077e-05,7166773.2182021495,63.63911472618709,63.70251944635536,1.1113212229103588,2312.9053863257545,1397.5494253524805,1240962737.160648,912431659.2622015,1.0334022802560152,1152336.8332378662,154899.85248262345,379639.3904834556,26861.10938164231,10
2024-01-28 16:00:00,63.57854942583449,63.865478731691645,63.539764709900155,63.54170978826921,3709.766506734547,19500000,2.938600215610298e-05,7530939.105290034,63.54170978826921,63.44374128600667,1.1902430373886304,2110.4825818816976,1386.9814056040318,1239063340.8712497,866726772.4383138,0.9972509934412928,735258.5381597938,135995.9782323239,461739.4668237371,15112.40001689161,9
2024-01-28 17:00:00,61.436118369322266,61.824668786689216,61.03621885512631,61.416804891586516,5366.025062658785,19500000,5.692820600855081e-05,7339834.436798417,61.416804891586516,61.32455749470472,0.889057996801525,2489.4946403695203,3110.8616438297663,1197627695.3859372,681477669.3580878,0.9720926984497872,1091738.9537008929,208319.12204086795,379291.3870505695,33369.36481411551,17
2024-01-28 18:00:00,59.44503917342224,59.56475180130685,58.889372418806694,59.46990142874499,1234.5443120590012,19500000,-0.0002024074873408,8851562.12673329,59.46990142874499,59.561321086185124,0.98911926507885,715.8332467696741,603.9250698812234,1159663077.8605273,541517372.4085509,0.9859692872028106,2025219.8952265524,184213.12489353985,320981.07334752526,19474.82562623531,15
2024-01-28 19:00:00,60.13354211165309,60.53843827293433,59.57892256369979,60.05204860503478,5400.075798318327,19500000,0.000479780087967,7356901.467471275,60.05204860503478,60.06413199995932,0.8360591172546247,2702.128174988853,1681.6630377428355,1171014947.7981782,708785900.6268997,1.052456616313891,1302453.1889742082,166547.67304407767,392603.3000862305,36680.6781443543,19
2024-01-28 20:00:00,59.38938208311829,59.59428862533934,58.88241401115175,59.43345533866884,2550.264453364087,19500000,0.0003650054913276,8249689.068716671,59.43345533866884,59.445536636396696,0.795423372216762,1521.24827340784,824.2536338993735,1158952379.1040423,652391391.8268504,0.95835359990364,1018787.3021402527,182514.27322712887,437983.5511255236,14763.828026696448,10
2024-01-28 21:00:00,56.49394311842891,56.64807891989912,56.24318935705037,56.467339110889455,4297.321303546565,19500000,8.296641609547857e-06,8523307.257559005,56.467339110889455,56.40984672987801,1.2304243212259496,1906.761340191927,2301.7835272204206,1101113112.6623445,536122853.103209,0.9780432113216156,2631329.024524944,158232.39708094913,491040.4297236029,24226.91937397273,9
2024-01-28 22:00:00,57.4664691714536,57.55966825377036,56.893593193313805,57.36642964846358,1538.075573874924,19500000,0.0002925131947041,7795149.571855117,57.36642964846358,57.37794777939209,0.8951175852433517,1073.9377036642272,723.268271624298,1118645378.1450396,538914127.1750755,1.0285775075390475,1697026.8436811795,179955.62405122438,455839.46956771455,20833.418597301017,14
2024-01-28 23:00:00,57.620731982632726,57.87728179204795,57.30333874525015,57.68554821954593,2988.355002215574,19500000,0.0001668697489011,7064248.516180751,57.68554821954593,57.62521273751281,0.6171010663210272,1887.483830468749,1403.4051555124393,1124868190.2811456,557834582.3358651,1.006493711303609,1479767.660904693,195163.063803536,530478.6138378887,12178.526988793214,17
2024-01-29 00:00:00,56.803391646907,57.06187571111706,56.45203981387239,56.87348169995001,3354.7595755216757,19500000,0.0003159483942794,7071405.194720481,56.87348169995001,56.94667050287606,1.423432532770468,1761.8373027731575,1891.9491802778248,1109032893.1490252,567544369.1087594,0.9762627754522584,1211826.2381617269,177340.9125206592,363584.4107773936,26835.00291977079,17
2024-01-29 01:00:00,55.26838188014715,55.65233773297399,55.23582032541705,55.40071929361033,5312.806569401892,19500000,-0.0003032921370576,8448362.609776633,55.40071929361033,55.5573831489776,0.8517867604737043,2605.429855652711,1978.113953791944,1080314026.2254014,730439121.0461111,1.0289437970909447,1429466.15632781,175033.11692621632,410306.7470234589,12367.395481148686,14
2024-01-29 02:00:00,56.220278561668955,56.447506602358104,56.10696563607174,56.34022382721841,1349.3424634891408,19500000,5.630167804076956e-05,7130233.636014859,56.34022382721841,56.37312319688382,0.9519196883277666,696.7203112978203,469.745639916254,1098634364.6307588,620191229.0211117,1.0303688719950754,1448146.3404317412,230548.1546086299,614689.9912030182,20181.06246061813,21
2024-01-29 03:00:00,56.53343622238089,56.85044017126464,56.221957105928524,56.740925908175605,3027.1482214276525,19500000,8.25884416282614e-05,8138074.89210564,56.740925908175605,56.71057255495328,1.388440675291844,1865.8205906329645,1465.5689412220645,1106448055.2094243,642936428.1646302,1.0099417200555425,445777.81898259546,109176.72954130014,300674.6281347164,30677.434885975643,16
2024-01-29 04:00:00,59.603028506795326,59.92592110209606,59.48115917080475,59.51615529969685,1732.6067657692374,19500000,0.0002870926298834,7959287.232597635,59.51615529969685,59.371313312552736,0.9720496273918828,1033.7119026771386,978.4496985106211,1160565028.3440888,730592398.0534165,0.9816281023724944,1250028.0718594908,133322.9194651546,404177.3876082152,18788.2923372529,10
2024-01-29 05:00:00,60.24158326681058,60.31922105585725,59.579375972232164,60.0244251557219,3838.158687449544,19500000,-8.853128035463997e-05,8128383.905288826,60.0244251557219,59.92931860806662,0.967860493438395,2343.686217278316,1456.8698260896465,1170476290.536577,863858372.0668428,0.9862508614049692,1000869.5575297195,163839.10718289082,357075.0313214211,16795.72644142998,17
2024-01-29 06:00:00,60.670175254759755,61.08813027683137,59.989501649439006,60.49771696076364,4396.694414930123,19500000,-0.0006499792172247,8190036.119458378,60.49771696076364,60.59783232342629,0.7822079845432843,2931.2751052277954,2217.6412630594878,1179705480.734891,798590671.2289128,1.008540281958952,873961.4727353086,135609.2821077429,425457.4913348749,28004.12055948222,18
2024-01-29 07:00:00,60.105995828382305,60.87132849460975,59.55280286589645,60.30210847482708,5673.63407219311,19500000,-0.0002245099153048,7319176.785592853,60.30210847482708,60.24607624750021,0.7211077267244588,3046.109271769385,1961.4530817696043,1175891115.259128,756937319.5687034,0.9606421281635986,987100.532006039,147412.76638064094,405595.04005081375,20437.864959815663,14
2024-01-29 08:00:00,61.39026342324415,61.65227437966279,61.23900873494589,61.30139421929861,2281.264726691154,19500000,8.16856042867278e-05,7294708.841365015,61.30139421929861,61.284791663448,0.9672703438824344,1370.7123845946844,802.030191209301,1195377187.2763228,804667723.3777031,1.0398335464339934,572840.5052798239,224568.3615769253,499034.7879418655,19506.091718619307,16
2024-01-29 09:00:00,62.25534944337081,62.816335704925564,61.495417272385595,62.07878417702346,4739.150801534496,19500000,0.0001191652676509,8351036.760972451,62.07878417702346,62.12567389518266,1.0752594215250753,2523.372154203373,2703.462874453829,1210536291.4519575,805960241.4485883,1.0510062726602751,518584.38481599174,156804.84042989183,465610.2230504996,32289.51175946804,15
2024-01-29 10:00:00,63.60071761331127,63.721464873082894,63.55771080320887,63.658877634643524,5886.699680649833,19500000,0.0006051244367874,7499557.0183110265,63.658877634643524,63.75960442736364,1.0630106112190931,3481.567398067398,1974.3372535479152,1241348113.8755488,815658536.7157681,0.992921354504792,1757324.5148198379,103021.93884969232,340740.50549443805,15518.93824663876,9
2024-01-29 11:00:00,63.01767275572591,63.04474365276913,62.706210792952845,63.00488938743241,1310.7785007592763,19500000,0.0002748239321974,6329236.6980406325,63.00488938743241,62.99861492448005,0.9082349157157888,711.0279847987182,402.8070320389057,1228595343.0549319,735832946.9577705,1.0106831347729242,1284095.5922654078,146409.76332533726,393315.5855859884,19189.486374187087,14
2024-01-29 12:00:00,62.21401601504173,62.9154636083605,61.691262110501796,62.46486153784437,4048.78639665957,19500000,0.0001244590837694,8306945.293531438,62.46486153784437,62.445830564015516,1.004059778533798,2562.8780974076094,2155.906422357535,1218064799.987965,755266102.5829238,1.0355740612854798,406564.2412329615,165136.60072090293,442403.0353099996,28564.903797880062,15
2024-01-29 13:00:00,61.90837379339565,62.37950987344541,61.83185972427132,61.87536499789225,4813.865251031349,19500000,9.028261696556872e-05,7259352.375436063,61.87536499789225,61.88598411167267,0.6925034914934239,1933.1425578200508,1967.681210953133,1206569617.458899,710002802.4966602,1.0586668251570306,847586.5736520543,164377.7452826609,512920.5181698698,15220.763483745704,14
2024-01-29 14:00:00,62.73432645860224,63.3980686331702,62.72288931775642,62.86805432028819,2619.2330026240247,19500000,0.0004312550146509,8187121.686380925,62.86805432028819,62.834882757370266,1.0964014458155222,1217.1923773792605,1097.452251997473,1225927059.2456198,696924269.3031976,1.046709440064721,1518028.1406458337,187027.20384002596,719701.0935418638,37519.05243688768,15
2024-01-29 15:00:00,64.81291139319289,64.84973658474995,64.77088097840439,64.7870438678669,1627.195420973137,19500000,-7.703313564723142e-05,8816432.161678603,64.7870438678669,64.75634652235773,1.0328078579892486,795.5867522701897,878.6159866435704,1263347355.4234047,671128548.1564393,0.9479338745992362,954264.6586201404,183248.26352022705,509181.1661227183,20639.164816913464,16
2024-01-29 16:00:00,64.0011813939184,64.70043209472982,63.673962400563816,64.2016449854396,4776.569442908574,19500000,5.791486367782036e-05,7897391.538886259,64.2016449854396,64.23450853102062,1.4839866946512594,3265.3505301792457,1690.8135739927504,1251932077.216072,696780275.0205309,0.9905333893501744,1756272.21817352,157203.03656603364,361313.0427153658,28634.23229436565,12
2024-01-29 17:00:00,63.7340200110476,63.974003282357515,63.1481957445956,63.664897984085215,1636.3862545691725,19500000,-0.0002267774360414,8540783.855536385,63.664897984085215,63.683061039463865,1.0014970487461652,903.471537826794,810.1716967950615,1241465510.6896617,718260901.8700404,1.0150206475444965,1624324.834738396,120781.69969777936,434187.15329487366,28616.265342171857,17
2024-01-29 18:00:00,64.20376360297684,64.39851777958299,63.99083204722727,64.07247747234402,2726.637060178663,19500000,0.0005256718146085,7984445.510460472,64.07247747234402,64.21546195307566,0.8281724524071667,1388.6914257560754,1074.4545063009718,1249413310.7107084,779401291.9815989,0.985173481092942,620336.6525607529,145759.77765740256,458719.98068310186,21042.79757936383,18
2024-01-29 19:00:00,63.66481692151925,63.875023548492415,63.585484031394074,63.76469537212695,2921.749825527906,19500000,0.0002177496811004,8954765.68793673,63.76469537212695,63.79905490277133,0.989906656346181,1523.0895861870815,967.918854669266,1243411559.7564754,746000344.1793998,1.053483002351211,1007892.8696363012,139288.95409794757,398762.71747677634,19078.100135741293,18
2024-01-29 20:00:00,64.84918296914951,65.6443561502763,64.48048497885293,64.99697602869033,4263.17312005208,19500000,-0.0001122569888011,7244357.968903116,64.99697602869033,65.07829670588819,0.9365428899614152,2283.1282321518743,2158.22633884901,1267441032.5594616,611394144.8736228,1.048881255184079,892218.4774591458,151558.05764917677,486042.6038031404,21744.380415103773,7
2024-01-29 21:00:00,61.87299588316538,62.18051168514516,61.728030175720576,62.14095052560371,2179.137031375354,19500000,6.566349690450762e-05,7881626.7662779195,62.14095052560371,62.080593941490704,1.0908329445825151,1438.991214565224,862.0649542639433,1211748535.2492723,668875614.5692754,0.975522095762238,612317.834216823,193453.43835007647,280891.7330176761,27277.167454328483,18
2024-01-29 22:00:00,61.09549490741317,61.63359959703474,60.64936721204452,61.12806559538606,2116.9002587329064,19500000,0.0002528952289618,8323180.486688142,61.12806559538606,61.166280251218474,1.0053929019701262,1457.9108164070342,1185.424413390716,1191997279.1100283,670925252.8971449,0.9951279994028284,596594.1535737074,180056.44920291993,494167.5576893513,16384.19692002896,18
2024-01-29 23:00:00,60.11497074951745,60.569856764946955,59.54409771368793,60.18497718484862,3132.096098346589,19500000,2.4784326183317388e-05,7767579.388698632,60.18497718484862,60.14748306671685,0.7772530233783813,2046.0398716863947,1803.181221803804,1173607055.104548,777019164.8250417,0.9775133759143108,773200.3375553242,199985.75708822487,402207.1428109367,15352.32831667162,19
2024-01-30 00:00:00,57.28328050393022,57.88391685415336,56.8444714388735,57.4615283959408,4930.497815973833,19500000,-6.034118651378024e-05,8648354.253663823,57.4615283959408,57.48999789769859,0.7209765563872426,3217.135176540552,2735.023702132148,1120499803.720846,616126566.2285336,0.9941461466768148,825985.0206869179,147853.79592281935,432812.0956940185,34381.0498983489,17
2024-01-30 01:00:00,56.4213995350575,56.82296029484799,55.87585929240072,56.37032590518855,9355.54973109137,19500000,-9.62821057952994e-05,7618872.251516106,56.37032590518855,56.414774730065275,1.0539886067510122,4300.788622771293,3711.398260538412,1099221355.1511767,497273170.53451306,0.9932370295199984,1195403.080438821,237302.3136025893,593115.5927912035,17668.58492920615,12
2024-01-30 02:00:00,55.3036779491229,55.82866628472626,55.016327749174906,55.35349281372077,1402.8475302567915,19500000,0.0002016885697723,9306761.840124404,55.35349281372077,55.361788577700196,1.318669018011637,674.2133229244678,520.4210641624217,1079393109.867555,513036610.4799824,1.0286277374424058,1620730.4014108886,192568.96497277872,343759.156561584,24495.021323784826,16
2024-01-30 03:00:00,55.01819114000989,55.23815354842592,54.56026411432028,55.13681645221563,3490.0488383436,19500000,-7.416283763205517e-06,9346176.449298821,55.13681645221563,55.27506241030649,1.0159961673037476,2020.0917603981743,1981.7900049754087,1075167920.8182046,644132591.0778888,0.973346060087985,1310815.5565360042,167386.1454483611,467214.5512755388,20730.031756320524,12
2024-01-30 04:00:00,56.32098638705775,56.3839888280409,56.21797350970311,56.38352388001099,1731.481166646838,19500000,-3.612732042882384e-05,8066803.306037448,56.38352388001099,56.46967676381068,1.176635942544301,1033.419338890535,754.7251016155258,1099478715.6602144,556939460.5306296,0.9214975118513272,1441004.470727885,189252.3608696409,518546.1532980549,21007.615979169044,12
2024-01-30 05:00:00,56.23369261462604,56.570267285365595,56.07511103009734,56.11346339855817,4961.213373737313,19500000,-0.0003008185265166,8243290.674037208,56.11346339855817,56.18513405779286,1.224535796859042,2286.18473239566,2541.738346613547,1094212536.2718844,654762254.2651772,0.9518637075329556,959391.9264372545,137456.1032933301,457744.8865584713,33830.46193967705,20
2024-01-30 06:00:00,55.04024506009095,55.23500972234083,54.61335004806661,54.97395340518642,1864.4618279723288,19500000,0.0001232921729581,8675693.268072823,54.97395340518642,55.02146663405452,1.0548075879019057,1163.208950582007,1022.0033720903014,1071992091.4011354,667059526.4454217,0.969150951618798,1358514.19935904,96067.989718442,320347.4730343216,21470.801979592183,18
2024-01-30 07:00:00,54.90257889624068,54.984840257812515,54.874055631876345,54.91686014230902,2127.442623080153,19500000,4.563296836242755e-05,7172223.596018763,54.91686014230902,55.01919006773096,0.849677598294993,978.6003448951632,815.461514551952,1070878772.7750257,781775098.418311,0.9803292523300878,1005858.6257934943,139850.02924298056,579591.7906220551,19790.39823695037,15
2024-01-30 08:00:00,56.15643758000839,56.260966473269136,55.58642414066802,56.08699010591805,2220.2266638062147,19500000,3.505495407410612e-06,7100970.907629573,56.08699010591805,56.012003522158984,1.03983455317139,1063.273640649305,745.3949846693325,1093696307.065402,707264940.853387,1.0056152320184564,894583.144195179,196194.97993350343,424101.9654773637,20314.400730472316,18
2024-01-30 09:00:00,54.88061449198706,55.190823927999325,54.50108532650968,55.00833415763608,2869.5213867262764,19500000,0.0001596312032466,8720748.195937283,55.00833415763608,55.089211982696845,1.2730487032954023,1411.9154619676383,1398.7432328267707,1072662516.0739037,492686998.12547565,0.9676061828341342,2279672.7523093806,166051.62449458198,398113.2653095074,18938.695221689904,14
2024-01-30 10:00:00,54.02451604223581,54.06245928095749,53.5066301785661,54.02101871060174,3503.7839723507577,19500000,0.0003244006788207,8061588.336998616,54.02101871060174,53.9728727849475,1.1117975389030663,2290.764938693829,1671.5070416098454,1053409864.8567339,594354024.3295119,0.963666982292202,420210.77043974516,157281.32846319367,415776.6198721496,18015.230035549397,16
2024-01-30 11:00:00,54.649430114850496,54.680532855473814,54.461845953831734,54.63333269506073,3796.560092050722,19500000,0.0003104696415821,7745183.01551045,54.63333269506073,54.60796430148543,1.1614265901043437,2352.44418888818,1446.7172714326427,1065349987.5536845,733000306.5831069,0.9721165774704368,504528.88026486867,131668.14490853663,409859.9200137523,18961.501033809694,14
2024-01-30 12:00:00,54.34612687061649,54.895535514712684,54.08191865910573,54.3972424915849,2972.373963748656,19500000,0.0002658185502699,7893829.573598092,54.3972424915849,54.43322041674663,0.9116407797630758,1662.1682571256124,1413.1022996469856,1060746228.5859054,560252995.6143765,0.9665303799652064,1243924.6541402095,99811.98482544869,348698.8955943324,36277.86424611582,24
2024-01-30 13:00:00,55.159759592136744,55.331914718360686,54.70300321235836,55.11176183993175,1533.111315030042,19500000,2.779891640928363e-05,6516309.614371885,55.11176183993175,55.18523795217357,0.9603372520934912,990.2746033495796,823.4450894360604,1074679355.878669,781820549.550899,0.9833651876711308,960019.755587397,232399.09393082652,457252.0809322704,27267.386903240065,15
2024-01-30 14:00:00,55.01622461504385,55.64346290176546,54.88265678308461,55.102231865390515,4289.361108848076,19500000,-7.009950078237257e-05,7767485.831908317,55.102231865390515,55.044177441543624,0.9765342430233124,2761.827286061252,1737.205381255406,1074493521.3751152,654047658.345708,0.982081378123148,600734.4934709064,154511.88756790065,392602.6844480727,19859.56502593816,10
2024-01-30 15:00:00,55.943520313420855,56.4830211666221,55.583715550268316,55.88653608665514,2903.060104751822,19500000,-0.0002131746923967,7425706.148059421,55.88653608665514,55.86348038246144,0.989784931356934,1500.7367144089171,1081.956902171735,1089787453.6897755,520628854.5615244,1.0206717045092144,700015.4609945003,146183.14092904475,505942.1706219774,29569.440468125747,18
2024-01-30 16:00:00,54.8073900965465,54.88552969541717,54.38592659329845,54.74696491094486,5328.725631297922,19500000,-7.794695220142459e-05,8487862.94363377,54.74696491094486,54.75777919238688,1.2631286049976491,3380.70972344501,2757.6174542943786,1067565815.7634248,557804379.3056058,0.9703141184479114,737439.819093517,137597.55469712976,490666.0823419861,13682.0749811617,14
2024-01-30 17:00:00,54.41984215381938,55.13055210055159,53.88717602908138,54.73920819793163,2092.533078284667,19500000,0.0001058950285409,8540281.635808237,54.73920819793163,54.73448059121937,0.6253556533894086,966.4841780850444,1121.0988805468808,1067414559.859667,770555640.145768,0.9892721011501068,1525200.8987532742,222711.0831998808,612395.6762184019,33279.72080125878,23
2024-01-30 18:00:00,54.64426238232592,54.97256778234635,54.108513415995255,54.51448457849053,1337.9082105100238,19500000,-0.0001358858364957,8259185.229310262,54.51448457849053,54.56649314458013,1.0061263507082316,737.1454872403074,784.3979653913542,1063032449.2805654,794550768.4725919,0.9836493196024968,1733522.8991673992,202873.45780650136,424078.2933629285,32485.422555720703,19
2024-01-30 19:00:00,52.885791064405005,53.57761500098167,52.823316629743815,53.210120858675516,2930.671916207856,19500000,0.0001288171417352,8140309.613289832,53.210120858675516,53.39826799446958,0.984226451135231,1276.2270820553117,1008.959262798754,1037597356.7441725,735557713.2217072,1.024266549281127,2056522.7055753053,127795.950468331,376754.8726531493,43083.70818170067,13
2024-01-30 20:00:00,51.51361817481569,51.626778892940884,51.26875671561292,51.57716630089692,5698.603046031568,19500000,-0.0001896370033735,6996456.338524211,51.57716630089692,51.60395139144406,0.7601038363265908,3009.0809250985726,3229.849849733448,1005754742.8674898,549346263.2450782,0.9953716217194688,565291.9444391307,217757.15245288695,329737.2924679289,29835.83395263597,8
2024-01-30 21:00:00,52.40188887803435,52.50069792090876,51.98675283692824,52.29464844805751,3230.75478443002,19500000,-0.0003982975667021,8268416.122359388,52.29464844805751,52.26143107362835,1.1437970156219956,1796.6541738706962,1710.7804287730553,1019745644.7371215,694085492.0111849,1.0315209017019755,617758.367188012,156957.82148416716,686024.5390066451,25113.739433823408,14
2024-01-30 22:00:00,51.90111217768224,51.97386973318602,51.825013135825785,51.934068158512346,2697.7276874599083,19500000,0.0003458218362594,8294091.211573097,51.934068158512346,51.871928613316705,0.86510876645466,1143.7704650499174,1377.3787508731875,1012714329.0909907,523237383.7879621,0.9654288947198556,601060.8711992195,139715.6343886005,505054.4879174198,32446.313672900025,16
2024-01-30 23:00:00,50.73889156975981,51.195546955703364,50.51971678048999,50.88811444992137,1929.1340282302249,19500000,-4.232437860975334e-05,8712919.600903874,50.88811444992137,50.87665170298653,0.9310833020043978,1039.386217457174,759.9169310887049,992318231.7734667,561013747.2054645,0.9985190017469554,1787350.4463816134,151236.01416705124,385199.25150240376,18256.14784656026,18
2024-01-31 00:00:00,50.68428690338781,51.29654341617884,50.54034058061385,50.79540052763143,7178.769247416833,19500000,-0.0001511100959671,9343195.351105664,50.79540052763143,50.75271969812731,1.4473819627596587,4274.965434941623,2201.4261968747333,990510310.2888129,652895305.4450902,0.982723269489102,1261222.2685704837,133809.93644993164,620717.2963268432,19562.603783384227,14
2024-01-31 01:00:00,52.06629925460193,52.41617673492356,51.89784176698658,51.95958406369905,1781.4781188815068,19500000,-0.0002281541423892,6888040.655897344,51.95958406369905,51.98907371482554,1.2238415583365256,1040.7866735306989,805.700465514837,1013211889.2421314,750456057.0682855,0.963218617063432,1102159.2497065335,116982.62802216022,580260.5331652651,21606.004787610083,12
2024-01-31 02:00:00,49.456872023130636,50.00054499336539,49.203632099392856,49.6476684628959,2074.1420373536225,19500000,0.0002269107924191,7645470.472389313,49.6476684628959,49.675075050053664,1.1217583256089931,863.4781200719832,800.0604942332941,968129535.0264701,563218537.8073547,0.9979746687704484,1170045.9259135304,197606.4570967527,337643.03249733505,33211.931048246355,15
2024-01-31 03:00:00,48.29722438814088,48.77275163494712,48.10859984513357,48.18841580291898,3964.0325152085697,19500000,0.0005124723134403,7432112.899876849,48.18841580291898,48.170915302472935,1.079130243864563,1698.9918905623922,1533.8677373474557,939674108.1569202,562630742.6884801,1.0519878327470569,1043395.4100477998,154017.85022677534,380524.1886589071,17038.597559761252,17
2024-01-31 04:00:00,47.30664240450828,47.632636222379126,47.02727898436377,47.3118563696994,1178.490492702223,19500000,-2.09221583018433e-05,7996405.262346332,47.3118563696994,47.41049946184882,0.967600479694782,595.6171957037924,681.3343474023693,922581199.2091383,476098543.284445,0.974412735912216,681632.0413529249,189909.39773994693,430858.5095007926,16504.38679191357,14
2024-01-31 05:00:00,48.60356420775544,48.73932697599777,48.52108545033467,48.71975061402039,5638.060107132058,19500000,3.533098760122549e-05,7895268.626952866,48.71975061402039,48.688791779098686,1.491638907031143,3680.557870019733,1950.152374514834,950035136.9733977,542438543.7296336,0.996176350544867,1310568.0108836403,174870.91161274584,357175.65865496965,23646.287940018414,18
2024-01-31 06:00:00,48.94363518053465,49.425620887807895,48.58948152094162,49.00078136887625,4072.842986678154,19500000,0.0004214895519667,7740489.725058631,49.00078136887625,48.9998292313664,1.174019729097408,2691.8511470503304,2363.3474345463555,955515236.6930867,448046428.46640074,0.9606330514122234,990778.8986848061,186677.0276626176,433949.7866465555,27316.853885331016,15
2024-01-31 07:00:00,49.66229871688141,49.94501691264551,49.565337238832726,49.76354008542999,4673.275683379206,19500000,-0.0004431337113074,8562565.663851805,49.76354008542999,49.80032343638366,0.8607854584403998,2303.382161931874,2108.310999118703,970389031.6658846,686623765.0074425,0.9562231668428798,660381.8293190924,97587.36417973266,510115.4692093305,17837.813326160922,16
2024-01-31 08:00:00,48.730753629842376,48.73288005549205,48.21046490626833,48.64647602291436,3940.482694075718,19500000,0.0006900605928738,7221613.370960674,48.64647602291436,48.69473599751755,0.7557682815710454,2426.0276238708766,2173.112302258848,948606282.4468298,433513428.47914547,0.9763824301197128,1342999.7099388656,131046.8193121494,336161.78577296034,26933.479581474592,10
2024-01-31 09:00:00,47.64379670133526,47.88546232169203,47.561638635155866,47.574107502616144,2750.225648437965,19500000,0.0008332300906979,7256530.3837414775,47.574107502616144,47.639644476145115,1.120043585749819,1576.4765842508696,1059.0466382987222,927695096.3010149,607693514.9339888,0.9865005096511246,900213.3113847392,187651.3856666271,469113.5408974511,33207.127068867136,12
2024-01-31 10:00:00,47.84184527310236,48.456740429649294,47.5921120908623,48.00690849558868,1751.8464849683644,19500000,-0.000711901258826,7266345.636807233,48.00690849558868,48.03227997769596,0.9888883693489902,1217.580042161554,858.7134516282057,936134715.6639793,497992317.9899983,0.9878325087720656,1169042.360259246,118337.0664156096,558885.3289718488,31575.55448796112,14
2024-01-31 11:00:00,48.028899563614885,48.191391992891745,47.875156767108905,48.06769905260086,2779.3219648128947,19500000,7.074903132497291e-05,7662707.006470754,48.06769905260086,48.12302077793816,0.7514221759844427,1190.6425572039277,1297.8780955220875,937320131.5257169,555674145.82276,0.9932192495476232,1015315.964269791,178664.7227067656,479281.8170000776,24489.208510984517,14
2024-01-31 12:00:00,48.519089930637435,48.84188688204874,48.40988484868411,48.60299675052147,1830.568483147811,19500000,-0.0001156841095608,7148512.593222091,48.60299675052147,48.57553079987271,1.0894982107589584,1033.1073590397164,1056.6953398890178,947758436.6351686,506546112.58894074,0.9505500207788988,1524616.697107747,114958.19907861836,435772.99324371386,21435.86376862006,15
2024-01-31 13:00:00,48.55103195791556,48.635402430238265,48.19737636831666,48.42575356797491,3801.221171606522,19500000,2.056846872857986e-05,7856221.803635438,48.42575356797491,48.47505495409883,0.9476164643473484,2196.1984654016173,1344.8322443267027,944302194.5755106,538272270.4999086,0.9812216136547908,1165624.1715432734,163425.2528828548,387077.282355647,37074.589348010246,12
2024-01-31 14:00:00,48.569258756758394,48.7288572341019,48.160296109378606,48.700760464268186,4462.1675078805065,19500000,-2.5515520884777015e-05,7783081.253933433,48.700760464268186,48.749691537941416,1.1119697420878103,2196.727613300432,1612.4977868940289,949664829.0532296,583125891.484822,1.0150527542021102,749545.2823463591,243408.7963789979,522389.3000387888,22128.49001765795,15
2024-01-31 15:00:00,49.016665328803896,49.05614577577353,48.41269684949555,48.85990038031965,6237.933992524023,19500000,0.0003435277295438,7405850.635865223,48.85990038031965,48.93870586257286,1.0923682469046716,2583.040974585541,3647.2533832711306,952768057.4162332,611932457.0236393,0.959252647813164,1214087.5570751815,197530.84509655187,349624.841650025,29205.326496498463,13
2024-01-31 16:00:00,49.62753312441908,49.99165962116339,49.47703831599841,49.63083801606658,3589.915057275774,19500000,6.622902790960278e-05,8457831.55800272,49.63083801606658,49.55299522339771,0.8854557415584849,1492.0812800757365,1182.479917354837,967801341.3132982,708513660.7438741,0.989345629154648,1230064.9996193913,102468.91498637448,464426.394187096,39635.65788638977,14
2024-01-31 17:00:00,50.326207595863295,50.87930032703691,50.24858263040435,50.44343151316534,4732.8729130424845,19500000,-0.0001732721642599,7849355.928904332,50.44343151316534,50.40271442695494,1.134927705017473,2537.224145694965,2321.023313749122,983646914.5067242,540671629.1364162,1.008785312798142,1309603.8842251697,201207.67268120407,444676.8629106663,28298.962548308,20
2024-01-31 18:00:00,48.774109736246686,48.910253773783104,48.42286764409559,48.84026623917455,2569.399855567399,19500000,4.834445161146274e-05,8586603.983991448,48.84026623917455,48.88535268989474,0.9052166093917952,1561.532558601384,817.5039837945712,952385191.6639036,595676226.6256307,0.97653199233929,1615333.1582060081,256673.3533107288,554112.0520202275,16331.852648272175,18
2024-01-31 19:00:00,46.62352327754926,46.83303203382312,46.352174966311246,46.6983918991091,2346.9254490690864,19500000,0.0002544352710887,7764697.782148816,46.6983918991091,46.57924728075012,0.9170655055656232,1431.748290784626,758.2851407975176,910618642.0326276,656115888.0691371,1.0102457318848257,834267.161281018,327503.49394681724,393741.64418770623,15188.489733652925,12
2024-01-31 20:00:00,47.52672315994366,47.741117689390904,47.431186771454904,47.648189678718104,3777.568944769505,19500000,-0.0002551163983295,7871557.390424693,47.648189678718104,47.67639770117774,0.8990161490494746,1716.115403182432,1810.0018474089595,929139698.7350031,499012632.81144035,0.954366211618449,1394262.7630264675,183279.74656788504,400493.508801,20144.995494684525,19
2024-01-31 21:00:00,48.80773356173859,48.82084125778678,48.42746597016245,48.79847874873986,2457.165094129109,19500000,-0.0003938701066909,7539598.498327145,48.79847874873986,48.85507544032258,1.2538199928824771,1615.3197966360344,1143.5901614265483,951570335.6004274,675153421.2754074,1.0266534871879662,535403.0925743242,115716.09566596017,345112.94728627644,27251.11555461416,17
2024-01-31 22:00:00,47.69982967821291,48.08189651591209,47.452300744454,47.81726079445491,3410.427382084757,19500000,0.0006978228402505,7882363.537275575,47.81726079445491,47.79448183500676,0.9454308990246004,1750.0564723401228,1609.4074862897858,932436585.4918706,687454284.8207688,1.010974021992811,1017346.3273555931,181438.03954859424,482847.84143597935,25170.696511960003,19
2024-01-31 23:00:00,45.87497229851439,46.398392373919954,45.57522743174054,46.07589695603488,1753.5610855552063,19500000,-9.272800391253086e-05,8349235.918492685,46.07589695603488,46.06068315561381,1.315857620726627,1208.7478417392874,775.2416910470472,898479990.64268,632752836.799626,1.001669962105284,956310.6887409699,242560.97464423344,406458.3860518551,42707.2775721417,7
2024-02-01 00:00:00,46.1368059744167,46.47100384419724,45.97101842152666,46.171866717232035,1918.2836995443524,19500000,5.8794103924143176e-05,7631502.796664395,46.171866717232035,46.126888977471,1.428602900487577,835.3125900165866,1002.7018565359616,900351400.9860247,559080540.6685627,1.0337445407891752,1904709.7056666098,155317.6968104733,372348.3815497022,25097.33354797736,15
2024-02-01 01:00:00,46.874564940366724,47.226749428086514,46.66873986884248,47.04419276924576,4095.748037352996,19500000,-1.9338621747671777e-05,8220774.947044999,47.04419276924576,47.02436142528379,0.8626520744888723,2666.071522022488,2447.850686356101,917361759.0002922,611545146.14104,0.9901195282229016,1002660.8857161994,211245.7086057216,379510.1976233398,19965.631212986053,18
2024-02-01 02:00:00,48.69780064144944,49.0418531502311,48.6099780059102,48.771168169823994,4644.06359948267,19500000,0.0002644263112246,7390325.400496404,48.771168169823994,48.75202214539664,0.5575522472830546,3123.139485845616,1777.4427741792244,951037779.3115677,565220545.289018,0.9814643166261426,1361227.7293446583,131939.56426935983,492584.4018827473,15677.743420942894,19
2024-02-01 03:00:00,49.192708573435944,49.328688277126616,48.82055792735336,49.28231396139466,1821.0561528376168,19500000,0.0006318369769273,8380566.961086523,49.28231396139466,49.253590194716786,1.2323241122708366,1177.8639597369363,723.0173847219767,961005122.2471958,604642071.2216576,1.0411763285229174,527545.6243405946,178632.93077765417,354834.9036190181,31386.43943126028,15
2024-02-01 04:00:00,48.83693970282531,48.997672035635716,48.760260177122696,48.92218328754271,4168.481731182527,19500000,0.0002739801525187,7529277.270806883,48.92218328754271,48.89098667885067,0.9338920930705368,2678.8845486289238,1654.532354012128,953982574.1070828,708181541.9931463,1.0552229740670438,927268.9162365418,87343.60670709326,361192.67005462525,21986.44995026449,14
2024-02-01 05:00:00,48.25320579580444,48.70282657117157,47.68681074557631,48.06086974183696,2283.882588759482,19500000,-0.0003555095442619,8442900.521688472,48.06086974183696,48.052651103145195,0.840938051179642,1161.1099315021252,1208.1297737304642,937186959.9658206,492338205.16712165,0.9791968688164672,760824.6078618073,128337.16156593723,529279.6896970238,14018.849130599903,13
2024-02-01 06:00:00,48.082109773689766,48.44825876493168,47.69302988378387,48.076685611330454,3005.6603946534747,19500000,-0.0003152370281025,7925375.075740518,48.076685611330454,48.06788256271258,0.8889239246244875,1845.4842949624783,1215.5030409319638,937495369.4209439,644775693.4683489,0.9965877028867656,2873112.6029455005,162505.9406905737,427956.0938478318,22174.05478187226,10
2024-02-01 07:00:00,47.818025960083645,48.25926158046916,47.437736426770556,47.794571155785654,6053.986186686649,19500000,-1.9689432598074937e-05,8907270.221453167,47.794571155785654,47.88892394334447,0.9203854178020384,3473.8013070556863,3045.282913755253,931994137.5378203,560939260.2316538,1.0313512762978436,817481.3585802296,148621.9061594992,535571.1450047086,16338.483689729968,12
2024-02-01 08:00:00,46.672334401318324,47.26810444952174,46.6632693327255,46.83874292759713,4463.746063433177,19500000,1.9530040140020035e-05,7191257.882492772,46.83874292759713,46.824963665305546,1.2962022179650643,2353.9285409539616,1936.2224672337036,913355487.0881438,459474416.1520046,0.9976556499456768,1099112.6280607868,117576.63661045498,411732.3729061876,19386.04481743053,13
2024-02-01 09:00:00,48.73887817685108,49.119629707325664,48.605756113098195,48.80270852124012,4437.897441306399,19500000,-0.0004165853808639,7008315.562759588,48.80270852124012,48.824384254780576,1.0324991760761206,3097.3573329769843,2140.5816653705742,951652816.1641823,611970444.478484,1.0178376552621395,1122795.8218694918,143642.94495739773,442313.7806303557,22067.420028372544,16
2024-02-01 10:00:00,50.603446894642666,51.07316764599564,50.34477312956423,50.58166616313917,7741.843985491664,19500000,0.0003458022760523,7507437.108918403,50.58166616313917,50.557544628129975,1.292682770639329,3771.334128015508,4247.9854989964215,986342490.1812139,678335419.0650672,1.0234121079246514,565186.3422285162,176736.24556001188,456461.5987217125,16788.452628142248,17
2024-02-01 11:00:00,51.64322396107047,51.964902484384226,51.33566564378219,51.749261189691914,2096.574978185681,19500000,-0.0002258961673644,7059841.830025768,51.749261189691914,51.72392497001053,1.1038941049838962,1098.4862170660415,952.30126794924,1009110593.1989925,626281023.6063819,0.9831308627333036,864829.725293439,159283.8489655741,583883.7906691952,19028.873248464108,15
2024-02-01 12:00:00,50.902275409532955,50.90411616041286,50.34294133596564,50.80999806688544,1820.856934705508,19500000,0.0005479904686377,7060901.480880104,50.80999806688544,50.728480002964666,0.9400275037946748,1221.537008155959,805.8238057960333,990794962.3042663,694774993.1841859,1.0125782399020078,1254953.0085265187,165253.24467491687,574453.5759397143,17619.544533747063,15
2024-02-01 13:00:00,51.56717070015219,51.723853057232716,51.373481327344614,51.691509103189134,2077.538097868622,19500000,0.0006461897791617,8288886.024093174,51.691509103189134,51.61545196139628,0.9248983488515616,1011.142952274036,789.6563899413752,1007984427.5121881,564229952.0350295,0.999814219164702,1104596.8574499707,195436.7742581139,557182.1067847844,17761.93993408826,14
2024-02-01 14:00:00,52.33226831948791,52.41958791021647,51.874348768449025,52.36225787439322,2624.772417827318,19500000,2.5523940210346813e-05,7884172.114757744,52.36225787439322,52.304292945007525,1.1188728002278476,1170.1349423053348,1193.6713603255869,1021064028.5506679,739383595.0056033,0.9634939421981872,425294.731134362,149374.122147928,390130.3628667032,16278.391701796094,17
2024-02-01 15:00:00,52.77112594290958,52.88342987539163,52.68488246743928,52.833051736139325,918.484191096715,19500000,0.0002316917921254,7589889.595706488,52.833051736139325,52.84804030568759,1.1783146158763014,452.8126372332944,347.85171459418285,1030244508.8547168,663988495.8819389,0.970310420607148,850777.1489011588,228614.9601695365,363172.819279504,19056.63531903141,17
2024-02-01 16:00:00,54.19338577832141,54.383985211786474,53.97443808089579,54.17558144379093,2687.282883537754,19500000,-0.0002695841666252,7646396.687516535,54.17558144379093,54.23930133544484,1.220619524888305,1687.0587353588985,1486.2583975278137,1056423838.153923,729933724.17726,0.980427492268109,1605636.3985563482,127093.99800908093,515121.612534232,16841.3165971329,18
2024-02-01 17:00:00,54.80360089827288,55.258707860153166,54.77494847372076,54.87389326595468,2270.4075551017886,19500000,0.0002871028979437,7518844.808508189,54.87389326595468,54.78133941673035,0.9490368011276448,1493.8287340144927,945.98621387869,1070040918.6861163,569149989.5460607,1.0278555955240782,1350507.8330476377,263550.5945646022,582655.8256311167,26264.54565632399,15
2024-02-01 18:00:00,55.66747549926353,56.138024596161976,55.254150455080485,55.69765177708197,4411.102264018378,19500000,-4.9457727030311006e-05,8999968.315620242,55.69765177708197,55.67263925377929,1.0356623474672924,1915.889468809317,1494.1827693322784,1086104209.6530986,634109445.6248509,1.0288407448694,1737426.2719526521,214971.2672805588,558250.8802053833,23394.120663017457,13
2024-02-01 19:00:00,56.390671256948366,56.7502973900612,56.30571715576484,56.417314908442755,3555.353197080891,19500000,-0.0002261705964765,7436133.826503755,56.417314908442755,56.34584033633876,1.1239037114711918,2085.2637293298912,1322.556754406842,1100137640.7146337,795273244.3130116,1.0224973875496486,719594.5061299283,148895.58312566788,443569.53327118215,31521.167003124425,11
2024-02-01 20:00:00,56.725400229331804,56.892028353661956,56.579604596785714,56.80883966205064,2207.5789275651214,19500000,1.3199503524104756e-05,7095216.407605756,56.80883966205064,56.79950727094985,0.926081527840358,1258.730756628422,1016.3129130638026,1107772373.4099874,515411773.4671375,1.0132033210979683,1781691.7557754898,151398.441187076,511734.7528668415,38793.61759596693,16
2024-02-01 21:00:00,54.87673215071922,55.287156109681,54.398532686047346,54.823543021581095,4003.7248635678334,19500000,-3.972440252160887e-05,8405410.224072343,54.823543021581095,54.888002871002804,0.7969303400092155,2404.794642194823,2301.686391861665,1069059088.9208314,610640686.8071331,1.012384789214693,1048571.8590426728,171387.76466329876,513537.0874729873,26989.34680036368,8
2024-02-01 22:00:00,54.946984575291914,55.14193753107328,54.627128918078526,54.92079961496194,4279.6714855265855,19500000,2.452179098873708e-06,7751846.5038697645,54.92079961496194,54.90174855609328,0.8510756888108765,2573.4388392183223,1669.7927881872629,1070955592.4917579,732636005.8518169,1.008326813486645,2017946.7292606777,189031.2704491503,455790.5023583223,25206.977179755384,8
2024-02-01 23:00:00,54.309059663311224,54.325744265850076,54.301471210785664,54.31868644952575,2029.8701512820337,19500000,0.0003849039708449,9284008.635155462,54.31868644952575,54.32153725865676,0.9529364244585627,1396.226374218846,769.9619446181957,1059214385.7657521,713004239.6487192,1.012227911662649,1068775.1755390991,213979.836758094,459766.8191032034,27504.39754749985,17
2024-02-02 00:00:00,52.90565297186936,53.09981472923794,52.90447042220249,52.951239576555096,2329.683900439043,19500000,-0.0001355922777907,7561692.738328868,52.951239576555096,53.03359084796872,1.1416121474461605,1174.0646155467152,983.0519406484116,1032549171.7428244,728449861.8487277,1.014260877509926,470575.59015037376,116407.49334181489,451187.85755678057,25335.87476147624,17
2024-02-02 01:00:00,54.85534529435497,55.03669736987406,54.48841579686076,54.768094896249856,979.770544956906,19500000,0.0006205068999321,8439054.344149867,54.768094896249856,54.798650067354615,1.2863329541571158,480.0190580634979,578.3843632613066,1067977850.4768723,717485782.8026663,0.9578673350281786,1499142.610880946,181563.48579389957,377898.4143374357,22360.6904060445,12
2024-02-02 02:00:00,56.67402208966773,56.85626537357812,56.50119153444185,56.700766054239914,1727.91371179843,19500000,-0.0002975178898476,8600043.916926673,56.700766054239914,56.66333834034893,0.7624567893990661,992.45762702402,956.5141130346024,1105664938.0576782,811699196.8597142,0.9762925856216728,893852.9991837724,95881.79760730675,385690.1139771121,21833.532566477625,14
2024-02-02 03:00:00,58.23336955763229,58.74218103947769,58.12836812693119,58.26911151456337,2056.5091146703157,19500000,0.0005846290819535,7564639.230737125,58.26911151456337,58.28419827822656,0.887391514057406,1087.5345384977234,709.2907860688348,1136247674.5339856,681155331.8645418,0.9691323512655388,918236.4771721577,155698.21268621308,384501.0995832283,16211.870677929905,11
2024-02-02 04:00:00,58.58541411920081,59.03062014623243,58.213748771581926,58.57315006953797,3093.5763278940667,19500000,-0.000204953186572,7431723.984165358,58.57315006953797,58.530535232110154,0.9309287833582324,1677.1090317770884,1497.6806904103842,1142176426.3559904,727894132.3204325,1.0332143502296205,596875.3096212837,234094.02408100208,321307.1006605176,28329.97941732445,12
2024-02-02 05:00:00,60.38714997836759,60.807174026150456,60.045459051188054,60.18293883323455,1858.0979952624,19500000,9.96960302390153e-05,8368719.164853348,60.18293883323455,60.21426297037085,1.1722716018051598,781.8562309295114,998.8377852048026,1173567307.2480738,826557217.5852964,1.0496230031075084,2042289.174366812,114187.57180397867,455236.3371873176,21820.63928420639,11
2024-02-02 06:00:00,60.04208035888966,60.28715442322312,59.68650686618473,60.20346854450573,2306.0099288420683,19500000,-4.705883404340591e-05,8258003.711039286,60.20346854450573,60.24051415611563,0.8997645985129606,1024.958351115272,1223.114820448567,1173967636.6178617,775414176.2897373,0.9349285623876348,866538.320703485,109118.59022396928,438837.877994776,34025.165524117714,12
2024-02-02 07:00:00,60.54727366771258,61.03639507580303,60.224909351486914,60.45419151560783,1615.3947922826887,19500000,-3.11860146135638e-06,7045173.097849352,60.45419151560783,60.37758640039304,0.9176433541166074,1099.4578573342333,721.5219761681894,1178856734.5543528,566578605.6546822,1.04694443835615,2004121.5466070143,171991.2315072363,515242.4405053291,28985.203976909277,15
2024-02-02 08:00:00,58.92838877505518,59.55292542038182,58.818342237884,59.15235985866237,3247.227873243233,19500000,0.0003404071709066,7206019.169337189,59.15235985866237,59.16863559601448,0.7539731547181874,1365.4185209075315,1687.0953441954605,1153471017.2439163,646057889.2095892,1.002601641205946,898250.9986472636,230235.34204370895,569288.9794018011,18255.369105728954,22
2024-02-02 09:00:00,59.655763379663746,59.7719952888855,59.5474997973335,59.629851447366406,3688.0653247062273,19500000,0.0005499480391686,6438381.077434001,59.629851447366406,59.62880355660266,1.1015094464322377,2128.174778950572,1752.111260159114,1162782103.223645,716014753.6625503,1.030381594574761,736455.4325205934,176548.13942258648,576573.9433329719,32016.52049622241,14
2024-02-02 10:00:00,59.89597123862121,60.28415339270188,59.566457072623294,59.707881520908245,3645.2589126964135,19500000,0.0004571574114866,8271554.597632262,59.707881520908245,59.7463738425578,0.9682356173998288,2283.2899700262515,1313.8734095569143,1164303689.6577108,787552786.6361989,1.0151940146375469,1809414.284220437,101097.99022992943,587536.1715270996,10216.684651619042,13
2024-02-02 11:00:00,58.23507566683779,58.51664903683425,58.16086015273824,58.17821594095778,2999.4390473583303,19500000,-2.1456899702554312e-05,7723327.9130290365,58.17821594095778,58.23240005080794,0.8773853328497448,1210.4507980767914,950.2705577490198,1134475210.8486767,695513024.5556905,1.0432118516079976,1036508.2618957245,106853.9146273607,380249.8419759886,39303.45562917559,19
2024-02-02 12:00:00,58.14432244532062,58.39977956195003,57.945390237452706,58.12448745484648,1379.482215727498,19500000,0.0001552765667213,7785161.030138827,58.12448745484648,58.15805141711723,0.9494212933520764,643.9760188891019,566.7601359221816,1133427505.3695064,774431086.5053529,1.0062922730007249,1040563.8404044262,166780.95908638777,332238.4272120996,14742.155896381408,13
2024-02-02 13:00:00,57.972625616065805,58.10275367271831,57.44973880030018,58.03767998990764,2186.425216858014,19500000,-0.0001346233621005,6888655.9649774125,58.03767998990764,58.025887119088104,1.2528226184205602,1121.9020257894945,696.5550637869399,1131734759.8031988,793666169.8075293,0.9590963662356125,639250.5191450125,121199.0355619525,532931.7870092002,25553.604289152103,11
2024-02-02 14:00:00,60.17191832143245,60.483791946950504,59.66796673543883,60.16818221419998,2431.7019055459014,19500000,-0.0001974650937724,7223526.9811477745,60.16818221419998,60.23035580318273,0.8179309315812997,1342.4094477585977,1017.6770257729522,1173279553.1768994,621296672.4815531,0.9968297534868036,888822.4177705827,168412.49451182582,583282.3699647028,25039.875417050724,13
2024-02-02 15:00:00,61.229168886692335,61.32126992666321,61.001394078225616,61.260051648873095,2436.584015029017,19500000,-0.0002438902717186,7590935.28986888,61.260051648873095,61.2126937832685,0.8450732861444255,1224.331296454837,1336.8652021948624,1194571007.1530254,758348857.7846828,1.0154696813832045,1267022.7447942519,170928.18530845531,603920.8887465846,30856.881218733783,15
2024-02-02 16:00:00,61.18387431814616,61.38085874245972,60.83155700067143,61.28020393178545,3094.837281174507,19500000,-3.127199209523877e-05,7473814.231126358,61.28020393178545,61.20541009512854,1.2846039869569927,1840.4990423420857,1712.3370863794178,1194963976.6698165,737451839.136955,0.9935211669539692,634777.6657447233,143998.85430850828,487477.4158758744,19958.112031841498,19
2024-02-02 17:00:00,61.556329358604394,61.6736753935987,61.20708302424688,61.592037418114245,6080.065124598585,19500000,0.0001748816893044,7961507.843235191,61.592037418114245,61.401392404818985,1.0152703844139377,2844.9795445189634,1886.1710356189024,1201044729.653228,622375584.8220667,1.0197319516645802,860326.2903988474,256193.57075254252,296754.12426234374,11572.009169024102,13
2024-02-02 18:00:00,61.677150538041204,62.265617337619126,61.141750095734,61.65268907401272,4474.044580465523,19500000,-0.0004735445479254,8263671.444196984,61.65268907401272,61.65452996463132,1.143336588216623,1823.821370273589,1435.5448086079534,1202227436.943248,717685810.515817,0.9980290783407868,902138.6547075517,188643.9776035571,475975.6101341047,19966.54948564688,14
2024-02-02 19:00:00,61.314904566758656,61.584065772669334,61.170023516512835,61.40913283651034,1819.3618924978737,19500000,8.609388922577028e-05,9457050.320143348,61.40913283651034,61.364823295359784,1.0836666984695515,728.6022499961223,911.427763409976,1197478090.3119516,735934691.1836935,0.982134720426554,1096110.325380693,220333.52932715413,494394.061528442,20624.83702286785,12
2024-02-02 20:00:00,60.00309583783338,60.31348876761161,59.82525416888155,60.10001093030548,4184.746625693428,19500000,0.0005548075373648,7874188.730182263,60.10001093030548,60.12992597975823,0.9929580014350096,2107.6627181202048,1883.134343161175,1171950213.140957,814742088.2002655,0.9674206485006538,1929026.3266885772,204872.9765665159,568305.8404300754,11911.29507645294,12
2024-02-02 21:00:00,59.76168829812644,60.11771857046677,59.58133622788224,59.924712692505594,4105.780689016043,19500000,0.0004365733207222,8622919.672778206,59.924712692505594,59.81257992853514,0.9327110520191482,2087.784716666585,1415.7040480892863,1168531897.503859,687443590.4806949,0.9882455385239995,946684.1865233972,156761.6236029178,588849.3979170541,22328.328390851115,15
2024-02-02 22:00:00,59.08919994135704,59.61996894288249,59.01892984557754,59.04306073846222,1992.1430812946835,19500000,-7.555522295799972e-05,7380148.063820834,59.04306073846222,59.01075364204668,1.180941030931752,1363.7837713196493,1079.0620008112871,1151339684.4000134,546051392.498039,1.00613714949101,809766.9882340175,155032.21099235132,530686.4736170577,15950.485608135145,17
2024-02-02 23:00:00,57.65348882022754,57.97805830898069,57.40944687447286,57.590677747730965,4557.060016330545,19500000,-0.0003190618727848,6897753.771353093,57.590677747730965,57.62351997810884,1.2617092049055632,1884.0445248908468,1663.0938069266915,1123018216.0807538,669530868.5515276,0.9412182458723216,3201885.2476698454,151084.5647950059,393385.065011331,26761.65961797538,11
2024-02-03 00:00:00,58.21530890920478,58.750400683738334,57.67750549911485,58.18834903163266,2751.2528865764134,19500000,0.0002379490919394,7667628.620897646,58.18834903163266,58.13424340140668,1.2421424480460144,1538.0040626616303,889.8783747425349,1134672806.116837,795842807.5857347,0.9765977076785493,897553.4393046894,192967.21116650983,360114.2197123941,20458.95737977826,11
2024-02-03 01:00:00,58.764558096053754,58.940807641583504,58.11644802351878,58.65134100865271,1472.9511539648147,19500000,-0.0005952284750622,6940499.777590935,58.65134100865271,58.681209599876574,0.7889168685597052,844.5076979922758,773.0815673802265,1143701149.6687279,710669172.6253905,0.940099238656768,988989.3250978121,138331.562001877,492274.72823960736,39669.12537133494,27
2024-02-03 02:00:00,56.608095727919206,56.67310145035048,56.5360978597775,56.59814943661094,3742.845246671341,19500000,0.0004330462347648,7896071.653842121,56.59814943661094,56.57228280347937,1.298204561820027,2282.321544987764,1805.6899980599887,1103663914.0139134,602224774.8808914,0.9814877543806588,925013.4285177947,250511.0312612816,377572.1585626079,20397.067162399355,13
2024-02-03 03:00:00,56.50936129972252,56.82367679478815,56.20644825853947,56.46509143288044,3322.526982862559,19500000,3.592376263502786e-05,7409442.449222305,56.46509143288044,56.46888541781223,0.9309152371146708,1965.6746763016051,1389.9220876474765,1101069282.9411685,799697023.7155285,1.0359194420286166,955504.2025617843,135067.8703042243,594233.382712123,25062.234234985805,13
2024-02-03 04:00:00,57.64157609148332,57.84074905953017,57.38688800556672,57.60657002760932,2660.212232925613,19500000,0.0006493900961732,6745325.94528111,57.60657002760932,57.646615695986235,0.8598426191162193,1070.5807274025217,1350.903286289608,1123328115.5383818,557951924.964152,0.9644165085481348,1101082.1496475444,171719.69875800892,314609.7347942813,20662.55797766925,18
2024-02-03 05:00:00,58.83506390887621,59.317726198466225,58.54714911279887,58.84583740707404,2925.6543893790176,19500000,-0.0004180896456729,9061852.189489227,58.84583740707404,58.90779012951894,0.9667014792047568,1724.8409084531738,1677.6117904931125,1147493829.437944,628899250.0122423,1.0210947923758398,1542662.9546940217,153695.6760897041,495527.09950063215,13534.80159748556,15
2024-02-03 06:00:00,60.007864474828864,60.59992320625021,59.67498913461632,60.07163914945297,2080.6950188418564,19500000,0.0003754438675623,7554826.166320816,60.07163914945297,60.08320248412484,1.1808395718519114,1033.515301617119,645.5454771714801,1171396963.414333,680746108.298416,1.0854647538193696,1254562.1317837178,145408.4083357048,471609.6902077167,20714.435398561705,9
2024-02-03 07:00:00,60.3906703791427,60.676060690413735,60.11224062850006,60.12442109068087,4044.306028168829,19500000,6.984734895574047e-05,6918382.359206848,60.12442109068087,60.08149163504851,1.114151174821404,2555.43799107658,1974.8501285150423,1172426211.2682772,787159180.8129349,1.0436061439377204,1642188.4101682147,280151.7537788001,424491.247647446,27612.505097905003,12
2024-02-03 08:00:00,59.06927352298714,59.697008484772475,58.57176714583643,59.122714660632084,2916.894152385053,19500000,6.848405583758689e-07,8474361.122578308,59.122714660632084,59.1015464311342,0.950205233581524,1331.5902289533133,1065.9795195874176,1152892935.8823256,807859792.9954779,1.0040054014117363,1620610.602350491,145835.77147342917,367683.1148130357,26386.21362866948,11
2024-02-03 09:00:00,57.783806602964795,58.18084121980509,57.22118643795976,57.86086312116194,3239.662452312588,19500000,-0.0003109530395636,7440234.553935878,57.86086312116194,57.90350399455191,1.182384513219893,1991.944348578392,1432.7126251254865,1128286830.8626578,527550978.1351472,1.0257530336738945,1160223.1596961592,150816.58441742102,292917.04923731554,20171.372568876788,11
2024-02-03 10:00:00,58.31742641699293,58.47542021805464,57.88613124734188,58.26684964673658,3563.758274992756,19500000,0.0002787243720135,8605528.160557026,58.26684964673658,58.21317110270129,1.0283670091921502,2094.237561418226,1522.4173594474903,1136203568.1113634,781265783.2349378,0.9589095159268962,1240750.3423948819,137856.2287460321,397803.8258135355,14228.085821518303,13
2024-02-03 11:00:00,58.74596663450243,59.033220027597466,58.3285969534789,58.71639067002157,1673.5580248246033,19500000,0.000302841215433,7437389.968742189,58.71639067002157,58.711806881234956,0.891727850663322,996.9172036277636,697.8634882342541,1144969618.0654206,762731271.4538896,0.9527975603976834,1663104.761846875,164433.27666443848,399202.2117073623,26724.541414339183,11
2024-02-03 12:00:00,60.084505749589106,60.27627465669144,59.76727166155413,60.25379379004452,1906.1837564916057,19500000,0.0006355383405897,7552810.2171376785,60.25379379004452,60.236568188534,0.8679622495306494,863.0900895322114,680.7112388197216,1174948978.905868,844078284.1119685,1.0008609432723818,684345.4480896709,158684.5277660983,552576.5925245769,24980.37949803042,12
2024-02-03 13:00:00,61.738515248282454,62.234893627207846,61.39428774341231,61.600200836370966,987.3531434199195,19500000,0.0004024150788581,8107406.772204509,61.600200836370966,61.59999374984336,1.0855067936752376,593.1545734811154,533.9556243704014,1201203916.3092337,865026456.4370073,1.0119583169040522,2899319.355118099,123030.3949601164,378294.7271865026,28368.176671966063,20
2024-02-03 14:00:00,61.432078559772485,61.50597927909998,61.34055838578589,61.44365387754248,3953.557673027907,19500000,-7.816859868672051e-05,8270120.452092306,61.44365387754248,61.38778423653839,0.9836318902817188,2455.5290619138045,1636.2042580922566,1198151250.6120784,818646028.9229966,1.0328321285274773,869495.1450686713,146372.13591030877,484345.6688929971,20287.62435477841,17
2024-02-03 15:00:00,59.806365750506615,60.12460558866192,59.457058691559176,59.93954315515479,1626.0271512053523,19500000,-0.0002011587750852,8386893.774309264,59.93954315515479,59.834532411049935,0.7594953870111998,889.1491723374938,920.589707980781,1168821091.5255182,592663363.8961332,0.9829371357579606,927563.1085891386,189552.5617384592,341653.3957113181,13288.942296970004,22
2024-02-03 16:00:00,59.705793217052076,60.04331994562862,59.53740634984696,59.56417532622726,3185.246168421555,19500000,-0.0003105474300567,7830389.335419803,59.56417532622726,59.60114934823674,1.184632143080088,1599.3430136481013,1294.4855777655164,1161501418.8614316,632044298.5839977,1.0058018645308493,657330.1558153558,210395.99244622816,487014.72552084434,25851.607273364887,11
2024-02-03 17:00:00,59.9043726108544,59.93011659025191,59.33620908744392,59.82950489151178,3588.516311921416,19500000,0.0005419673036918,8227488.969454644,59.82950489151178,59.8931713477186,0.908414046721284,1614.7119628186358,1980.5524039921945,1166675345.3844795,852718237.8363248,1.0047733466965891,665199.1564600584,163734.28071259888,282790.02201877715,21966.13373226328,18
2024-02-03 18:00:00,59.443422610726486,59.641409423659006,59.19321829039218,59.59414119876632,4028.6089410925656,19500000,-0.0001334522852833,8371573.100736596,59.59414119876632,59.49329748541616,1.374959023519517,1961.8848456445337,1866.6152617190376,1162085753.3759432,731477189.9621878,0.996058176832706,1575866.2971037827,165173.00152098457,672703.0214875678,33439.90184777154,13
2024-02-03 19:00:00,59.124621724346554,59.53619788754654,58.670862159319704,58.9152155042979,1632.701923239856,19500000,0.0005440689606913,8014377.0057736095,58.9152155042979,58.942842390124476,0.7553319201296707,1027.2119802163566,678.693895753578,1148846702.333809,702667063.9652363,0.99782575371598,2646581.5721005136,148709.6806271708,430105.7960101388,22217.15261258073,13
2024-02-03 20:00:00,59.29789505398668,59.340457359302654,59.026117120432794,59.21986726856363,2885.401077460449,19500000,0.0002575216122586,7797310.560922874,59.21986726856363,59.289935203735205,0.9645035950438297,1508.546018499836,1475.044916408512,1154787411.7369907,836889255.5331073,0.9743588649208133,850692.5292660653,143542.95028350817,252988.6373700313,21728.06307397088,16
2024-02-03 21:00:00,58.630646287888936,58.911564393942975,58.06230783812818,58.63184192196803,6871.517236485122,19500000,0.0001989708644781,7025651.334378301,58.63184192196803,58.672644468453555,0.8693621154507714,4197.218740992952,3683.108414582482,1143320917.4783766,814341267.6046448,1.008391222251549,1226443.030339825,129327.95480708827,383252.8008602411,24963.657384079408,15
2024-02-03 22:00:00,58.08991074789162,58.28665873905274,57.80445817327234,57.90574513814716,7024.486110473055,19500000,7.939506231910523e-06,8274061.127884477,57.90574513814716,57.887408115487894,0.8227651281117997,4369.422814069263,3124.542258722824,1129162030.1938696,754561223.618328,1.0058514994058525,1165625.8600598476,110286.5917762405,371337.8423059983,18414.99724659853,25
2024-02-03 23:00:00,58.29196174191392,58.42491370314106,58.18522389007243,58.273396096205225,4883.715328644162,19500000,0.0002982018739006,7913462.470773841,58.273396096205225,58.22424269814503,0.907231029181044,2941.2227687590434,2088.4042787577614,1136331223.8760018,812108302.9101118,0.986799647021319,1592474.9022709788,136542.10826229563,388029.3940616357,18150.607018204777,21
2024-02-04 00:00:00,57.80929883265073,57.92168382784391,57.71360623226039,57.81254594078996,3528.9179366499798,19500000,9.535877114895936e-05,7630109.948584294,57.81254594078996,57.82300874431665,1.4249169364446552,2124.625721967305,1669.974629447649,1127344645.8454041,545804466.2458106,1.019973227980707,2592641.6790789454,204028.14251879125,411297.3539600234,21388.9865235046,12
2024-02-04 01:00:00,58.02456322135202,58.54484362419791,57.6424555257353,58.101291800786186,1803.4320187702865,19500000,-1.076398744064312e-05,8735654.179204056,58.101291800786186,58.12149856197421,1.029089091758344,1051.83812941087,857.6203175337885,1132975190.1153305,767322391.4256746,1.0308349476529688,1961247.775052158,146370.41318080292,387502.1086099824,16711.929881318014,17
2024-02-04 02:00:00,58.49346288650721,59.05005286610703,57.84595357936853,58.42547311211321,4269.751093893971,19500000,0.0003088014359944,7035472.361364262,58.42547311211321,58.436913258591396,0.8535581500722214,2371.9602807710557,1825.9324323656012,1139296725.6862078,842728742.7249513,1.020321288879264,970181.4249193415,149267.507726669,375764.38284716895,20563.46754704191,17
2024-02-04 03:00:00,57.16924906469533,57.2493887706538,56.980315702956666,57.114806891809785,2754.494955726803,19500000,5.680836723366085e-05,8995409.832730921,57.114806891809785,57.11023001788528,0.6936930675599225,1265.263502133545,1452.4420597615494,1113738734.390291,517546635.6706271,0.9687267003981784,1318768.8047962522,148542.84291169437,350902.40298157785,39413.68646737351,18
2024-02-04 04:00:00,56.5750420912767,57.11798214496654,56.06104269980145,56.5733810809801,3945.2363297647057,19500000,-0.0001395004336216,7872767.568259808,56.5733810809801,56.51778915052143,0.7087357646657758,2575.612094185729,1656.669572168752,1103180931.079112,570249331.9302622,1.0029893730058597,1372199.1344715322,222165.2862440134,521444.3752729051,30115.34489521972,19
2024-02-04 05:00:00,58.137616143058864,58.57594527916293,57.97563511735541,58.22961734925254,2172.3792458872863,19500000,0.0002799480326381,8089710.760388693,58.22961734925254,58.26005328844838,0.8982627769468678,1497.3759411143335,946.9390333159638,1135477538.3104246,781424873.7452509,0.9726570531140964,1058820.201652026,129043.4382608696,562545.4011995677,24158.978787350126,13
2024-02-04 06:00:00,56.91234915331639,57.27753316359532,56.52892449877804,56.89756376899059,2734.033973704733,19500000,8.080430331143044e-05,7641454.726307408,56.89756376899059,56.9300439989893,0.8809648102310675,1476.2285745447216,1316.6983691362625,1109502493.4953163,672374209.7741857,1.002896642388995,688539.2668479421,174427.30343514055,420451.845818106,35084.09519057132,14
2024-02-04 07:00:00,54.53702495097369,54.93186603205221,54.5149380274529,54.54463925015268,3235.936581039857,19500000,0.0002466730035273,6902099.843260871,54.54463925015268,54.56104748446444,0.9561790035541688,2200.3450611193275,1928.7951128268928,1063620465.3779771,506267925.790325,0.9727738990894026,775444.4237353129,159992.69974918704,440855.6030091462,17197.704087345774,14
2024-02-04 08:00:00,52.41600695295272,52.92622949511639,52.15620493117628,52.556171563093464,3371.5877193861047,19500000,-3.615795750625592e-05,7799212.2229756415,52.556171563093464,52.56726058130257,0.6348054150211697,2358.082925975112,1275.154142968733,1024845345.4803227,543565067.1555339,1.0383149001206435,1689533.7170414326,165542.24636561217,353180.24969635933,46496.48330955398,18
2024-02-04 09:00:00,52.437226338737354,53.02319292559587,52.093988003974246,52.592037559660575,3815.631104741812,19500000,-0.0002627363914042,8100867.186173383,52.592037559660575,52.68561191554814,0.9818307684730428,2082.7957160149613,1410.203226874854,1025544732.4133813,561196414.2926193,1.0234999440705952,1760705.7478082266,173007.04613924865,448742.3358115424,19184.33318033769,20
2024-02-04 10:00:00,52.689318241838656,52.944054578146776,52.34756619980333,52.629830388897716,2231.4402494155997,19500000,0.0006205221887542,8325220.809097408,52.629830388897716,52.602232422406075,1.2281954214217243,1377.4828205260872,787.8460846565318,1026281692.5835055,560676999.7430358,1.0345896791602718,982322.6872501184,165097.45833128205,463236.384487265,40180.688300699614,13
2024-02-04 11:00:00,52.23817221418397,52.79150418740748,52.11393135624314,52.511429966255676,1522.878806081056,19500000,0.000563983423229,7762844.8201064,52.511429966255676,52.583971098628695,1.38343321899873,903.2759209368648,771.8456364078353,1023972884.3419857,730401726.9884818,1.031551662705865,1184847.0340226113,198442.66015519245,423420.1714149755,40127.65050033781,18
2024-02-04 12:00:00,53.82970179555217,54.004016905311694,53.36180220709239,53.80759650204817,6716.970543890519,19500000,0.0003651354883785,6617967.748063546,53.80759650204817,53.773481169235865,0.6846214442688274,3164.8984516097944,2920.0577984547467,1049248131.7899392,680553814.1233991,0.99188200865279,1723051.8534382065,161568.69189230725,478884.6319735728,13017.254920842426,17
2024-02-04 13:00:00,50.96307464525842,51.06554429447224,50.46866325087517,51.01185044814628,10348.812776314991,19500000,-1.634320561228195e-05,6971696.642284775,51.01185044814628,51.07352125397312,0.8519064557955082,4285.721061672276,4311.1281100297965,994731083.7388524,666942505.913608,0.9872317076941772,539821.8909547664,251725.4021492861,470589.6474479123,34205.01818842621,23
2024-02-04 14:00:00,51.557089160954774,51.899758296790154,51.186412120525134,51.422542427658534,3728.310107175547,19500000,9.904608051678268e-06,9293851.879506467,51.422542427658534,51.4911075770742,0.8429507270661162,1998.3987995082516,1346.766693567604,1002739577.3393415,455314989.3616727,1.0522517148610049,892838.6041115008,164574.72226439152,358316.5606105748,20228.084870075967,13
2024-02-04 15:00:00,53.00668221986426,53.076881256507264,52.6696025157905,53.059048126781335,1537.639846526824,19500000,0.0005146982337689,7226744.402984928,53.059048126781335,53.048805013689105,1.029573136238692,978.1872700251954,872.3669173174368,1034651438.472236,598290919.9606535,0.9950464104948276,2392502.94676259,106311.9822818936,561636.1519463902,18575.69830716156,9
2024-02-04 16:00:00,51.94928182199424,52.09247225148173,51.47077947254819,51.880852615350726,2025.1568667023216,19500000,-6.149011270223956e-06,8840606.475101504,51.880852615350726,51.97221288001954,0.7835232887951508,1007.5973551056236,876.7955346360737,1011676625.9993391,551713991.9019996,0.95936258072584,1203115.7015702804,190913.8559908644,424416.5783690561,25780.957991161013,13
2024-02-04 17:00:00,51.452524108431604,51.541923157563566,51.328271891295955,51.49340099560673,3845.1149771612177,19500000,-8.976681090418924e-05,7318933.234961963,51.49340099560673,51.52270258870384,1.3999725786423227,2442.923113522019,1854.5296892034,1004121319.4143312,708485531.4184455,1.0302240020099749,679434.1833709022,179516.82252384737,618538.2551412715,16278.905418716024,8
2024-02-04 18:00:00,50.74044353904413,50.837219344619086,50.29037670610162,50.7289029009774,5828.749753549451,19500000,0.0006616704026909,7772524.776351133,50.7289029009774,50.68947272278318,1.0087424886082748,3476.5024441293835,1945.396951586715,989213606.5690594,728220375.1213278,1.0043132700479116,1118629.6851764957,164084.4081002795,481222.0658362385,25606.43910489541,11
2024-02-04 19:00:00,49.90800907868277,50.22678696067996,49.69493230237813,49.83456921648005,1625.4738995318469,19500000,8.569669551583831e-05,8291311.706433484,49.83456921648005,49.8209067407008,0.9756715675487634,989.3648538401144,540.2939758883251,971774099.7213609,560715846.7694188,1.0451783237193697,1606030.7468440817,152528.56532493234,656177.5101575073,16610.024129420817,19
2024-02-04 20:00:00,49.469589362780944,49.826589318412736,49.085789050131986,49.51539662228838,2801.285196415843,19500000,0.0006305275985541,7385923.5646093795,49.51539662228838,49.57643733681625,1.375122401950042,1360.6465947530255,896.9893430671705,965550234.1346233,716359276.6285298,1.0072890903394254,385419.99179008784,95927.23683111956,559642.7058738144,23228.233611828007,16
2024-02-04 21:00:00,51.0560728255204,51.27104692853492,50.89739526405862,50.95451488413035,3287.77404340337,19500000,-0.000319517573207,8958194.807206739,50.95451488413035,51.00664464970955,0.9967956202022776,1778.7324927056643,1348.65748587884,993613040.2405416,451406115.8238526,0.9993999553795986,1145344.9411626908,100036.35855445598,462979.4398117043,32879.635841448435,15
2024-02-04 22:00:00,52.762026137606654,52.914765279262014,52.60986746977388,52.86709397571157,4593.002486270318,19500000,0.0002554554648353,7934733.690673094,52.86709397571157,52.81644516377931,1.0833528049367052,2087.570796092303,2029.4915477585068,1030908332.5263754,564644803.9961224,1.0457836242632408,919638.7966033502,245703.2547148868,382842.3737555672,24734.52650163377,14
2024-02-04 23:00:00,52.54927658215215,52.777011440147305,52.23808523513015,52.518333531829015,2510.405198594528,19500000,0.0007213247797649,8183006.215617586,52.518333531829015,52.51627180321383,0.8605705713560625,1189.86719130687,937.3186369303564,1024107503.8706658,698932227.0322185,0.9538460096488904,553436.7937301142,140592.98295093203,384495.1696023149,19772.79978149072,13
2024-02-05 00:00:00,54.66409536579297,54.85692015894353,54.27699522714079,54.56341062568489,1363.8851777693685,19500000,0.0001089252233976,7719757.586076134,54.56341062568489,54.57997187482845,0.7602557318609384,582.3176137064526,552.2415435104376,1063986507.2008553,593736272.6624196,0.9824391308619098,1102921.3425788286,207192.81391488208,492183.4820734303,25911.012056468324,9
2024-02-05 01:00:00,54.67979468703834,55.073740272623944,54.143307435732424,54.60770841724607,4066.747340671255,19500000,2.079865231966115e-05,8313570.223441194,54.60770841724607,54.58545006469629,0.8850843513105245,1781.3655601453845,1227.6615952169795,1064850314.1362983,773388749.4045206,0.9733791108443438,1010655.803677128,109015.09977795788,455260.5706491019,14444.311199349457,10
2024-02-05 02:00:00,56.77944838643484,57.10821650058094,55.99921401073653,56.562649984878625,5231.2104955687655,19500000,-0.0002503255752795,8948580.734899163,56.562649984878625,56.70166965036482,1.5486679398397734,2422.8562949328298,2120.348447975191,1102971674.7051334,568625430.120192,0.9341476066428016,1057127.6041445455,125277.35849069252,393247.6137195454,17125.806634081055,14
2024-02-05 03:00:00,56.3766381012004,56.740402062510434,56.31619623062459,56.46285002054659,2860.364287995006,19500000,0.0004247029163305,7804407.579593233,56.46285002054659,56.481689626447775,1.1349676969114644,1642.0500802657195,960.3713154893574,1101025575.4006586,758276333.8153739,1.026195292840498,928567.0155217579,192848.509870017,522621.0912307171,19359.121482828712,16
2024-02-05 04:00:00,56.4605377393302,56.89241670951848,56.30731054017645,56.61670350784353,3650.502271185111,19500000,-0.0001310384247922,9057277.214422487,56.61670350784353,56.61886557570879,1.0564423265506409,1943.39356666828,1235.751030322173,1104025718.4029489,563616915.5149841,0.9832774475805118,709394.4945657571,158637.14099691005,445857.3184685367,27890.88114865484,12
2024-02-05 05:00:00,56.92433306529993,57.58891648684981,56.72077266907701,57.0377623645581,2351.372279162734,19500000,7.155743218300345e-05,7510213.234243018,57.0377623645581,57.11138961966854,0.8226086744851178,1128.851162683056,708.5903376157585,1112236366.108883,566274541.9613856,1.0271610412493972,596468.0448136252,186170.23815466237,523243.3666719779,24878.011652273763,15
2024-02-05 06:00:00,60.86818553598711,61.32852810605151,60.496767310414576,60.78789171355037,1952.98373501574,19500000,-0.0002703506839377,8383950.358376563,60.78789171355037,60.77176994191363,1.1999143271417891,1285.7150748495335,993.9010961765842,1185363888.4142325,691926307.5998088,1.0116725947370382,809705.6821691003,162201.04422329593,363998.84977667255,25862.51588725081,18
2024-02-05 07:00:00,61.89947396615532,62.20710169979945,61.53246957766525,61.83789295593601,4980.137799775927,19500000,0.0005670683800292,8201529.574226825,61.83789295593601,61.90637394597781,0.7622058199372251,2776.647480345557,2885.417797571174,1205838912.6407523,884461350.1510469,1.0182142739988305,1505149.7110712267,154520.49326233284,540307.8418465555,21846.26472975816,21
2024-02-05 08:00:00,60.98790299796515,61.280170820258185,60.45336406523129,60.97543270982621,3618.257820456068,19500000,0.0004464655932177,7240606.384121202,60.97543270982621,60.879839548632326,0.7309492186792175,2449.317549818365,1760.1509720337417,1189020937.8416111,743894884.3882715,0.9863380155747806,1171657.7670884165,137308.98674388297,489039.7795246056,17388.60014136305,9
2024-02-05 09:00:00,62.03523673554765,62.19133951493103,61.557218447877126,62.17487616648469,3809.23743464384,19500000,9.052457523606072e-05,8022870.69449001,62.17487616648469,62.15288776995359,0.8942432719267894,2249.3146650560134,1252.708167641155,1212410085.2464511,776560624.2232964,0.9770725556804486,1038235.0369635468,120752.6280922982,562144.3423903622,34421.44605606048,22
2024-02-05 10:00:00,61.82741700054945,62.41014613305099,61.7210977737843,61.7327353691847,6317.365658116502,19500000,-0.000246244680676,7891457.1302454695,61.7327353691847,61.80367062924295,1.4783079879674128,2556.8670692870155,3770.802930984784,1203788339.699102,545219576.154145,1.0026928262565915,704183.8993907875,231116.0680566065,537931.2808068017,17866.128982228773,19
2024-02-05 11:00:00,60.987378280437625,61.33226194643187,60.70987243805244,61.13712814630285,1759.137362336562,19500000,0.0005607721147727,7366451.780157036,61.13712814630285,61.23923923837621,1.461668872794698,1185.7337102302004,1042.5977059700808,1192173998.8529055,556726851.9543256,1.0275750454992452,919087.0397650809,240825.35374970292,434959.9860980765,24977.025089937364,15
2024-02-05 12:00:00,62.408818516675886,62.56854707380009,61.879655135712746,62.264495694112675,2261.959757668405,19500000,-9.779518114144132e-06,8115953.708008609,62.264495694112675,62.22257327608935,0.913705119774638,1486.6481707632056,996.326230342859,1214157666.0351973,570751487.8283172,0.9984885398354876,1433407.6001693492,125533.0389300023,428019.95267263486,21298.003268786317,9
2024-02-05 13:00:00,62.665539759297204,63.29182475679398,62.02257897906336,62.309448932289605,3225.8981107611144,19500000,-0.0002315614522452,7979651.087273748,62.309448932289605,62.26023558138202,0.8738558890087424,1905.1553155213876,1072.1619655881786,1215034254.1796474,845533409.8959496,0.9789419103210312,1306177.6248885079,123497.99801306627,631975.6845137377,26079.32020940031,14
2024-02-05 14:00:00,62.70976860897439,63.16045723899149,62.58197479838292,62.66384213537623,2248.106040898793,19500000,-0.0004286354037417,7841142.632102095,62.66384213537623,62.705666893122775,0.7203108614674841,1259.9107147049308,1160.5213310489694,1221944921.6398363,636701288.9465917,0.9640294572580492,881889.931931465,149202.05116238707,417435.9115095764,18367.79070362984,17
2024-02-05 15:00:00,62.76074773839528,62.79047359667503,62.438473267923555,62.68764039215957,4409.727907845661,19500000,-9.378953956813244e-05,7843658.146782741,62.68764039215957,62.654852631442076,1.0157285569498469,2363.075386849439,2594.86232449876,1222408987.647112,670676470.1563879,1.0061248904597149,375547.86826439464,177213.19064983248,513850.0342811698,30206.220176560088,15
2024-02-05 16:00:00,63.055151377645394,63.15642788376677,62.79558125592664,63.11736739986538,2714.329904451164,19500000,-0.0003363914367589,7830220.751962623,63.11736739986538,63.106727205494906,1.0329332293067497,1478.366442692177,1448.3932579647303,1230788664.297375,779071788.6417893,0.983377973952144,814853.0174875133,155522.4616392743,409922.1741687895,33305.68475462533,13
2024-02-05 17:00:00,63.43198880667903,63.67870905066203,63.31291686376234,63.66247412410463,1814.8055323565372,19500000,-8.684625095684737e-05,7658189.160013821,63.66247412410463,63.7246344837266,1.1710622593031037,1144.7179753236762,884.2836978434091,1241418245.4200401,776117673.7670102,0.9978477823783078,879953.4385693138,184403.21342062493,304864.7101711387,29655.32325538009,17
2024-02-05 18:00:00,61.175683446133995,61.61677965835851,60.71300739990465,61.249515984654366,3080.6190240066817,19500000,0.0003233226201093,7975531.17141493,61.249515984654366,61.22231494098277,1.19978395449582,1706.485744273304,1488.7078208763642,1194365561.70076,684561190.9527605,0.9928366365325402,742560.5582761436,160763.20149236717,346117.01151526254,23093.06414108592,11
2024-02-05 19:00:00,61.942046724696,62.12216126959931,61.742964565228654,62.07773564843272,3245.96960891174,19500000,-1.2620049192569978e-05,7490820.8658363,62.07773564843272,61.96193424175711,0.9612849657483984,1469.7990902864865,1926.0786262882475,1210515845.144438,546293770.5777644,0.9866670707594636,904766.1288508247,158156.79836681733,479828.5717818041,19330.944370240715,17
2024-02-05 20:00:00,60.70031012426119,61.44470127942538,60.342793012293555,60.8764872355129,4756.850323425352,19500000,0.0002067080146341,9754573.800292721,60.8764872355129,60.80336943419997,1.117624638871472,1985.762723137026,1531.400419327536,1187091501.0925016,694306994.2052639,1.0088141068227854,1479658.8799593123,297529.80510974844,509011.7297288277,51360.95514022234,14
2024-02-05 21:00:00,59.35520574185867,59.91130854629806,58.84638372376351,59.151445581098635,3628.484879547764,19500000,-0.0001170003978596,7045892.787904434,59.151445581098635,59.157949612943696,0.8692471614903683,1588.7534504727198,1251.34399058331,1153453188.8314233,774733887.7564496,1.0166351225243233,1051558.071821004,142728.4548815168,480144.6452904235,16358.658967109412,16
2024-02-05 22:00:00,59.120538232811775,59.4433683361154,58.569835595336826,59.08829227238121,3753.9849034449794,19500000,0.0001195507199092,7526368.369595554,59.08829227238121,58.98409460998437,1.1133889884225316,1784.765799382296,2061.8515573821164,1152221699.3114336,599814117.7848915,1.0589583683395234,1585769.7602299307,245238.55831908723,556370.6012946869,28691.86366367859,16
2024-02-05 23:00:00,59.23849071067964,59.603778306773066,59.12131564800023,59.19354060623812,3498.696823511463,19500000,0.0006762702466258,7574081.993326914,59.19354060623812,59.18186998307089,0.9035295931028766,1785.4557901779492,1201.9210490028504,1154274041.8216434,764715097.8923887,1.0227390314405354,583823.0662312647,233681.8296885193,478423.7050337637,24339.00451147291,18
2024-02-06 00:00:00,58.347940674210356,58.55444431219185,58.28127056194206,58.384024612961504,2713.2127799675204,19500000,-4.545823408068947e-06,9285285.998738354,58.384024612961504,58.308586818154794,1.0962460957006634,1811.679470771436,1125.953312046005,1138488479.9527493,517495209.21896845,1.047810469884224,944750.7907451424,184614.1733189629,378871.7585007164,21617.0744963815,13
2024-02-06 01:00:00,59.347923701170906,59.406429384332604,59.169690213080166,59.368449877557566,2083.6791711642995,19500000,0.0002153288312858,7096351.306198129,59.368449877557566,59.47174735927666,1.078639219834414,982.925994213451,801.0699923111487,1157684772.6123724,836314190.216006,0.975441988857948,491439.06685772253,100555.69588513188,498251.5935155196,23284.632717035955,15
2024-02-06 02:00:00,57.913277618682734,58.34036513363464,57.55252224786117,57.8017721411759,3444.104390193477,19500000,-0.0003696581682405,8160172.490193837,57.8017721411759,57.93270139730582,1.0138558396982027,1707.8609950922012,1284.7660220565722,1127134556.7529302,828457156.9045228,0.9519716568781892,899928.9272332995,164023.3988577109,457678.19822886906,18900.344133272207,14
2024-02-06 03:00:00,57.335265249276674,57.39733664488827,57.16409525907347,57.338973603667235,2523.589614300836,19500000,0.000556031836725,8045098.698091278,57.338973603667235,57.284031565308936,1.1722300304743896,1178.2749984566894,776.5503788932846,1118109985.271511,503975156.13085407,0.9995670923283952,702526.9899172601,143103.91313825268,394308.31159422704,25037.166577820117,13
2024-02-06 04:00:00,56.73798423596257,56.78652791683624,56.24526922262422,56.67782707746172,6938.988615337466,19500000,-4.3161988683459553e-05,8100126.734510224,56.67782707746172,56.69804738423729,0.7304607246416674,3911.664326209613,3260.4599059277925,1105217628.0105035,649144627.014756,1.0257408173244729,1781922.1777330865,163574.31186140783,486262.49016199686,24222.744976191607,15
2024-02-06 05:00:00,56.608505431360854,56.806952995907736,56.469664103243055,56.63070515456143,5831.85929710474,19500000,0.0004151600949719,8706753.391476687,56.63070515456143,56.581979884500846,0.8081696790817311,3412.372554913292,2451.549518112963,1104298750.5139482,634029353.1935226,1.021034851544783,1257438.0102530816,124773.86549660796,449492.3137549166,49182.63863224255,17
2024-02-06 06:00:00,56.91415486972521,56.96022780787331,56.8659060413334,56.953128224641794,4090.4880362132985,19500000,6.304591127232842e-05,8692476.419867631,56.953128224641794,56.94120704631857,0.947420799241262,2289.1936053748336,1904.0283605692025,1110586000.3805149,780258860.8825028,1.0363414471697971,1601792.5111982424,196627.13278365985,391993.24630975263,30371.096573756196,21
2024-02-06 07:00:00,55.66507687013577,56.06443883565912,55.43473488787528,55.822150819620745,3601.960176186096,19500000,0.0002834738095062,7607350.700529026,55.822150819620745,55.928406571526416,0.7492723993514023,2469.348995810821,1409.635982793587,1088531940.9826045,666417190.4424682,0.9239036392304438,898932.2519523185,208198.297267156,426951.9878631855,25713.330467423384,11
2024-02-06 08:00:00,56.418271593404306,57.04316707164876,55.98194436617519,56.642320184675384,2852.697949753561,19500000,0.0003013037281633,8010177.489926297,56.642320184675384,56.62155009454701,0.9218498668431984,1992.933028958929,1661.5204202220266,1104525243.60117,699616938.0036646,1.0375893068465265,709854.176374835,218055.75708570136,586960.8650156526,26177.81774000641,9
2024-02-06 09:00:00,56.68973756050641,57.173929209904585,56.20755622689755,56.71940883331002,1586.7419966750954,19500000,-3.573210185381507e-05,6794159.600457551,56.71940883331002,56.70885689843109,0.9278120871314604,1033.3162141315772,757.5172263661884,1106028472.2495453,564906034.0768067,1.0100638787928893,700869.4281645694,147924.2091002401,583137.078177561,38248.56402227745,21
2024-02-06 10:00:00,54.624938172421764,54.95504066349335,54.2182227019558,54.618766613152964,2675.55974615436,19500000,0.0004275719307285,7949578.942845971,54.618766613152964,54.5727487037415,1.2994443595042025,1716.6092831622782,1574.1979882728035,1065065948.956483,503903363.1558154,0.9536795996462496,1186926.550829659,124884.3920192899,459378.0681321707,16463.021614779078,18
2024-02-06 11:00:00,52.39075433304258,52.97069251372022,52.09847329385301,52.525864517161814,3135.989448106337,19500000,-0.0001276954591979,7401423.667391068,52.525864517161814,52.59132169157577,1.0289169461829124,1598.777072843574,1270.0813282307638,1024254358.0846555,673651404.1961454,1.0217058654018645,2201757.9756155834,177712.1444285194,447509.6727635212,20851.479352567425,7
2024-02-06 12:00:00,52.51455492208124,52.73166357910786,52.13424887312503,52.51817603614266,3343.348862933613,19500000,0.0003333802660082,7770083.644200768,52.51817603614266,52.352047038610245,1.2286130299434983,1918.8651029957596,1005.3010755051248,1024104432.7047819,651538105.1119506,1.005084477304989,1258781.8155291309,252462.646105277,332166.22574240086,12429.87777879278,14
2024-02-06 13:00:00,52.29744268739708,52.74132878212819,51.935510052142575,52.29182104858748,3769.7659018267454,19500000,-1.7061588249959287e-05,6892003.139767377,52.29182104858748,52.273895552394,1.0621922616417794,1905.39698284652,2014.486256668069,1019690510.4474556,713476043.1860031,1.0114368789573416,918773.5755725614,165602.7966300608,623979.6425328159,26046.32995596749,15
2024-02-06 14:00:00,51.96395118333504,52.45331425812878,51.842165020835274,52.18899094795895,4725.199678046045,19500000,0.0002048673845896,8146442.316422309,52.18899094795895,52.19181509810226,0.8984057689247651,3001.951268762524,2590.418992571429,1017685323.4851996,715844979.8041383,1.0299732745094607,989736.2171968692,182238.9963792036,544306.8217825722,28408.74005339008,19
2024-02-06 15:00:00,52.06953286590787,52.2813546496205,51.78275528352022,52.16500783597314,2108.902532022459,19500000,-3.859790070627826e-05,6885832.41646208,52.16500783597314,52.13573923266489,1.0271041745123115,952.2735501023066,669.8106825049704,1017217652.8014762,650318009.8283705,1.0129082610529214,1054083.2066744098,153471.34307715137,514211.6932090657,16339.160405631254,19
2024-02-06 16:00:00,52.448792631822435,52.94398562418178,52.00226005511926,52.4061064019249,2118.497089879733,19500000,0.0001149927924119,7980924.77996671,52.4061064019249,52.45660207032617,1.1570634268296218,985.1043548096294,1033.0019941432467,1021919074.8375357,624912113.5947355,0.9558152470459096,2400911.717453343,143506.04640577902,280703.3948714228,33878.09791616255,14
2024-02-06 17:00:00,53.455521223065865,53.60250833688712,53.2447850026943,53.41417237967986,6157.51360733196,19500000,-0.0002224081105075,7149704.848873559,53.41417237967986,53.48371908946891,1.2695725452710676,2534.4832233048824,3068.3220354963146,1041576361.4037572,754312184.7707838,0.9957092119065128,1748284.3746916312,191869.1646572036,446049.19612461,17753.4652679466,20
2024-02-06 18:00:00,52.12496440482574,52.259202180545685,51.78408113488241,52.245513080697016,4383.009178790755,19500000,0.0001742670954066,7368544.822248831,52.245513080697016,52.176964903164475,0.9738850385061472,2553.900124787381,1506.5286167162717,1018787505.0735917,703349744.2440952,0.9514706448744732,1184327.5262144948,158495.78964065356,431306.5021985297,19875.827369199043,12
2024-02-06 19:00:00,51.056426707920245,51.180327402800735,50.79450342624314,51.04025225098788,2451.8902310200806,19500000,0.0001132563504878,8650093.16686371,51.04025225098788,51.15220836310552,0.7192817539916155,1487.2221615304982,1141.9859353674187,995284918.8942636,711357500.3663918,1.0194718564167669,1115256.3742452753,180030.35020021707,507150.5025128583,22830.891190146063,19
2024-02-06 20:00:00,50.0434100996293,50.22691305969367,49.690005411276914,49.94128942931659,2825.3694548965773,19500000,-6.204606622174176e-05,8266613.715431393,49.94128942931659,49.87520417737966,0.7092406052011113,1132.997692203658,1053.7488431504182,973855143.8716735,729176249.1208277,1.0419391072475213,1203137.68229385,184771.77878381987,404252.045450139,35534.484872985304,11
2024-02-06 21:00:00,50.313799172853415,50.49057654689804,50.19048572348998,50.23572552509175,2831.729760370639,19500000,8.349161008291116e-05,8646267.928007968,50.23572552509175,50.30548439487214,0.9368027585758376,1566.6140788711073,863.4949613830956,979596647.7392889,559400366.594523,0.9627564411234302,1300698.9725040267,177527.2167213698,422378.8574386958,17026.745553053872,19
2024-02-06 22:00:00,51.49757891829225,51.7776373288718,51.1544932078219,51.507394763586426,3028.3919896247035,19500000,0.0001402013428503,8934942.328393824,51.507394763586426,51.52026273747778,0.6265164172819885,1553.753945886663,1696.121577430967,1004394197.8899353,668002893.5717739,0.9798560871840276,904758.1054797597,187112.2213192367,500760.18248566176,24037.59008581212,10
2024-02-06 23:00:00,51.02227006408331,51.521082739562075,50.58057688699496,51.070069229521806,3775.701778969455,19500000,-8.490711597953367e-05,7413957.90430337,51.070069229521806,51.04945218654418,1.4319267187150777,2407.8187698480806,1689.658833503972,995866349.9756752,653706932.5961765,0.973528920366335,761519.0766623497,131498.21637371424,378997.2873239168,27790.55035030516,10
2024-02-07 00:00:00,48.52140872575473,48.72458444874087,48.452784272425596,48.582559056909375,10588.209747212066,19500000,6.137242728109925e-05,8891619.966808302,48.582559056909375,48.567529219778145,1.1268055092314853,4358.818911642582,5659.5011360585295,947359901.6097329,475804702.8550838,0.98638284184185,1612973.9155761425,129507.31705921526,394427.8304798757,26122.2063376147,17
2024-02-07 01:00:00,47.00340022152905,47.2481801146242,46.787541836554084,46.95946308987254,3277.637870751971,19500000,-0.0002016655822684,7014301.0417679995,46.95946308987254,46.96258529352547,0.880616188888773,1358.8093705675756,1694.105834906647,915709530.2525146,586937374.3759754,1.012372694745966,1076790.239647264,161029.78040935905,459854.4603925089,26413.23026278148,18
2024-02-07 02:00:00,46.20620698939455,46.36337229838741,46.1657053793894,46.18818399297599,4151.807560783149,19500000,0.0008037199116883,8371889.034879313,46.18818399297599,46.20242925392646,0.800971815798587,2433.2196719202425,2483.2441729959787,900669587.8630316,520971412.0406951,0.9867079263369652,1559995.1273201564,162001.3050319235,578212.7391037528,27679.57530681963,17
2024-02-07 03:00:00,45.73790779420101,46.113769598374724,45.66686896896503,45.68040493446876,1282.750201498048,19500000,0.0004177355980624,7581601.87323174,45.68040493446876,45.64293995158935,1.228291057556919,740.7775385770991,553.3605055797178,890767896.2221408,521269068.27048737,1.0195759051809707,2061955.9506525332,142831.27154450995,520057.12871920527,18649.65978134548,14
2024-02-07 04:00:00,45.32529976075024,45.39673311907573,44.8649010693674,45.31334847265348,2339.166629339776,19500000,0.0001819282316894,7321150.677556867,45.31334847265348,45.3072792046768,0.8003329654192181,1518.8840660681622,1001.7836223060416,883610295.216743,445376167.5659426,1.0319613931022793,1314475.0929189338,172862.20861124573,548575.8381587442,36546.25275244567,11
2024-02-07 05:00:00,45.427128399374,45.47415014186574,45.12905837146596,45.35286182276286,5510.482692795941,19500000,0.000451633878243,8284191.936446867,45.35286182276286,45.32244489089634,0.8157516239873326,3183.296009783696,2118.927560589096,884380805.5438758,595561317.3515283,1.0330527778398784,1231965.56624699,204240.675176308,448051.4556857616,21304.107650545146,17
2024-02-07 06:00:00,45.08400468825526,45.3107750918066,44.91522518738842,45.0754770811525,3645.167860618643,19500000,-0.0004937757430051,8506134.80925947,45.0754770811525,45.025215691750525,0.8579673893171673,2496.251953904646,1777.1803173214032,878971803.0824735,579578446.4299119,0.9664545671389104,3839294.8450093665,219011.1604673665,596608.0265277205,20472.65841601814,10
2024-02-07 07:00:00,46.108314545929936,46.418110587369746,45.90952398795236,46.036066581966026,332.1021849544865,19500000,-0.0006673039213502,8485959.670970183,46.036066581966026,46.00304437267165,1.0230797929638429,164.16322196245045,148.0623625567756,897703298.3483374,547318068.2949129,1.0415778683341816,1159512.4032567835,231669.12982531585,312313.7327039856,33000.818738358175,15
2024-02-07 08:00:00,45.501483504894395,45.86345927304599,44.97722882289495,45.422373830063734,4175.592741243294,19500000,-1.978731852497184e-05,8023544.76220567,45.422373830063734,45.37468148978537,1.1321964281513288,2168.7044173480795,2165.580717887509,885736289.686243,440224892.84650564,1.0439821685462871,690025.172811576,117160.4432515676,662945.3541537714,18230.11069771246,25
2024-02-07 09:00:00,44.578340004088375,44.913453113936136,44.46589079125553,44.65018452908456,7778.215318232891,19500000,-0.0003135692430806,7970507.0254619075,44.65018452908456,44.63588955315237,1.2693874314699292,5392.655347465522,3165.372021653768,870678598.3171489,537260444.472794,1.046580397937115,953802.5787611429,121692.22089222058,680342.6144441948,24247.85544530158,8
2024-02-07 10:00:00,44.92134664694484,45.43327017474617,44.59534866284951,45.084384770805165,1098.8793941558074,19500000,2.901834266550124e-05,8226337.112217635,45.084384770805165,45.1083910743241,1.2324379240566414,474.9986102863553,372.798595363181,879145503.0307007,422025030.6989037,0.9952655554084692,1985489.3508527318,151386.07663269556,484718.3453085893,17732.415233979485,11
2024-02-07 11:00:00,43.86011391514434,44.032356994185385,43.60106143739388,43.72513504799464,6372.160364821752,19500000,0.0001616969921784,8080814.31859552,43.72513504799464,43.734785638037565,1.0001547538200857,4070.3541538406826,3560.3212110103395,852640133.4358954,470496722.94245607,0.9774447258006916,636051.70823272,166054.5512349871,522537.75965231255,46899.89636045392,12
2024-02-07 12:00:00,44.094282668438424,44.10877543187225,44.04059402077238,44.07165991584966,745.4754365391912,19500000,0.0003761243495021,8235878.119790306,44.07165991584966,44.16307973339487,1.2264261792294129,300.7774323991832,408.829227622577,859397368.3590683,482729820.8167559,0.9704727642555976,789944.7140040217,153337.32300182004,439063.806763748,44028.67279149407,11
2024-02-07 13:00:00,44.015116998875506,44.217839971002434,43.71437199756948,44.166562897154925,4764.7458247083605,19500000,-0.0002414791952825,8016576.659430113,44.166562897154925,44.073351441382975,0.8744152315900361,2601.33192201132,1931.1517502219867,861247976.4945213,615816088.935387,0.9669466034027554,1661568.8489899014,141752.8273544705,424253.45522861904,21309.914344123663,19
2024-02-07 14:00:00,43.978043518017984,44.05797183905103,43.97732630313761,44.04091804997695,2968.0952230007124,19500000,0.000219889205848,8436893.982968295,44.04091804997695,44.065992348812486,0.6947708480005853,1323.8319126226168,1505.1374573815242,858797901.9745506,493524207.44809604,1.000350712199946,957473.9796590934,150828.006973958,391533.3300149652,25744.007280867507,14
2024-02-07 15:00:00,45.537093602247886,45.68688498026401,45.15966220540584,45.466904133339554,920.589653429726,19500000,0.0001043169079456,6924147.216743998,45.466904133339554,45.47174273212239,0.8743922421632413,533.6276278580967,412.1672022797344,886604630.6001211,558153930.8095379,1.0254355556947128,1021317.2427793387,183657.6040681909,438097.86336747,22060.85260694624,14
2024-02-07 16:00:00,44.883983695183026,45.13162448745016,44.77160470331588,44.90910376684408,3725.9193793920695,19500000,0.0002042527929799,7804415.36061446,44.90910376684408,44.950225701265886,0.8510774849953893,2382.542839211781,1968.3720189808375,875727523.4534596,623897796.5479409,1.0391967532296202,1639744.8516495936,116727.14407851838,494442.7723918797,19839.301101460416,10
2024-02-07 17:00:00,46.75503013866033,46.96972925799121,46.40618888008948,46.802962121084455,5299.776212414571,19500000,-5.5931585226079935e-05,7060273.59728097,46.802962121084455,46.84117511111497,0.8812645499945577,2172.4455273663034,2210.217137866712,912657761.3611469,527267789.48844355,0.9854332865091294,801286.3166007051,292388.6803300228,481170.4101654342,22831.340393393795,14
2024-02-07 18:00:00,46.72763339598509,46.989588263513916,46.238398292883645,46.59707938946457,3575.797481182577,19500000,0.0005149405419586,8063338.565409671,46.59707938946457,46.594050963723845,0.8254100829955162,1606.0044234429809,1647.3404729751294,908643048.0945588,649780689.6692399,0.9988393519875912,593184.7024753008,163611.23687483466,658237.1885915573,21759.80129867043,11
2024-02-07 19:00:00,45.33143699683409,45.64491068670417,45.00318878008,45.42658635682529,3993.4620626185338,19500000,6.894740547108214e-05,8993894.313364869,45.42658635682529,45.43897197396213,0.9119027617175656,2007.8452928762133,1267.304544242852,885818433.9580932,434882279.1286061,0.9968743733979566,612404.1338801895,211654.78389607088,451375.51934368553,13957.883844705597,15
2024-02-07 20:00:00,45.42208069217133,45.80313226630883,45.410959803631684,45.49470419399633,2426.395116768389,19500000,0.0006322546670511,7593288.316474963,45.49470419399633,45.465402455674145,1.1320197683313111,1156.7588551953388,855.2387525903273,887146731.7829283,496316853.64866495,0.9809415925040458,1347032.063498745,140786.35060187432,328481.0036650233,23834.919648316376,13
2024-02-07 21:00:00,44.54917821715242,44.84630438003927,44.21697559507129,44.53035198887326,1175.3310392021838,19500000,-0.0001371165961046,7967507.318409306,44.53035198887326,44.56213240956133,1.4092412239975949,605.2554850795532,628.2493270203066,868341863.7830285,415430529.5039867,1.0220724858928183,1183935.8579317038,187885.384340362,614683.0968119967,21748.76249782014,15
2024-02-07 22:00:00,43.90448645413046,44.044130884513244,43.435848624484436,43.87022776053161,4213.007369341874,19500000,0.0003228482019866,8378848.215625902,43.87022776053161,43.792188062967234,0.70817127914368,2888.271396268903,1746.1636672868076,855469441.3303666,528918695.5747379,1.0108854473986968,809098.1214940541,166878.74806635428,346559.2727630688,24189.16626697513,16
2024-02-07 23:00:00,44.26829651509516,44.42155975677254,44.11709597097433,44.22439557371328,7150.066667161727,19500000,8.209945583184143e-05,6684381.521198569,44.22439557371328,44.263172692985606,0.7729453547078565,3077.1158343615866,2220.321837234688,862375713.687409,635730111.1726336,1.0042546952535882,671443.6891046511,201632.51733399375,395585.337819868,21520.14316001516,13
2024-02-08 00:00:00,44.804520217690175,45.06669289174082,44.600365840841036,44.7230135947795,5243.740859617972,19500000,1.6772749999708923e-06,7564170.449475504,44.7230135947795,44.72644950987736,0.8536028401444371,2763.370850353978,1836.8346301680897,872098765.0982002,564322509.5879916,1.0107491631758778,957875.2519689369,154869.52551526198,467123.34707288817,19769.55072773828,8
2024-02-08 01:00:00,44.19191876705479,44.455493718765446,43.815004328866166,44.17437459430197,1103.301232864591,19500000,0.0002896946021402,8120183.692604885,44.17437459430197,44.157276370851584,1.1654978974324883,592.6133352937602,467.2253547327866,861400304.5888885,549420655.3089663,1.0184635374387243,1668288.8124820385,239879.23586107203,480909.80525993626,28637.51979771082,22
2024-02-08 02:00:00,45.10401435993583,45.24595665417344,44.98763650843441,45.05991116630627,1397.6573552912348,19500000,1.0247956243123147e-05,6255317.7711187955,45.05991116630627,45.053939232112626,0.9598392191539148,676.6095813374337,720.3161669319628,878668267.7429724,468723469.54958737,1.0181631105739115,764039.6004464256,112082.00144358256,331343.98230706673,25846.75450815256,18
2024-02-08 03:00:00,46.09592566670849,46.27217710730913,45.7914235066815,46.119835043271095,1952.7933800633143,19500000,-0.0006985896011471,7293961.7181641655,46.119835043271095,46.1171049226967,0.8651764152138853,944.277080672278,798.7813690369535,899336783.3437864,655915119.6796372,0.9748453013163444,818827.2991093779,206352.97607725812,381057.4967108411,33483.705281851246,18
2024-02-08 04:00:00,47.47458629928746,47.804081298028414,47.110233186746775,47.46863389368326,1344.143484062625,19500000,-0.0008188604369522,8612892.092544617,47.46863389368326,47.53496199432777,1.1541297555015666,825.8762319055575,703.734018068182,925638360.9268236,547478468.0069976,1.0268898564622884,662975.592286996,167657.74342750848,329010.02741414367,25550.67283514574,7
2024-02-08 05:00:00,47.98903115641589,48.2997173379159,47.96088324632838,47.978712453408484,3047.5551554419644,19500000,0.0004817266480852,8545726.004523795,47.978712453408484,48.13864918734274,1.2107960710850472,1783.8960185555086,1698.762636580397,935584892.8414654,495954127.9348568,1.0076609835304169,921480.5285875044,126174.14380437556,500990.5976195817,20758.644357630288,10
2024-02-08 06:00:00,49.331168382193695,49.39779052205178,49.03689558138314,49.309955423215996,3628.983652760648,19500000,0.0004690775373639,8126554.08241432,49.309955423215996,49.37503819471926,0.9962550380420012,2336.519694719869,1460.0888547213883,961544130.752712,717609994.5776985,0.986961514150592,1221919.6670837326,265140.848491498,560551.2631217191,26503.4596916663,19
2024-02-08 07:00:00,47.56769787837826,47.777491347219375,47.22080641847876,47.494315379848615,1458.076467996486,19500000,0.0006662022838767,8463538.381774293,47.494315379848615,47.47221505021919,0.8493840448324147,760.4189072518204,787.5255760255733,926139149.9070481,534324109.5631674,1.007026890743385,2487452.728458079,258376.84342379167,346498.0227167676,12158.892234432422,16
2024-02-08 08:00:00,47.250421386785604,47.67222877072181,47.05479880235988,47.198017835190484,4396.500794969516,19500000,9.474152551534678e-05,8023701.605120294,47.198017835190484,47.232462090748896,1.0555436195874437,2558.8219717176776,1486.2995230793567,920361347.7862145,516736597.749293,1.0103343243017515,1164514.344636412,96909.44975293374,539896.0989143784,41402.80729693721,10
2024-02-08 09:00:00,46.395395605202125,46.41223976725794,45.98474541372741,46.39129303732459,4026.094071851177,19500000,-0.0002877904405993,8245133.240290435,46.39129303732459,46.427168777281466,0.9544179109232184,2689.7386035040718,1709.4193830838933,904630214.2278297,416571702.0203895,1.0324535100149237,1044690.0946839238,170109.23981971492,532935.5352658561,23916.26482650249,18
2024-02-08 10:00:00,46.4314367522831,46.90440480469459,46.355869719301865,46.50669630519168,2266.337650067414,19500000,-2.5875152795300425e-05,7690141.829462488,46.50669630519168,46.468320806069855,0.9529406552698324,1485.3543904345242,746.2340945973554,906880577.9512379,456603934.5654321,0.9686153311454446,1507369.63129798,194155.6893623241,387777.05076310656,42418.368563222844,10
2024-02-08 11:00:00,45.98901932940016,46.06406336359374,45.81532899214594,45.98279590210427,2734.596048869629,19500000,0.0001034273546083,7960219.207053146,45.98279590210427,45.92941910493688,0.9025961620346008,1848.6061197472573,863.4716638448672,896664520.0910337,621170987.458275,1.0397495306096258,1410124.1415260464,181757.0532516161,297593.6346675578,16969.9002823251,8
2024-02-08 12:00:00,45.832256353739645,46.06732125591569,45.44329234545236,45.834824734259925,1124.5063430683804,19500000,-0.0002021114672855,7497741.879726196,45.834824734259925,45.83650774644743,1.2032144087082524,540.541772915337,359.1203365057,893779082.3180685,531627423.33235097,1.0006949906892948,847153.983350352,237727.99051895013,357092.02339587593,15751.74426673062,13
2024-02-08 13:00:00,47.61624353264277,47.81829660003647,47.50711161563138,47.597853475582525,2524.678285368033,19500000,0.0005945724168921,8725678.15834184,47.597853475582525,47.64105840905457,1.051245913757497,1756.2327541061798,836.7430360467973,928158142.773859,683553590.1856116,0.984815402477542,2680532.7250959007,225687.8608427429,392757.8262109964,24581.514289659597,17
2024-02-08 14:00:00,47.650666189832464,47.65549288655628,47.051634696560775,47.44130530829939,2991.9854827638364,19500000,0.0007718508638931,8907701.825572656,47.44130530829939,47.3695831507085,1.230154998367362,1929.5822257151167,1647.739593958531,925105453.5118381,439578418.290634,0.983897257004286,1057003.6737284567,173910.63235137166,602193.5410374098,24557.20131584389,20
2024-02-08 15:00:00,47.79022023492544,48.27826412827557,47.75243290092336,47.84033516547738,3243.3881821384284,19500000,0.000243484210219,8807331.921390856,47.84033516547738,47.81063120338526,1.3063868921988158,2070.716346411092,1502.0232419492854,932886535.7268089,592180544.3318795,0.9699589672497226,1173207.7354481597,287585.61986308685,432068.52831161965,24378.90363888436,13
2024-02-08 16:00:00,47.66359746009073,47.88043118919175,47.39038840557601,47.62337580278034,3602.6986045857184,19500000,9.674087599054124e-05,7633472.265779796,47.62337580278034,47.65540974790196,1.0961413550260115,2162.6047900718017,2104.755812007284,928655828.1542166,618480365.1078211,0.9477725534872976,1330734.3840884757,205707.72521593288,361723.14478836826,23289.2663322295,25
2024-02-08 17:00:00,47.80224662449864,48.2584082996151,47.66438170782554,47.700314670855796,3368.1566030210324,19500000,-0.0002884900935423,7307415.103897483,47.700314670855796,47.70707493180508,0.9036660297396268,2340.802796324082,1554.067761094224,930156136.0816879,591909450.2501968,1.020321996410776,1225734.7626908408,149066.28864162258,455690.76475817786,18243.51314511431,9
2024-02-08 18:00:00,47.72017731576612,47.857012013755565,47.3873924126236,47.71082581126059,2611.8868009088283,19500000,0.0005639301688468,8735100.214538198,47.71082581126059,47.783168477855185,1.2312935044506883,1390.7486704939204,1276.202889405639,930361103.3195815,566555737.9327054,1.0594265920126589,1964721.6689091874,141763.16630931987,341441.0990054035,14106.532427029248,18
2024-02-08 19:00:00,48.37047480187556,48.789496506570494,47.76472405383295,48.145362002737805,3439.5553086746827,19500000,0.0001228920432547,8237559.308537554,48.145362002737805,48.08222574194268,1.097607642029491,2140.991759155818,1222.2294289742397,938834559.0533873,585353486.1469767,0.9514715395349256,843013.7821056673,222089.42070967177,490346.7191873967,23979.274338140447,13
2024-02-08 20:00:00,49.24828751920555,49.740156055385675,48.82974673785842,49.2855512689942,4919.764766493982,19500000,1.325068047681633e-05,8096875.696099804,49.2855512689942,49.40640756954175,1.68316097007474,2999.302052519856,2273.788867572917,961068249.7453868,631291978.0544589,0.9714871625220892,1460157.6698815129,133487.2762601321,363839.1626600747,14991.256346765234,12
2024-02-08 21:00:00,50.97456632409146,51.25840923348842,50.44167693956896,50.941547111317284,2841.964914840241,19500000,0.0002443522266023,7496985.126726359,50.941547111317284,50.86829355150746,1.0639842388501086,1760.9572619359924,1181.0943720413445,993360168.6706872,704271561.6963185,1.02254749567436,1139989.328698554,146908.53043296418,374555.49378457264,14572.59677277714,17
2024-02-08 22:00:00,51.181203880952594,51.36700132429412,50.837258144010384,51.26310240235267,3493.982371842569,19500000,-7.571345869675565e-05,8160003.749135579,51.26310240235267,51.164207485083466,1.1497420441770931,2185.274392867228,2024.520311337652,999630496.8458769,550699832.7439697,0.9986308927398572,1581352.9869529908,153293.09587244358,476917.3143595901,19649.56462295901,15
2024-02-08 23:00:00,51.83983571548663,52.23178838969431,51.441155282801574,51.876307325872496,2715.997229652497,19500000,0.0001440625519365,7230941.714412973,51.876307325872496,51.87843877915047,1.0598048403112594,1241.8266334085315,1575.757399328861,1011587992.8545135,594708761.3769432,1.0250325772682545,979412.226068003,177888.69920187054,627843.8302383567,25064.247206611137,18
2024-02-09 00:00:00,50.7262046177075,51.00468035504157,50.44453792640687,50.70096224012488,2157.316876588654,19500000,-0.0003327400552536,8297186.752819941,50.70096224012488,50.64851417706491,0.9803754010476546,1088.8311385515815,775.6623849957509,988668763.6824352,633512127.101478,0.9969483843055348,927767.033644552,155070.54311833787,686634.5725820522,39987.72340755218,10
2024-02-09 01:00:00,50.70266797236591,51.181569712743666,50.15499326281212,50.616993238367044,3871.664641485096,19500000,0.0004261261567757,8806608.974032551,50.616993238367044,50.62009324250597,0.9495583379443516,2004.2686344301576,1881.7810141466612,987031368.1481574,537206416.0622957,0.9825811750220088,1430495.5438281174,117096.92338946296,359340.9358510532,29548.190653988346,18
2024-02-09 02:00:00,51.61597048238637,51.84270502014784,51.250980499620255,51.583050712375375,2258.343881660581,19500000,6.867668765929804e-05,8986066.103797933,51.583050712375375,51.58440596011064,1.0606148306970866,1410.1097936797023,1109.8692905171754,1005869488.8913198,506590938.99879223,0.993224736679806,1231691.9906363494,217623.09740591148,392651.894876112,33859.174518553555,14
2024-02-09 03:00:00,52.62164731535859,52.76294362001322,52.02569535936324,52.48946678124275,3615.818224575303,19500000,0.0004476402581902,8346760.067915495,52.48946678124275,52.48443964391783,1.1098614085455547,2223.27403500643,1694.9528450527555,1023544602.2342334,757270115.7596906,0.9285373173323213,768798.6344692681,147104.7707089671,490463.654815893,26798.427951783324,19
2024-02-09 04:00:00,52.70734199967583,52.79025588858787,52.58324149982319,52.71735463958977,3023.3709175727863,19500000,3.965914664751419e-05,7061304.440970404,52.71735463958977,52.678216693917115,1.2597050168317077,1965.2209116084143,1019.7797222746912,1027988415.4720006,522648499.51448053,0.965695469630546,1828391.1697783489,269677.968586939,558917.8987259647,24589.04052854735,14
2024-02-09 05:00:00,53.62996888136272,54.0405469849315,53.363568564141644,53.665620942185235,2560.691611528103,19500000,5.914008736480649e-05,8012300.584551164,53.665620942185235,53.694206265362105,1.0637177803039144,1630.022962552937,1270.6269456884324,1046479608.3726124,543980955.3272434,1.028448381226561,1430744.9797276324,175605.89000932503,286984.43564883195,46711.09961121602,17
2024-02-09 06:00:00,54.49349432761545,55.0243206975794,53.804815654802674,54.20038028541417,2529.883628255355,19500000,-0.0002636952284875,9359258.459535459,54.20038028541417,54.188600531143656,0.9115782554320452,1464.322357307981,1365.442922449456,1056907415.5655761,671776515.2567297,1.0357569953253654,1036147.8512530893,223418.47716904068,450209.0744696396,14811.264954946411,14
2024-02-09 07:00:00,55.56659517736899,55.582344845620405,55.4102599793762,55.522816807791585,2312.164791360341,19500000,0.0003279270919054,7357370.47277193,55.522816807791585,55.58964767190847,0.9367200638111212,1021.9411054622666,933.1152815689568,1082694927.7519357,512342600.5045964,1.0421849816527695,885059.0427085917,190558.6649329457,401342.8805666668,19458.33720123472,12
2024-02-09 08:00:00,55.770286840699605,56.26419744247632,55.65242203178885,55.85065387028062,1309.105572548734,19500000,-0.0001627519862069,7849556.219001718,55.85065387028062,55.84616502742388,0.7675225732285124,773.2056353094405,594.8124218784797,1089087750.4704719,501213752.5224326,1.013226080393441,1234719.578269278,226107.10182166143,301099.41156810534,19919.333447846977,12
2024-02-09 09:00:00,55.383281726908244,55.97436813183424,54.841609560579805,55.46028986590358,3609.9440319105097,19500000,-4.592671195976856e-05,8831046.036787724,55.46028986590358,55.41233626919959,1.3940912491747126,2404.6479228395824,1208.9644222735474,1081475652.38512,507432789.75437754,0.932317933771412,1390113.7982395368,187697.0956449264,338597.18804714794,28798.169538336053,14
2024-02-09 10:00:00,55.73436666951915,55.88140223497202,55.49213933748214,55.83964449211371,3346.845075734601,19500000,0.0001003141558247,8285957.687885467,55.83964449211371,55.75098729934241,0.8974169275790118,1984.5195155787376,1938.5148020450215,1088873067.5962176,530258419.65125096,0.9809498041243856,564148.0814572915,172610.38235180627,394922.6129361743,16421.832404909765,13
2024-02-09 11:00:00,52.764762495959275,52.82289345860122,52.5703564343174,52.66611156359408,4558.893074517182,19500000,0.0001363672551068,9617689.213982169,52.66611156359408,52.66231384023263,1.2134749364393904,3048.47676658616,1517.4793304225852,1026989175.4900844,594379288.440374,1.039739670296459,1240437.1929379867,213909.5461194579,447648.2308612353,27695.60131498874,13
2024-02-09 12:00:00,53.03758954404642,53.44353413032119,52.8617890908343,53.076269118563005,2285.3433368010715,19500000,-0.0004118290820653,7437702.316792366,53.076269118563005,53.014212102078716,1.0568683742788303,1599.0910821534774,828.4669707201707,1034987247.8119787,723226518.8448218,1.048691627160507,1385711.0541342965,303001.4980831249,541241.3475135086,26209.964700746168,13
2024-02-09 13:00:00,49.35881416552912,49.67864120409821,49.150154240322514,49.34624444581518,7690.121120289011,19500000,3.075824035359505e-05,7286410.664902433,49.34624444581518,49.28456352261951,1.0626293612477529,3904.741051704378,2995.63702529716,962251766.6933962,531732212.4992251,1.0408794322902173,416533.6965487148,152139.13840280962,474904.7910429394,28113.47367127153,18
2024-02-09 14:00:00,47.67300806302949,47.71188039884095,47.37596457799616,47.67906413135237,2465.4559182674093,19500000,0.0003385690655931,8698247.410380712,47.67906413135237,47.708980708634876,0.9767841575374052,1521.154024572484,1350.4216052118552,929741750.5613712,537631929.5148985,0.992912426056906,1154500.042836064,198537.1959971991,534725.006630521,27961.026645901587,16
2024-02-09 15:00:00,48.18701961341648,48.589103068654374,47.672502211755535,48.11662572059579,1924.545623081972,19500000,-1.350141035717076e-05,7167244.227887738,48.11662572059579,48.03590189818013,0.8542257484100517,1081.5707561377774,981.8969724513746,938274201.5516179,591183425.1565456,0.960802724002763,1409218.333376018,162541.52220483616,444784.3634424703,34943.78446206124,13
2024-02-09 16:00:00,48.50095213756659,48.837523456482174,48.02244655704963,48.583227258956114,1813.7604034826768,19500000,3.258047373600354e-05,7763630.589948729,48.583227258956114,48.656694493515154,0.8238992054000779,973.0671124407756,547.9448740156164,947372931.5496445,512190854.27370983,0.9987810523012456,1346546.0724358258,184704.9110417551,384235.4561098687,21703.68110069638,17
2024-02-09 17:00:00,47.3693936236057,47.90217201565673,47.06068787325693,47.47151170835534,1252.677824318405,19500000,0.0001487218152528,7845497.495811778,47.47151170835534,47.483840837738015,1.412968877687548,591.2139808059874,444.7863911527728,925694478.312929,536681893.05183,1.0004442105469078,1471336.0496581122,164479.23979907867,426449.8309034949,25823.68499503097,10
2024-02-09 18:00:00,46.825888862423525,47.23701589657937,46.47729453161609,46.80489243974922,6414.484698274481,19500000,6.22118702359003e-05,8568311.436551705,46.80489243974922,46.80752087936379,1.0230539429824748,3039.018503239268,3367.895387578048,912695402.5751097,516488401.3274406,1.0469669446027436,936285.2324631453,94898.60440843044,508440.49628101976,17659.606895833527,14
2024-02-09 19:00:00,48.16823377067472,48.559604412275704,47.95557564699667,48.110408976744154,5916.697369210526,19500000,-0.0002091546507162,8284058.13173704,48.110408976744154,48.06543700504673,1.252389778914021,2695.006460419083,2491.819151913451,938152975.046511,518390557.28645116,1.0068337390036664,704144.9490697196,154809.9199680412,543895.5120028125,16490.85884409145,12
2024-02-09 20:00:00,47.683374658215605,47.92937266176942,47.243232710829595,47.65168320933443,4025.371893328244,19500000,8.909616289992864e-05,8180528.166418133,47.65168320933443,47.692872004174674,1.3191418183176942,2372.735544779658,1239.2673330440398,929207822.5820212,526412911.5579497,1.000500435366423,519594.6922597951,208958.0447979954,429520.6348373772,37400.847193589536,13
2024-02-09 21:00:00,49.76222394469918,49.968374932791725,49.65384264937902,49.84291501154953,1904.463453364091,19500000,0.0003982219510017,7636940.410855847,49.84291501154953,49.84775451269228,0.9211159213217204,842.9458606438326,1122.0623760616138,971936842.7252159,440613292.93321735,1.0022048544443038,1652155.534111713,134416.48343852867,367389.160302218,17263.752717327232,13
2024-02-09 22:00:00,49.913525375387316,50.16607558692525,49.7929590929423,49.84598557605355,7373.39728851341,19500000,-0.0002153527841801,8691902.498473456,49.84598557605355,49.81677101125332,1.0883917556827003,3903.594063460488,2546.549291617001,971996718.7330443,695831261.8367707,1.0119957648928806,1413993.1470107627,204891.6559331301,473132.9148435546,26699.326599715987,19
2024-02-09 23:00:00,50.184682819591195,50.31012215800859,49.69625738793802,50.259454909039114,2500.236032098729,19500000,-1.2344566845745392e-05,10883604.111659363,50.259454909039114,50.274523934861094,1.009042796357909,1392.631399326477,1132.9569356184538,980059370.7262627,728384083.0134858,1.0187932025818471,1703333.2996103028,170399.72697174668,486793.9406788957,25830.541241352217,14
2024-02-10 00:00:00,51.862321970414605,52.25852456138213,51.414159587571056,51.91647486630231,2605.77935072679,19500000,-0.0003144893971805,8335254.847595661,51.91647486630231,51.83430222498625,0.7933881072599879,1384.8944457213863,975.850893126834,1012371259.8928952,717516973.7388368,0.9782638769794602,798624.0096575604,155146.8500851251,566110.0750765761,31335.103582476007,10
2024-02-10 01:00:00,51.95962764209905,52.127653871550756,51.80185476083968,52.057908133844236,6115.79189544271,19500000,0.0003824145851471,7949947.3024498215,52.057908133844236,51.977982215074654,0.9635836315241904,4014.8880550806502,3187.8002361643826,1015129208.6099626,458556888.90937436,0.9682713881612328,1472153.2021933692,204118.06314368505,386252.8266704955,13393.701061984086,20
2024-02-10 02:00:00,51.1625988475408,51.42412821976213,50.68526485135275,51.029803138772635,4144.159581472413,19500000,7.229253794863635e-05,7109006.389509095,51.029803138772635,50.97774324367481,1.124683112328909,2208.6331971703817,2208.910946105677,995081161.2060664,671944141.0640509,1.041116755642141,585153.6261837375,192963.80007011385,387100.8564911001,28777.87373508946,15
2024-02-10 03:00:00,50.987542062130345,51.01527009408289,50.685210672203866,50.92303057313152,8960.233531181848,19500000,-0.0001550598900817,7494676.79197392,50.92303057313152,50.94592186392347,0.905013108368368,3806.7518815237545,3755.8263330345535,992999096.1760647,617575979.298315,0.9507687611669297,753816.8084823902,180798.19939632696,514644.7004462955,21646.31255362019,23
2024-02-10 04:00:00,50.953442766774685,51.10605469208612,50.72741831709878,50.89186428523765,3375.710602926345,19500000,0.0001276796800429,7753115.051227745,50.89186428523765,50.89678764959502,0.937096851141242,2355.097794577086,1679.5337914735308,992391353.5621343,474613619.3249328,1.0491324237761432,1122527.0182117508,209813.65333675727,407792.31250240514,18398.552360851565,14
2024-02-10 05:00:00,49.65005793931289,49.76528602250126,49.384488581144026,49.52651786185942,2444.2279867555358,19500000,-0.0002610800644686,7556616.251363112,49.52651786185942,49.583422803977875,0.965920862428714,1597.290957187784,1399.8633252372688,965767098.3062588,704872592.1841632,0.942679639082389,1391628.4043109228,171231.98951822432,404360.9357694519,20429.899048677624,15
2024-02-10 06:00:00,49.5558905518744,49.86315270456769,49.21165071522269,49.27868324908493,2195.351739089333,19500000,-0.0002100486594381,7876670.558725584,49.27868324908493,49.23827522889244,1.5254750446830012,1312.8489797039274,1195.243306319377,960934323.357156,656188550.0650568,0.9824637660150694,2089231.933659082,107886.33430611654,568540.582033143,30062.422116105423,14
2024-02-10 07:00:00,48.39146468750849,48.93949964202376,48.125641621701874,48.55745603028135,1183.8201592771225,19500000,-0.0003380400589555,9092344.62580917,48.55745603028135,48.590216184280564,0.6929414386878163,742.1334084860576,502.495332438972,946870392.590486,467364702.2030326,1.0291556191175033,969636.4197574205,148074.34855609556,336313.4458842687,27429.439645546598,13
2024-02-10 08:00:00,49.39538840508493,49.49678796016465,49.17479023539713,49.468441081859616,2593.3405560167903,19500000,-0.0002200337712672,8714295.83758492,49.468441081859616,49.467754927255676,1.1055342030298845,1137.0688645802388,1121.4714933291586,964634601.0962626,713069886.4851149,1.000010256672348,754946.5210428132,103662.88205357216,667463.928405976,21197.17002999277,11
2024-02-10 09:00:00,49.44663660587453,49.92860281187299,49.19337764788419,49.50764736343742,5283.249745196408,19500000,0.0005072012751999,7787227.613486224,49.50764736343742,49.46591017922476,0.9505943908603652,3327.25564031489,2990.654748140968,965399123.5870298,470979255.22251385,0.9605056958871449,739583.5453806395,191825.46604061077,391395.140186365,15650.650502809767,12
2024-02-10 10:00:00,49.14957237617551,49.65713454632459,49.04372524927795,49.23334977630614,4021.5275070893713,19500000,-0.0001199354993847,7160137.092916225,49.23334977630614,49.257243098607475,0.8797381420000078,1859.2514279349175,1247.9276008498807,960050320.6379697,562977313.2322276,1.01279284462378,810627.3259455133,203627.97578097903,526152.1353268548,15985.488499993666,22
2024-02-10 11:00:00,49.02792844611977,49.30198987969068,48.56774707806542,49.13382000878426,3011.3808397009943,19500000,0.0002398675367954,8777406.132070143,49.13382000878426,49.13548997602368,0.9459409416436296,1646.3003401814642,924.0225514470914,958109490.1712931,476844118.02738833,1.0020101302540143,2595040.807708051,205957.59159470216,432890.4911030585,27609.33027382157,11
2024-02-10 12:00:00,49.3289214397489,49.68377682965785,49.013911290189846,49.35850229264725,1812.62758883597,19500000,-0.0001508904259867,7855918.380423882,49.35850229264725,49.33238576168994,1.14279298024937,821.835989814541,655.6973707831953,962490794.7066214,476488034.92585015,0.9935185513467408,1444756.7320535346,183923.22145513407,467087.7670373712,15013.082585109376,24
2024-02-10 13:00:00,49.85456904666146,50.177382017314436,49.40607701578205,49.97617143835714,3339.0329529630067,19500000,0.0003278601237289,6869363.751604402,49.97617143835714,49.98326800908035,1.1559294266826623,2090.687031791173,1830.746669145843,974535343.0479643,721489173.5467907,0.9812823312765128,1665631.3880018736,207312.2277279482,419761.8056800414,21259.383503608868,18
2024-02-10 14:00:00,49.024586440172754,49.10017788249467,48.93822394609887,48.99175781111903,4946.358125702548,19500000,-0.0002078246002793,8349368.71405319,48.99175781111903,48.99031106560312,1.0379041344806474,2343.48636475851,1711.2616263713037,955339277.3168211,593874084.1461239,0.998961820014082,970054.8026977455,109737.80026401242,525084.9460087102,49233.109733893536,19
2024-02-10 15:00:00,47.99149053500469,48.24520350957152,47.68764433034911,47.98652888901519,3697.305641029429,19500000,0.0001117683783285,8561252.145676905,47.98652888901519,47.98395258496428,1.244269067698525,1759.7789306254144,1425.6211051613443,935737313.3357962,493837683.3509312,0.9825423516414292,1066659.764631173,158436.3587445419,412724.3539207978,25282.51303906598,21
2024-02-10 16:00:00,49.110629715989944,49.153041495958355,48.646652798774866,49.063427885580886,3240.12628479921,19500000,0.0001158553929606,6495559.898980438,49.063427885580886,49.04809099411272,1.2888709454171896,1402.2187754151914,1583.5164847999808,956736843.7688276,653374544.7720575,1.0730359800654747,1411844.9521763804,114264.47571121456,394514.3152298917,27520.178031617463,23
2024-02-10 17:00:00,48.71476232183125,49.14270794439587,48.50430102315852,48.66534476154281,2001.2378105203784,19500000,0.0007983416009279,7383347.688202566,48.66534476154281,48.606705525477636,1.177360641092006,1233.1265906625192,710.9854464995215,948974222.8500849,676213712.3721341,0.9927994854454968,871858.6394870391,148808.808538819,635818.4624473507,16021.54116316744,18
2024-02-10 18:00:00,47.36746570203219,47.80527833680794,47.21808566979269,47.310408700662364,4598.985005058908,19500000,0.000289127586394,7817424.891098061,47.310408700662364,47.318676923915085,0.8965165815551221,2247.7695082600967,1797.903753967926,922552969.6629161,669110307.4056965,0.9887872913854266,949963.5807255076,243790.11117371303,445020.9058142461,15241.991600474546,13
2024-02-10 19:00:00,47.70133980676451,48.12920403096209,47.574921093121844,47.73699064461205,622.6892452851897,19500000,-7.787120429878201e-05,8364130.602840189,47.73699064461205,47.703445175127875,1.1039429931062636,345.8939151942152,274.029233685474,930871317.569935,679438777.6655346,0.9837509156353664,814899.7307312419,213909.71139128724,386489.8509472272,27966.051611597588,13
2024-02-10 20:00:00,48.390682863390126,48.66289406232254,48.05474635286816,48.18626291602633,3609.8548921278425,19500000,0.0003055146890951,7568022.438383967,48.18626291602633,48.14191570724083,1.1049942505430452,1803.7472661329464,1329.9888918231936,939632126.8625133,678108591.3104354,1.0533085252851455,892431.4665241115,192061.58439141608,328385.2306922716,20237.5365357156,20
2024-02-10 21:00:00,46.76001352748563,47.02074670412497,46.529087499129986,46.73809979765001,10776.90815745526,19500000,0.0007414523411455,7378867.49784229,46.73809979765001,46.73152375429482,0.849483903096653,6815.428557719759,6441.617785166182,911392946.054175,584822369.3202697,0.950827993663133,1088480.8063512612,155530.15938897282,642495.8304813066,31322.32698593172,19
2024-02-10 22:00:00,46.782882776311624,47.42014910044731,46.63038760612993,46.957799146164724,1402.2218682664509,19500000,-0.0003888908271452,8359219.515866824,46.957799146164724,46.99696319710852,0.730601012473563,656.1628480888311,489.4228344106169,915677083.3502119,506131346.4196088,1.0107829726569826,768363.3643605267,126956.69256854992,396176.4313424272,22992.882058291954,14
2024-02-10 23:00:00,47.56295519379941,47.77664486350901,47.43392922814491,47.65849864003221,2642.062847499629,19500000,-0.0001527446127706,7596789.5738516785,47.65849864003221,47.67211055100007,0.6672735986627725,1802.5483024653893,1466.2950285362474,929340723.4806283,676253646.0606833,0.992821300843708,1196718.365264296,170545.41791164177,668216.5974892402,64017.312633884,11
2024-02-11 00:00:00,47.85433071978111,48.05796536671237,47.54398949974386,48.0214938268676,2969.190111672618,19500000,2.8930732266011888e-05,8236338.558414,48.0214938268676,48.00078973397044,1.0140691499111252,1473.9118874473415,1309.5017648572737,936419129.6239183,455801035.9703852,0.9572979968607396,1196049.7141006016,214844.32132150832,479150.905839043,19116.441502651483,15
2024-02-11 01:00:00,48.63886959108779,48.91219130409711,48.61138992415552,48.63718337601421,2365.4146020251846,19500000,-2.51264681425853e-05,7215779.830639949,48.63718337601421,48.614258431364135,1.061420327662269,1019.8614832436132,801.2536918507625,948425075.8322772,474819477.3415386,0.9754277101641066,993513.1970120753,180316.31123892052,455238.6382265385,24753.927907962923,15
2024-02-11 02:00:00,47.283401125444485,47.45042155695807,47.12246555494096,47.29492266274752,5004.972119876143,19500000,1.7299050103760578e-07,7078095.553331261,47.29492266274752,47.32972289407698,0.7894993129426273,2362.805145100182,1679.3976099198364,922250991.9235767,535042310.2293854,1.009508619817175,766598.2423631315,109488.77402941996,457699.7875466329,17357.089197902136,19
2024-02-11 03:00:00,47.56924595460608,47.76733096894204,47.24113614545112,47.61385305930405,3775.2636759500137,19500000,-0.0002912696796779,8378032.1171132205,47.61385305930405,47.50449661986154,1.2326994834186036,1593.8494214819964,1699.203961073958,928470134.656429,496823888.7235873,0.9740682034103174,1113130.9752007045,167067.42029657995,689133.429403301,30934.39662584419,16
2024-02-11 04:00:00,47.521637829109224,47.52500490545678,47.248046487250264,47.33127842168629,3216.8251898641347,19500000,0.000521186816065,8047754.562967918,47.33127842168629,47.37375185383597,1.0309117757689736,1739.085243142068,1306.2113347714137,922959929.2228827,585820982.5411786,1.0077869178466012,872170.5391607861,100878.08141628902,285374.11599058885,25904.026998325156,17
2024-02-11 05:00:00,46.93261805407176,47.21244881884276,46.77757065396446,46.88114416354594,4441.00632972867,19500000,-0.0003267825795429,8490840.3966785,46.88114416354594,46.79797627425303,1.3098210475827152,2109.812708468044,1644.862987517512,914182311.1891459,659665341.3130488,1.0518745968605905,1087443.1320659625,198997.18507931387,461791.2849921592,17011.469022974812,11
2024-02-11 06:00:00,47.778598384014394,47.90474998622311,47.61357840044929,47.709315073013926,3006.0294115180777,19500000,3.993615711325029e-05,7557829.783791294,47.709315073013926,47.64655786266621,1.0769222173697235,2001.4559054753963,1766.588598508226,930331643.9237715,555695834.0903419,1.00511802031652,1656062.0256747275,136864.6914327465,419558.9328162814,20636.45666738079,6
2024-02-11 07:00:00,49.05530183877063,49.2391469451956,49.05484753431819,49.14682044183071,14616.879125546657,19500000,0.0004137491775282,7400762.971999394,49.14682044183071,49.12646059340643,0.807940619098945,8114.393610454243,6417.01343508275,958362998.6156988,590506074.203157,0.9563946256442653,646627.7334414171,119876.77870058783,423954.460083973,34253.7193532583,12
2024-02-11 08:00:00,50.8458885959931,50.96829599591473,50.60499717269308,50.94769685807476,3215.292032216096,19500000,9.094454285624424e-05,8793818.525920624,50.94769685807476,51.063354454739,1.0959880033945546,1511.2211270174096,1860.5071740172057,993480088.732458,573178520.3137554,0.9745961121445932,2546159.277751828,199682.25670023583,455824.14647804777,33041.27219588634,13
2024-02-11 09:00:00,52.31427719845493,52.504890323577044,52.29004706680643,52.31042657573876,3286.70574640518,19500000,-0.0001938182500708,6982135.547178838,52.31042657573876,52.40340414066507,1.1434181334692433,1759.6401345062918,1147.7173765413886,1020053318.2269056,675551474.0546517,0.991437827837642,1036844.6249224106,187183.45529696497,419470.7892232276,14848.903575721792,19
2024-02-11 10:00:00,52.219029742640835,52.67801875954088,52.05849024016847,52.200967462505304,1267.454674691047,19500000,-0.0003046026969121,8717289.741532251,52.200967462505304,52.243066903604586,0.8962600110706355,581.506026807534,449.9968797746725,1017918865.5188534,488811392.04894483,0.9894329464301602,1258508.428689757,172490.89657859306,459376.8303780155,19736.18647985472,14
2024-02-11 11:00:00,52.38057935939133,52.75278067286576,51.85949556210299,52.57577339198641,2271.679798950121,19500000,3.1000241191665376e-05,8765573.088837638,52.57577339198641,52.59977646061151,0.7494478081194342,1030.4766934103284,1087.6991592236925,1025227581.1437348,476297118.8796423,1.0045604153534775,789852.9321562421,281511.0519705355,440332.1060083148,39199.49044684482,12
2024-02-11 12:00:00,53.37439892328565,53.75623595490929,52.88421046572185,53.39365342466178,5290.610057065601,19500000,-0.0001271088697551,8448582.573850803,53.39365342466178,53.299559018993456,1.020261750855754,2593.440866209193,2015.5250538153612,1041176241.7809047,668853223.5573529,1.009373288262342,1685523.4076154875,190755.9152334373,340199.7977236626,21587.002140495923,15
2024-02-11 13:00:00,53.530072133218844,53.93505226844956,53.41343862130198,53.52856561639594,1528.850729321191,19500000,0.0001615693275108,7464563.243583927,53.52856561639594,53.54230951256525,0.8185924589774196,661.2133237480436,543.477931425469,1043807029.5197208,637206158.8952298,1.051915838653566,1015053.1093804097,138518.72132803104,477477.9250450751,23981.230823869104,11
2024-02-11 14:00:00,53.65101248745031,53.850213550604394,53.48469304399278,53.674108366727545,1013.557210605554,19500000,-0.0003204353443172,7388092.750589488,53.674108366727545,53.649996802259686,1.2512931450512097,462.7844056319248,332.8578797190544,1046645113.1511871,598898088.0308436,0.9998884100473632,911689.5062926221,185312.8889152058,510533.17017852,30886.65754569615,20
2024-02-11 15:00:00,54.48239865730617,55.01955299187662,54.22976127820242,54.571173996745074,3029.5147452447704,19500000,0.0003439107210662,7755382.059094352,54.571173996745074,54.53206450984182,0.9217923146263144,2064.3539481390217,978.1733596710076,1064137892.9365289,585486319.6771201,0.9654341665937228,847881.4223582428,151521.1751529158,396958.44295633474,15219.784740417055,13
2024-02-11 16:00:00,54.4531385492663,54.889117959426386,53.99332887077518,54.5119607906304,5915.742244943866,19500000,0.0001346648569493,7110612.236151636,54.5119607906304,54.525850606680436,1.4118772774388475,3549.6866525134405,3111.3876840270705,1062983235.4172926,494863589.2840803,1.034614183907457,958672.9573731225,223393.41870100008,642793.7666696252,17121.508356854603,10
2024-02-11 17:00:00,53.70900197186055,54.02847625698258,53.27790884737068,53.72800655568397,3044.800358696272,19500000,0.0001569509183057,7302786.615881165,53.72800655568397,53.70806755466355,0.6538798019367457,2059.2922595057403,1171.1792423921872,1047696127.8358375,685368074.3669158,1.0378907373034307,1261788.8705244502,174598.49483575422,577875.8597875038,20596.785008205195,15
2024-02-11 18:00:00,53.29947734183995,53.30000631999174,53.22252610270786,53.28979991165964,2519.807273187168,19500000,0.000532323033472,8304273.540881423,53.28979991165964,53.34145369051878,1.0273258056778396,1202.0843466367874,1495.570491575213,1039151098.277363,599008530.0457189,1.0069732928201791,1143753.9597408315,178971.3151996416,523760.8467735648,32577.82385250156,14
2024-02-11 19:00:00,54.040404667409625,54.05936785931521,53.90794586237793,53.97511727422039,1177.037574993854,19500000,-3.133864951155976e-05,8307339.926893201,53.97511727422039,53.87602140032832,1.3309307746365715,773.4360995500954,417.773406843607,1052514786.8472973,614227012.7927549,0.9926081681437312,1050480.44919074,113482.95148618332,522491.580494737,30820.323476138303,17
2024-02-11 20:00:00,54.100444075840976,54.636506897698176,53.7587790560504,53.983746740578866,3737.331231960431,19500000,-0.0001177450084199,7251624.678119223,53.983746740578866,53.993194512879505,0.8368914860636465,1901.1125354477813,1518.604730147492,1052683061.441288,755861656.0725477,1.018676392076472,803018.8878045967,165270.3513215663,445084.4820895895,28167.66337529214,12
2024-02-11 21:00:00,54.32575075342841,54.78298286048113,53.853064900749764,54.35775091390355,4149.061962079484,19500000,-6.432908850406194e-05,8325151.86916007,54.35775091390355,54.31540094109006,0.9686613742687048,1839.106958221216,1711.3743163288095,1059976142.8211192,711524212.16844,0.993667605589614,784681.1153989465,160481.43361242508,555861.4885850096,21769.21327189054,19
2024-02-11 22:00:00,55.04637823560521,55.613210575334605,54.560822390643565,55.09664358631932,1223.0875879905248,19500000,4.2242029143022624e-05,8178721.052798784,55.09664358631932,55.07958369141199,0.9225560529824388,784.5032149911048,550.4454782657216,1074384549.9332266,554202946.0333837,0.9383287321366754,887667.369896257,125988.59124976964,605706.5594293735,31852.492688207643,17
2024-02-11 23:00:00,54.73847797379876,55.232385014879696,54.63188763066182,54.690606665206644,5256.739382953089,19500000,7.271053156260142e-05,8899387.229804555,54.690606665206644,54.712735929560736,0.8721851684898414,2196.765312389615,2950.0335730886904,1066466829.9715296,690163954.5799128,1.016904228489174,1283129.233666481,153987.17957275832,520010.7703540232,21681.321982529636,18
2024-02-12 00:00:00,55.59748005881958,55.60884584229579,55.21073484524155,55.52964006213543,4371.440042338395,19500000,-0.0001492093209805,8254202.286862696,55.52964006213543,55.47314932269231,1.0501410917347118,2279.512990347765,2406.1763892981216,1082827981.2116406,530235519.40718395,1.0267675443092372,1391100.9357134784,181486.78332616613,394724.4997840494,26994.55353498879,8
2024-02-12 01:00:00,55.90897977788086,56.400671911361854,55.82194336340101,55.957573383094974,5250.916812404606,19500000,-0.0005069255759099,8583811.174577272,55.957573383094974,55.972359172420724,0.7717579455158878,3391.0126752230917,1590.9590032581516,1091172680.970352,554554863.7257681,1.04323261691138,1468158.951878463,162577.9080743957,438916.1679106475,29840.198087549925,17
2024-02-12 02:00:00,54.68432266148204,54.93102865581065,54.22340184948362,54.598014831925134,3990.8620768872,19500000,-6.827870026371144e-05,8193635.797639071,54.598014831925134,54.59188138893092,0.9780507132370838,2335.274804772158,1687.2427810154586,1064661289.2225399,707195695.5507905,0.978077246711423,1066737.3301962719,114344.95472093354,496199.8294835686,37761.52553457984,11
2024-02-12 03:00:00,56.311618049868656,56.75623104998691,55.68646037903659,56.201509699763214,4133.341151460706,19500000,0.000207947699886,8529970.065638626,56.201509699763214,56.170003871622406,1.108711851778911,2295.73913797098,2266.6458338029797,1095929439.1453826,534558352.2553384,1.0067849594758382,1244353.726282967,152009.11903812876,523111.0121296809,22316.96933124091,19
2024-02-12 04:00:00,55.79078801424962,55.79453480315572,55.393965371631246,55.64703098070588,3867.487882768843,19500000,0.000140877491876,7115120.382198064,55.64703098070588,55.62640972209624,0.9578934367943448,1957.2976250128752,1160.4758706425284,1085117104.123765,579515671.5870953,1.0074339867355897,997813.6350500139,144783.35529987316,435610.8409340302,20357.74959210979,17
2024-02-12 05:00:00,54.032037069302355,54.187757022560525,53.79581331465964,53.840545533798455,4601.953474729808,19500000,0.0004598663409477,7810367.102036999,53.840545533798455,53.83760843021704,0.8186973167991287,1944.4024217277872,2117.321387505865,1049890637.9090699,755310307.34929,1.0025614767911144,531672.450953836,170822.1747672769,394998.9124461509,33473.943487999895,15
2024-02-12 06:00:00,52.64080651459378,53.12837196749289,52.33588243410527,52.73218254255699,1200.6533133708012,19500000,0.0006866459631891,7862250.604929413,52.73218254255699,52.69696606566792,1.2287987666651543,837.2054648958141,453.6580733590372,1028277559.5798614,690482873.2731534,1.0034456811485866,979043.5116955076,166272.47551921092,607338.3920412216,34253.902321859,13
2024-02-12 07:00:00,51.6728674603855,52.082644041412905,51.46034476958476,51.67143117965141,1407.3591489174532,19500000,0.0003278001314375,7734505.31335932,51.67143117965141,51.67696490446292,1.1572556605796978,636.73448055605,596.4818229236123,1007592908.0032024,734371854.0767918,1.001114080461309,918568.1989539481,146839.69117543328,357016.0640528016,19283.16380135982,25
2024-02-12 08:00:00,51.73171632001862,52.0523053195127,51.31106713652195,51.73054951713187,2063.164091013811,19500000,0.0005147561927224,8171908.2852419475,51.73054951713187,51.72133234258197,0.8120142138268882,983.2886197161458,879.0964965264312,1008745715.5840714,720799253.6815965,1.0063524820474845,704387.5632278481,145413.1294948583,366492.6145733295,16292.98425669701,21
2024-02-12 09:00:00,51.443047927591124,51.60814608361634,51.26796436189457,51.45314031375668,2793.6099131587025,19500000,0.0003300322876789,8297397.37023065,51.45314031375668,51.426833221637,0.7719607957110869,1315.1609490960884,1166.4057006813282,1003336236.1182553,545587984.4730339,1.0222204310198606,850640.1061224876,165513.10368280555,339277.7722782919,32718.97094381909,9
2024-02-12 10:00:00,51.04642371665372,51.27142999672504,50.59981998461535,51.112795001678165,3619.417794563203,19500000,0.0006129697767782,8138224.937461594,51.112795001678165,51.199167561364824,0.8266409125096124,2433.632902958975,2054.3273816272417,996699502.5327244,637601858.4477768,1.0366086257375295,1126626.8603295907,207055.9216676634,366329.9965491559,13869.976068896172,14
2024-02-12 11:00:00,51.60163458766756,52.25575893536013,51.460400703454894,51.755406317842706,3506.38484365321,19500000,0.0006552560902873,7775952.922387918,51.755406317842706,51.782072769386055,1.1152232767790835,2205.889559117184,1616.2298133946465,1009230423.1979327,568811050.2872894,0.9773100273791908,678339.6275614913,174496.52923866542,567768.4609502731,13659.077138527184,15
2024-02-12 12:00:00,52.123283313234246,52.35221512176271,52.0315354418501,52.11362358970453,5211.134710357952,19500000,0.0003853495512336,7436000.350763944,52.11362358970453,52.09889043082941,1.056661679815578,2799.4160417249914,2976.204189681073,1016215659.9992384,669819548.5351837,0.9948309593563546,803223.1846192433,232295.91447458547,571583.8961198092,20941.988999379293,20
2024-02-12 13:00:00,52.368720075729335,52.683833847330156,52.20822022484432,52.449319538743396,5293.567320550006,19500000,0.0003119140439273,8610362.410368335,52.449319538743396,52.46221475104166,1.171185568871978,3634.7057731684927,2742.1881535212456,1022761731.0054963,567159330.9458855,0.9873217564033704,1982487.4212996082,216057.04406868183,435909.9189652539,22713.890093288057,13
2024-02-12 14:00:00,52.89537482148095,53.187533299982555,52.86781340793548,52.88627907103872,1927.1691545483145,19500000,3.843034841878979e-05,8110586.217011139,52.88627907103872,52.837263002636654,0.9368519217881324,801.3844128166484,781.1510774616698,1031282441.8852552,464484673.59516644,0.9830298292839984,562203.7181644089,236610.503741367,488582.137748418,16026.747915275088,13
2024-02-12 15:00:00,53.46232896084459,53.76664456102637,53.31196831684516,53.547366842477075,3358.628734841272,19500000,8.759881571082706e-05,7269608.326218638,53.547366842477075,53.52933360970677,0.8311484602965892,2243.9036004907875,1504.8977694496916,1044173653.428303,499304486.8424735,0.9515190575408192,991951.2258211953,229155.6882641416,441484.8945341769,23542.422877931785,23
2024-02-12 16:00:00,51.22900206033684,51.62567138835539,50.89083038407477,51.341919200217205,1950.974413809432,19500000,-1.3511994050786251e-06,7765544.062022091,51.341919200217205,51.330620001539025,1.2017385472460425,815.7574212704542,813.4735340559306,1001167424.4042357,682099068.4304179,1.0007266736755889,669427.6249120906,240563.02181889684,348573.585048474,23859.5784199299,17
2024-02-12 17:00:00,50.9980439886449,51.21852659772638,50.901630115699,50.97415766551964,2713.1795201689,19500000,0.0002863754832685,6860137.938586238,50.97415766551964,50.91570081194604,0.8952164891040162,1403.6341462432804,1488.3750848162224,993996074.477633,472348498.5766828,1.0143796110863583,790204.7453961954,121992.4330220276,689430.6572448432,19070.22756727681,14
2024-02-12 18:00:00,48.818844108156426,49.2224367759759,48.74976223860366,48.80411292568208,3501.321278997733,19500000,-0.0001161044112078,7909156.76606704,48.80411292568208,48.827897807675186,1.0380143519305465,1457.2550405478796,1247.4484469835252,951680202.0508006,599393701.0128323,0.9953470074430338,986192.8370214135,191349.44099547472,582420.5108289645,40539.79056053758,14
2024-02-12 19:00:00,48.90079638954255,49.34532957781117,48.77954470618148,48.84420725221321,542.2048932141972,19500000,4.266813706602703e-05,7762629.485404736,48.84420725221321,48.82439542130266,0.733457981611568,379.3757199357599,314.9796644166853,952462041.4181577,673708360.5280508,0.9997312631080876,719039.5429434654,220704.53454241497,474911.5623072439,25057.497496835327,18
2024-02-12 20:00:00,49.05810093026876,49.515376522310355,48.80668601858256,48.84456579714398,9952.927617805011,19500000,-0.0006065509655534,7532554.048646682,48.84456579714398,48.83208763869688,0.8922917866049973,6711.42680698277,4718.955179008623,952469033.0443078,640373858.4028227,1.012553107837274,1342809.1088350492,230903.8872622914,372809.1910230841,30901.0891845803,12
2024-02-12 21:00:00,49.90934204168744,50.1909785651831,49.44539588108422,49.881678707078045,3956.85318739237,19500000,0.0006169269684317,8952739.175603772,49.881678707078045,49.85829817366162,1.2237002547484452,2276.9303579718817,1913.2468792390853,972692734.7880219,558356404.2547548,1.042333590854909,1832446.155615562,134231.37871895882,422951.6397100693,14230.40431299051,14
2024-02-12 22:00:00,51.13535600234041,51.36145024125909,50.60348572041363,51.08579442747491,2213.097423366475,19500000,3.385762522410449e-05,7190057.67928518,51.08579442747491,51.242070500523525,0.8665331498848505,1029.872348969555,1007.0487811968898,996172991.3357607,510619611.6472411,0.9874070641143088,1494606.2255374524,191826.2188957927,385198.81774978695,14193.614456167854,14
2024-02-12 23:00:00,51.1879685770527,51.66030092176174,51.16413486933666,51.29852318668064,7814.098472649239,19500000,0.0002366741312009,8345337.165161628,51.29852318668064,51.26966186035426,1.1769198914125985,3774.469908978358,3644.0965641045937,1000321202.1402725,726994683.5903343,0.9648516365699832,1608073.3260689008,165843.65169238168,451132.5366657472,25286.31914478321,13
2024-02-13 00:00:00,50.662075330413685,51.218614692431956,50.27700719188288,50.792806611922906,2505.602277492261,19500000,0.0005373360084134,9394535.366986152,50.792806611922906,50.69281198412284,0.6273793237387267,1340.1539755441815,1253.559396452067,990459728.9324967,614005700.6061082,0.9972867955901916,614649.7115295297,258271.0924667946,470703.9574413068,38424.75939951434,13
2024-02-13 01:00:00,51.455565191946896,51.74525088653244,50.91507981910626,51.293188453739944,3185.166022158139,19500000,0.0001900880312323,8596653.122543458,51.293188453739944,51.216252160485766,0.8941530407584707,1582.4989498334426,1581.468618006326,1000217174.847929,571750160.5736004,1.0565068379010985,968470.8590727123,115056.327744284,413236.3156820376,16269.041173622894,18
2024-02-13 02:00:00,50.665790772410055,51.11484875092476,50.16069872914669,50.75954159300971,2336.576481113447,19500000,0.000533303110628,7866934.118107436,50.75954159300971,50.8031594002274,0.9663096676878072,949.5710634933664,851.0842597397749,989811061.0636894,725152716.6746948,0.9651729832471484,1286801.8452422807,134279.34922031287,330749.79078130826,22994.56112107464,16
2024-02-13 03:00:00,50.657215980838835,51.14379051109843,50.480994388396816,50.763203872301325,6808.968496455212,19500000,-0.0002725213436454,7202772.5786380805,50.763203872301325,50.83612281314215,1.4169519644574398,4064.115344045792,3232.435560873083,989882475.5098758,509299802.9541868,1.0195040708674086,1512354.7739105343,103501.5165005467,677667.3397260779,15206.391723811736,20
2024-02-13 04:00:00,51.77545961200229,52.129742032038145,51.62763601932097,51.77950865786158,2828.5164960407024,19500000,0.0008192129768793,7072588.5843069535,51.77950865786158,51.74938348515377,0.7915101499905292,1651.9338821741535,1149.4749700380485,1009700418.8283007,588336846.0297115,1.0347373968785534,2152290.7078388645,168746.7031674198,463937.6046208722,17754.836208366683,18
2024-02-13 05:00:00,51.20097921867601,51.59231337599875,50.96899673615663,51.210216764755195,3212.2986505569143,19500000,0.0004261330595466,7631370.032450785,51.210216764755195,51.28083307624491,1.1436199875847854,2156.3942757129826,1577.5890726754078,998599226.9127265,481917708.4641456,0.9290339734181722,1636905.157718409,286633.6123958228,484715.9847997394,23340.22149302768,18
2024-02-13 06:00:00,51.95333891058215,52.15587916792273,51.508319505773905,52.047284937179164,5441.940993636491,19500000,0.0001627607477459,7465045.041807846,52.047284937179164,52.09108741170127,1.2353895633479426,2955.279862103905,2526.9673361184355,1014922056.2749938,494738044.6778423,1.0123066757082546,1527736.1099045551,160960.55200894715,406572.73537882185,19000.42518376661,11
2024-02-13 07:00:00,52.73031492618738,53.02545207993302,52.34612520394498,52.76249722339851,3994.084732629368,19500000,0.0005275237997876,7445633.630450226,52.76249722339851,52.7577760282358,0.8656298130247848,2010.6729335075847,1413.5224837890871,1028868695.856271,586021876.1595187,1.018102319112193,3060657.480011963,166918.06305913505,323708.20169721934,14888.476881101104,9
2024-02-13 08:00:00,51.89697772374458,52.20227132448378,51.52553074539514,51.769688926790785,2901.044047121226,19500000,-0.0002505904657968,7683586.62785485,51.769688926790785,51.76138267259052,0.928017406140856,1605.5977823996325,1509.7618514447713,1009508934.0724201,666173034.3875633,0.9919799439586044,1109284.4369610762,186756.2729744956,435103.796312645,14788.789297424904,17
2024-02-13 09:00:00,52.708114384696906,52.79452455407119,52.579209921515314,52.793216374672234,5193.668082613541,19500000,1.3415536369151872e-05,7822559.13383422,52.793216374672234,52.8080444173086,1.0287307437838658,2380.821581063553,2270.173271433885,1029467719.3061086,567924586.4202665,0.9806068431673084,950818.7229740983,158091.20285731042,414718.64200018457,12508.923769710633,24
2024-02-13 10:00:00,53.39209999027265,53.99963195129052,53.00393101874961,53.541338169839534,10606.70486654266,19500000,0.0005332751189207,8198969.5294196205,53.541338169839534,53.59367246255953,0.7435665608340905,6233.158514792695,4936.70479883696,1044056094.3118709,685818932.2167243,0.9822801294242806,1145836.2100173647,178350.59105269788,509867.8615572988,25411.9582882172,10
2024-02-13 11:00:00,53.75711131907717,54.08504287315556,53.197455195541465,53.655959788237865,3493.6601680951094,19500000,-0.0004601180542684,7143249.792849158,53.655959788237865,53.682642605452344,0.9129988642423076,2204.534030456275,1753.0937257908922,1046291215.8706386,723570161.6662481,0.9901429451237314,740203.908394535,179521.97760599252,530309.2016068025,26351.33739287512,14
2024-02-13 12:00:00,52.90142042454899,52.969735378301486,52.638013479335946,52.84938524623989,3160.166654437248,19500000,0.0002681373324876,7467886.442811894,52.84938524623989,52.818901282084894,1.2907486620242958,1409.5560385776998,1567.0050791980432,1030563012.3016778,735073157.3121251,0.9909371190493668,1096633.5057400425,131743.32974185108,515558.4164202754,26311.622243835856,18
2024-02-13 13:00:00,51.88969169561161,52.37830028499606,51.54276476905337,51.95416875387581,3246.4375699540046,19500000,0.0002596528479535,7786704.724094124,51.95416875387581,51.95031338843188,1.110189767221584,1608.6583997938544,1703.3364686146947,1013106290.7005783,469489514.0774156,0.985276688717297,534967.4612158,158972.7880335783,539098.9788073795,16768.329888822653,22
2024-02-13 14:00:00,51.24096742741539,51.772218948368824,51.035894916003684,51.403625669502624,5740.001498726518,19500000,0.0006907677450466,7764427.362796975,51.403625669502624,51.51061015704876,0.9691360660619254,3790.354276138447,2078.0270193006927,1002370700.5553011,683736597.5610427,0.9896657424195268,863625.467190087,195924.22016156747,634589.2140265129,29785.75050536069,17
2024-02-13 15:00:00,51.8922908609073,52.36377244158086,51.64398965423658,51.96968654576484,2209.2340096950943,19500000,-0.0003748866259166,9134929.02297883,51.96968654576484,51.98793901672087,1.0228721180556786,1218.744983496779,735.9342232919591,1013408887.6424145,500768539.76160234,1.0357237547153988,1019240.732893107,205282.8430022068,478288.9601209918,27228.883990032067,9
2024-02-13 16:00:00,50.985367477390085,51.19085250075354,50.71773999124311,50.99094633939791,2593.701331759989,19500000,0.0005828893171094,8034712.767112032,50.99094633939791,51.040373160225485,1.1231992348950035,1451.3081583338917,1298.8059857338255,994323453.6182592,655735126.6296567,0.963567136632546,1560561.4178545114,225173.25656603448,551194.5792394412,22074.719572489743,15
2024-02-13 17:00:00,51.56416579983448,52.004628196653016,51.04516540566613,51.44423158993466,1381.988282222404,19500000,-6.784122294467081e-05,6931694.76724517,51.44423158993466,51.477149981409646,1.1670533054333512,852.3032118817051,512.4350139885767,1003162516.0037259,563274488.4303105,0.9475282473018524,1664671.390968955,176991.85909695373,488342.41788378544,21014.151632811507,13
2024-02-13 18:00:00,50.083314698686195,50.39515084555958,49.5937473004564,50.187361326921696,1649.2337559191697,19500000,-3.410283797355644e-05,8155120.6644894015,50.187361326921696,50.20609916692392,0.8946856696626052,945.617603817519,551.4731921172669,978653545.8749732,648199421.804423,1.0362035532170295,725963.6730847565,177894.5837670144,302547.30367248243,18128.94949738155,10
2024-02-13 19:00:00,49.979494077800716,50.27312982406235,49.75740211786119,49.98794402801322,2301.002090725557,19500000,-0.0002666013160879,8238716.944986797,49.98794402801322,49.99837645694587,1.359265103542579,968.4317938332402,780.8939508184757,974764908.5462577,501172719.88865906,0.9942394672197824,2448816.6233782605,196328.8260307745,428950.1297408142,23333.574083597403,13
2024-02-13 20:00:00,50.17034878349146,50.170671029497925,49.93118660292444,50.10269564866439,2898.7401860087507,19500000,-0.00022635561124,7808253.233533212,50.10269564866439,50.15266760760787,1.3011775214747463,1858.6389110604312,1141.6399426034366,977002565.1489553,628698430.3760923,0.988353031225524,1132628.3607679103,140267.61976362034,371928.7931313412,35781.072862664194,16
2024-02-13 21:00:00,52.368407710719694,52.9583333920184,52.17276404927965,52.619007559059725,7219.504948779691,19500000,0.0002210567042361,7157206.7737888135,52.619007559059725,52.6620837010277,1.1450536892374923,4886.527780860142,4313.914935092045,1026070647.4016646,500367687.50165135,0.99666348628802,1174931.102645014,138836.9132083413,463372.5560220476,30988.05184089613,17
2024-02-13 22:00:00,51.30029689805977,51.66872321167139,51.12590490133553,51.194448672234536,3897.132878757231,19500000,-0.0002336995744344,9077836.55216007,51.194448672234536,51.213077998216754,0.8448535559864562,1621.1416884162036,1352.9991805240718,998291749.1085736,500067961.00097,1.0062783010233738,558843.4657253963,157755.324969981,377678.2675545056,20396.872778529443,11
2024-02-13 23:00:00,52.60460645960142,53.028338888836856,52.44840300514628,52.729306055836965,1889.298253958549,19500000,0.0003220853000958,7239852.333986143,52.729306055836965,52.697997369902865,0.8154258544957177,824.4423875338648,735.9968579555496,1028221468.0888207,652240543.4731854,0.9842784631864492,832908.5451069889,118331.53412678516,499386.7766514916,25889.336338724534,14
2024-02-14 00:00:00,52.92797420541048,53.19079272801002,52.84712932325938,52.89285382719705,2071.4616689053505,19500000,-9.8889814090926e-05,8314935.03753888,52.89285382719705,52.918536418123445,0.936766938456356,1264.8190847306037,1193.6181515343858,1031410649.6303425,568339703.2276776,1.0151779338294191,1624371.6239305034,180182.44374737976,538318.4721238906,15828.55688059297,12
2024-02-14 01:00:00,53.36125519101212,53.793447459634514,53.10672437322155,53.33494152829112,5927.597944897305,19500000,-0.0002639101417545,8014044.506105157,53.33494152829112,53.3367011580705,1.0122271675403434,3445.96270999405,3491.3102520821185,1040031359.8016768,687599491.8245019,0.9711321227857332,1142367.5516168987,211561.39288646172,562819.3634567765,27419.78612772018,13
2024-02-14 02:00:00,53.582657496854864,53.94775510617053,53.37719865788623,53.46667903190532,5235.958359748819,19500000,-5.8342743907968325e-05,8275144.367547449,53.46667903190532,53.455544279936944,0.7020867036487699,2695.2362674531705,1930.2518008929385,1042600241.1221541,683474326.2723575,0.9909452146645245,1114401.4157742746,136283.02776850725,611611.350953524,17166.97668601891,14
2024-02-14 03:00:00,54.00920076406547,54.15938633045061,53.76287069666464,53.94975629189653,3023.211497483714,19500000,0.0002010121575268,9040732.11548637,53.94975629189653,54.09967057853572,1.1039985414559426,1698.3634136372127,1705.501864259342,1052020247.6919823,669600574.7819629,0.9335591123414574,1168896.792562045,181459.41474666112,316410.33642217866,27094.24623796447,18
2024-02-14 04:00:00,53.533817250470136,54.30544545684329,53.10898478837045,53.78956408899628,2389.2547285318315,19500000,1.67940214206942e-05,8249252.854784983,53.78956408899628,53.71215814645297,1.2936820472271189,1459.8383912193335,816.3495253084093,1048896499.7354273,701881849.8655926,1.035167114045913,599241.7346323627,139067.85205148972,348084.3077310983,53676.0216808933,12
2024-02-14 05:00:00,55.29539789712832,55.77402470058525,55.159411224195985,55.38232369371653,5231.568507104379,19500000,0.0001102630354998,7542082.860021326,55.38232369371653,55.44094659551081,1.1222042459992356,2884.388354007265,2764.6795240432334,1079955312.0274725,743204264.5805225,0.9947173691032112,1026903.6422514749,126229.3948238236,794575.3001507181,18564.311319791308,10
2024-02-14 06:00:00,54.899674806555154,55.44205006581544,54.54866883761406,54.8845041665595,1814.084908003196,19500000,0.0003088622385508,8616430.514141021,54.8845041665595,54.842645349941876,0.8735319609427141,801.9280204012134,551.304844774342,1070247831.2479101,774246161.4858559,1.020103122752115,1874840.6432370206,272090.5681349436,541395.1749616025,52936.10995239535,9
2024-02-14 07:00:00,56.125244852047786,56.692475428762805,55.61945457393334,56.14713997796549,3626.470713321284,19500000,0.000424726435485,7498504.250711384,56.14713997796549,56.16012094346793,0.8530981450106191,1547.8894274388012,1530.319467067555,1094869229.570327,519137444.5645204,1.0142972375279875,1648514.4882593686,126682.8142709256,462725.64322729065,25519.308643884637,12
2024-02-14 08:00:00,55.48668974751284,55.996562334468194,55.11946820954693,55.43373825115429,9286.61593171127,19500000,6.97140742317072e-06,7990682.4115049755,55.43373825115429,55.58166803318783,1.0618051897379088,4937.300129275833,3475.0569008658204,1080957895.8975086,671777179.2790409,1.0164944134111396,1015226.5063587415,118204.34824710344,445257.2580395432,17590.46565374121,27
2024-02-14 09:00:00,55.45993418019945,55.87886273977896,55.26520791107551,55.3725157561171,3303.3019599742406,19500000,-0.0002132666046728,7111725.030965885,55.3725157561171,55.324764215363615,0.969804530182284,2235.8908928194173,1688.655903895093,1079764057.2442834,728444519.3120754,0.9997667341427696,1995029.8111499331,171730.01619172198,437410.7528921773,17350.266577938964,14
2024-02-14 10:00:00,54.26938619304481,54.60011977060827,54.01655076755744,54.20342585587991,2022.7136104100773,19500000,0.0001228283436767,7261083.246628221,54.20342585587991,54.16960982069048,1.0926525092923534,1147.5537026498823,616.5571697498225,1056966804.1896584,544425037.3311291,1.0116468217821752,645036.8195193515,174055.65260496203,300514.3208296537,44778.64731522627,11
2024-02-14 11:00:00,54.68098069095741,54.798609236013576,54.35816101877173,54.70442426569142,3659.875287406512,19500000,0.0002411948758312,7919297.140902643,54.70442426569142,54.70893662921036,1.1278850868439456,1857.262348378049,1608.4072657372933,1066736273.180983,564395593.6087236,0.9711614676216416,723620.9723566626,192299.2507469338,379091.9925716871,25537.33059206642,16
2024-02-14 12:00:00,56.10627156556016,56.62020575028326,55.822030943705116,56.31422162885174,2356.6482146747744,19500000,-0.0003382175917915,8122503.830110624,56.31422162885174,56.272142687494856,1.2440573639812176,1585.10951748962,1199.5780280856068,1098127321.762609,582105546.928524,0.964864643313108,2249348.175080085,268419.6823051689,432626.68731062574,18585.81888092518,21
2024-02-14 13:00:00,56.181560967137116,56.66317947619803,56.098064023209936,56.23278692716945,1484.6614985125266,19500000,-0.0001671824891022,6882626.058050827,56.23278692716945,56.28812315827621,0.7973793940539831,766.9607592138436,466.2007276859942,1096539345.0798044,681718391.798386,0.9969668219948424,1344982.1892075716,134016.41161887406,383397.6671385777,20722.21965178285,9
2024-02-14 14:00:00,56.064042863521976,56.35605644423639,55.76711147146113,56.017395145361476,4232.372601249636,19500000,-0.0001157560687888,8206893.836660889,56.017395145361476,55.993053938239235,1.0453207640593702,2339.4183252786506,2409.151363335889,1092339205.334549,611547382.7329506,0.979606708588127,950883.7977659355,140841.55167628205,393553.6987260285,25065.125415925784,12
2024-02-14 15:00:00,54.668444212836086,55.26362116411133,54.37155809969058,54.78793091030421,5213.033444143994,19500000,3.765334338388705e-05,7386375.874681028,54.78793091030421,54.82924153837442,0.9298844007846908,2267.407849693971,2128.7902826519357,1068364652.7509321,694253716.4566898,1.0427639251974827,1044004.8102863017,243336.7034917654,738034.8202617906,21968.915413073955,14
2024-02-14 16:00:00,54.61157359423259,54.67145840632008,54.39690021512962,54.5427107242475,2551.780587194279,19500000,-0.000128310171088,8736997.233478278,54.5427107242475,54.475667417006335,0.9804662954590774,1585.2178602042304,892.050818890962,1063582859.122826,673324426.3145703,1.0112543328792134,773011.8336087717,205824.870167652,420697.5271781486,24434.94952169148,13
2024-02-14 17:00:00,52.93386640953092,53.13551286446698,52.51426810030332,52.8378712733178,2468.5400029910256,19500000,0.000312112217529,7667835.4766087495,52.8378712733178,52.747685930121726,1.1887255543877646,1506.0337603730618,907.5324392089288,1030338489.829697,666766604.5539494,0.978505558296384,1192233.6495296129,198793.19345020605,467719.4838240677,37499.51464205777,23
2024-02-14 18:00:00,51.90028775674838,52.162884745945256,51.850718175557745,51.887122232135816,1843.1241242753867,19500000,-0.0003815399604375,7208794.520702546,51.887122232135816,51.880429572766765,1.2148555424368803,1176.4167288501058,740.3309452411844,1011798883.5266484,531897902.48149586,0.9918537868448326,1155053.7757056735,140439.60618443432,464402.66018131736,15703.027397774173,18
2024-02-14 19:00:00,51.80879608734996,52.35357829654959,51.63440403571434,52.12821483752199,2765.653407456461,19500000,-0.0003739156091583,7934782.060887813,52.12821483752199,52.051664145450175,1.3227180259139646,1376.071302199605,994.2870551297416,1016500189.3316787,691435029.8427917,1.003990197459643,1075886.9674281054,215662.95082415256,497769.252246356,26725.91835187849,15
2024-02-14 20:00:00,53.39019785711826,53.58514553168293,52.96079286477936,53.52702238592239,2250.293224119954,19500000,-1.666434534386955e-07,7329393.15560534,53.52702238592239,53.61364350224243,1.0888455974146911,1194.4915709140853,1019.7735403304836,1043776936.5254867,677631119.3140776,0.9979599113155324,671184.6707473623,198947.39162148617,402135.1265537199,21549.991877019253,20
2024-02-14 21:00:00,56.839761980148936,56.927027097056076,56.479323740219264,56.62614673203539,1798.096090594613,19500000,4.730415875804301e-05,8729491.622213976,56.62614673203539,56.545182469784635,0.9782369499781468,810.0468082521638,880.8504514822096,1104209861.2746902,540173814.7654204,1.008152380988028,1186602.246239506,170652.4510115013,567727.1710270547,18963.7851800661,14
2024-02-14 22:00:00,55.91012326869635,56.440129457235365,55.571768145866024,55.97130413476582,7677.769967794639,19500000,-0.0003363931618574,7887142.800196624,55.97130413476582,55.918820587987085,0.9506819651325944,5292.681958563413,3301.663992275097,1091440430.6279337,556691217.052582,1.0020596363338692,863628.0940476609,140613.1873634649,483454.4781260667,30383.41715797516,10
2024-02-14 23:00:00,57.378459070907304,57.886099920560646,57.143190339447486,57.607060387853195,3764.033528617267,19500000,-8.20246527942694e-05,7791686.980064896,57.607060387853195,57.63664851961213,0.7068399622288382,1602.812817956219,1611.4190575860064,1123337677.5631373,606927601.4472181,0.9582802975458976,719499.548065571,167154.5125674851,342000.3793501412,14208.168285700936,13
2024-02-15 00:00:00,58.037400219183446,58.06567744899443,57.71115986080687,57.89437247438975,3968.7146440467545,19500000,-2.031314522572677e-05,8269182.103513368,57.89437247438975,57.86621473870673,1.307277864191642,2360.2104383613128,2121.31709214289,1128940263.2506,825043602.3446536,0.9354728629748826,1771609.6144388735,245762.7016986128,433002.68165067455,10829.942087384876,14
2024-02-15 01:00:00,57.72682348228848,57.73634336224852,57.19644197530979,57.72528157172365,4636.429220778785,19500000,-1.798938410664366e-05,7277560.633793211,57.72528157172365,57.64340472678509,0.9376489228086756,2835.5344860112164,1809.6215714038508,1125642990.648611,616745376.7314456,0.9887917286532404,2542327.6691175113,123810.57577161472,427440.482680049,23561.27855727437,16
2024-02-15 02:00:00,58.361391389217594,58.637718221707175,58.03281346387063,58.23270404425761,4383.128896988766,19500000,0.0001455644449867,7113961.281913611,58.23270404425761,58.35731994385639,1.1064751388747691,1960.6653475261212,2133.841490709479,1135537728.8630233,517764012.50285757,1.0168147811529509,2321560.4676626474,133259.0467769862,423524.6127817424,21132.049021096787,11
2024-02-15 03:00:00,58.342990077727165,58.43889354148316,58.17268342133757,58.31069077439116,2424.656208429814,19500000,-9.847366532706856e-05,8148710.140621964,58.31069077439116,58.25811588450338,1.145451984208932,1235.5974371020395,1376.9052219739376,1137058470.1006277,559987334.922056,0.9891289289630928,1384363.7238566587,139114.05166261387,489852.3805160297,14678.598459961284,20
2024-02-15 04:00:00,58.49902364315261,58.91151543701671,57.91397728473213,58.445422278441505,3416.173388868241,19500000,0.0005433508900024,7222620.71367677,58.445422278441505,58.43979645023479,0.7795307820293664,1410.66770446547,1251.8714604483846,1139685734.4296095,523858311.0329492,1.0370969234021568,959788.3301930843,146868.76486516048,502296.0861427268,13184.98882383314,16
2024-02-15 05:00:00,58.01795073400305,58.47938110866837,57.54339153852646,57.97585918794422,2605.7732883438744,19500000,0.00024646139192,7222424.581312839,57.97585918794422,57.96952865777419,0.8313791933709869,1477.4277942448184,1266.3282156199418,1130529254.1649122,645364629.4430869,0.9985933990210332,1037744.1703779179,162115.7440212352,490573.609253868,39308.26233532606,14
2024-02-15 06:00:00,56.461473147086,56.59037283182718,55.99840252232824,56.38282043059904,3711.650043503543,19500000,-0.0001421340561923,8432826.495533979,56.38282043059904,56.42850794600765,1.362612729541788,2592.5186777298086,2169.056862655204,1099464998.396681,757691928.094226,1.0407158819275593,1255372.6098579115,206827.9892616916,473441.2328305949,25308.724429625552,20
2024-02-15 07:00:00,54.92323728721731,55.24848003581493,54.64712105859628,54.67420389382061,3536.332467596323,19500000,0.0001283534480102,8225150.975908872,54.67420389382061,54.70495006691553,1.0598073042305538,1870.5978260809625,1622.9593886621303,1066146975.9295019,623835362.7658991,1.0345571031779293,902210.3541046854,182654.8396280943,450056.1094009107,22156.666856195152,2
2024-02-15 08:00:00,55.506328030885996,55.59205458132513,55.326057071079,55.39874297002985,2461.8536700202203,19500000,0.0001372045955816,7134093.263997494,55.39874297002985,55.358479106150234,0.890370925496542,1715.918079210678,1460.0498749015196,1080275487.9155822,758027409.0586054,1.031538605955234,1808893.889078277,165249.25718836495,287724.4698213834,42555.88671827364,20
2024-02-15 09:00:00,54.92437381580472,55.26579209456418,54.57376958786623,55.09852253885141,1533.5654128142637,19500000,0.0004644164423493,7505684.298797906,55.09852253885141,55.086079792821224,0.9750471967570998,671.4986483770796,602.7123907667851,1074421189.5076027,498809488.27628887,0.96389465097379,472792.12254468503,174424.69300575522,516886.46494576207,29930.064261961637,24
2024-02-15 10:00:00,54.499637369930866,54.984027691220035,54.33695677858976,54.45099504202303,3207.087644625848,19500000,-8.011472867490531e-05,7336728.236759137,54.45099504202303,54.44408398922352,1.2426514724397744,1660.4257004625088,1505.0482847200308,1061794403.3194492,627432213.9717798,1.000514220039196,948286.4137229455,190231.6349822492,487804.90449138544,37450.78803930626,10
2024-02-15 11:00:00,54.590048034256135,54.887071443749804,54.342809605418445,54.465704924870295,2691.5304628259946,19500000,0.0003302016093161,9091110.493788986,54.465704924870295,54.511944102392356,1.2054619999934535,1804.9120431166173,1058.6077986633975,1062081246.0349708,728717958.302133,1.0366832046244694,1470525.941661764,106891.9204216554,363323.0798947158,15460.038641137618,16
2024-02-15 12:00:00,55.47721492069659,55.96868129605989,54.91288303457965,55.34409015695901,1158.4218412751163,19500000,0.0001125563427347,8479676.984463248,55.34409015695901,55.28496485258642,0.745860754439658,768.0436947398136,348.8191513530538,1079209758.060701,704094431.5090652,1.0081703417427412,761189.9583661282,212754.89362604983,467949.8708897704,15287.369184920271,10
2024-02-15 13:00:00,55.502251412783316,55.6747712850826,55.34355662882798,55.549646925154214,3842.3171360553215,19500000,0.0005474699549346,7625698.58298444,55.549646925154214,55.667307218730436,1.3866028580741323,1909.9292938418048,2302.2873420973374,1083218115.040507,764586973.0081395,1.016630797149969,969603.520249544,132375.3549474508,503625.2385784979,26505.898458204854,17
2024-02-15 14:00:00,54.958768488993634,55.140145803757,54.791766261838895,54.83101830858844,4830.334776364592,19500000,0.0004872674357918,8258864.419194754,54.83101830858844,54.79487461220194,1.2131613109014998,2915.508801261411,1796.9715814264491,1069204857.0174747,568977810.7051107,0.9583633808465314,1353439.1748641501,145673.39979722633,559192.6986533853,24943.03154632876,7
2024-02-15 15:00:00,56.30231683943941,56.56747380459549,56.17756818521604,56.19804222634911,10553.134856945682,19500000,0.0001590937913777,7075914.043013766,56.19804222634911,56.20317033160335,0.9699652335109602,7026.784281369319,6246.723401013143,1095861823.4138076,657796800.5997571,1.057563697918242,1959127.3925650055,177213.2042438761,489950.8155571489,32045.06943388776,12
2024-02-15 16:00:00,58.3055610108664,58.58547439200996,57.750037641489584,58.00711239465935,2451.36734617857,19500000,2.131521369518185e-05,7473622.574468838,58.00711239465935,57.94562546809391,0.7879312110021142,1544.5164521858835,1215.6572080212086,1131138691.6958573,738705476.1260297,0.9762587679230376,636109.9905688382,159715.36528383385,471804.6781124805,13504.298719487444,13
2024-02-15 17:00:00,58.50168949193986,59.174091751032705,58.14065884765676,58.589574056476685,2277.068278375433,19500000,0.0002519817729038,7953249.479328851,58.589574056476685,58.51937443033273,1.2346675308056771,1340.1522748751663,1300.616047520895,1142496694.1012952,571873277.7157891,0.940167245747494,617523.4276508855,183823.73403998755,534642.9733098245,27202.90980783336,20
2024-02-15 18:00:00,59.68702842302339,59.816038818235235,59.16841664680537,59.74766041769242,1711.78075491059,19500000,4.58649918618502e-05,8177365.096233947,59.74766041769242,59.70139013208904,1.0999728526150556,763.0651021659868,1010.2259410240962,1165079378.1450021,809429594.1119828,0.989466227865248,731088.6519281296,168629.11215693408,416104.6191476376,29637.05128134571,8
2024-02-15 19:00:00,61.21895159710488,61.77833871239823,61.15111830814239,61.25645513261934,3308.7341170527498,19500000,0.0006040921317935,7825556.0403932175,61.25645513261934,61.20312996619459,0.7470974287737299,1395.957596684581,1556.2589954206364,1194500875.086077,649140768.2586112,0.926575484454368,577052.0452594351,151397.9270831062,480412.6225466202,29168.70363179604,18
2024-02-15 20:00:00,62.6015660690205,63.20421276169854,62.47844579973182,62.66300365377859,3298.288875103159,19500000,0.0001235410234531,8044853.7740464965,62.66300365377859,62.64331136472574,0.9546451148307302,1927.4759994654485,1978.6679143646768,1221928571.2486825,584072315.2301385,0.967446245656265,593712.6334522385,238515.49180161295,390732.0700174872,19496.528160280333,15
2024-02-15 21:00:00,63.33078691041496,63.79468915108384,62.99526001447107,63.44371936376682,1986.9415632982184,19500000,-2.169278975385115e-05,7936389.430912133,63.44371936376682,63.38795455315137,1.868684277968777,1092.9821792985992,1053.4743758397904,1237152527.593453,840905423.5616809,1.0767553549931337,723342.1330664969,194272.36233167813,552417.4787687811,25734.416835859745,13
2024-02-15 22:00:00,63.85912417192956,64.43484844945196,63.626607760765076,64.21392866763588,2731.305718489435,19500000,-3.788452582217769e-05,7784272.338686561,64.21392866763588,64.26501421406823,1.0033058036392004,1287.5675543761922,1248.6010232927451,1252171609.0188997,828318273.4789792,0.9885987766749034,1748203.9431604627,175523.69574850952,320634.70939068974,17453.62901371202,13
2024-02-15 23:00:00,64.83487019890693,65.22821911470321,64.5220176687308,64.8912866151886,1108.3937415107755,19500000,-0.0002639106755596,7702152.8142012535,64.8912866151886,64.84696691148395,0.8620912815398222,540.708759135103,550.29863362574,1265380088.996178,904878269.5048354,0.9571663849606062,942104.3799441266,193518.80306913576,520917.7479366581,20173.319135581933,11
2024-02-16 00:00:00,63.535896537674546,63.72171851600655,62.902278729572274,63.488996192782416,4737.137711294922,19500000,0.0002669677384279,7622392.780560429,63.488996192782416,63.438597643940874,0.8173406448481915,2452.066370488761,1697.2283652933618,1238035425.759257,888441982.7745649,1.0007589365969836,1080843.295787725,136443.73718242274,443983.1065455183,16108.769598046336,12
2024-02-16 01:00:00,64.32794467308135,64.9060202045317,63.977427071455025,64.39146322573538,2027.7059723750808,19500000,-0.0001460033607918,8034514.09741417,64.39146322573538,64.37259853189529,1.4253534195447122,1112.5135663355904,615.0230654281894,1255633532.9018397,669952984.2753549,0.9730658876490408,728334.9945446553,280321.6395191083,536637.1603921275,17542.824435256895,16
2024-02-16 02:00:00,62.91773481673833,63.23124077646277,62.414956865606854,62.675134265672455,2929.748389091465,19500000,0.0004294444756563,8150316.57905195,62.675134265672455,62.74362808912548,1.1847738327299195,1514.9075314411675,1104.6229699738012,1222165118.1806128,785129666.7724955,1.025935575990218,1375209.8717122374,124006.67821743964,378469.6357005231,20490.390548312454,19
2024-02-16 03:00:00,61.69479382238729,62.26599024576643,61.08272684972342,61.693143430522525,1460.674054538419,19500000,-0.0002878805162004,8012960.207600358,61.693143430522525,61.71256913146393,1.3250998601953214,753.9816909017995,628.8074120198717,1203016296.8951893,901945707.7021319,0.9733136566184188,2260299.065848855,167425.23369115771,450447.4566239906,19009.972249719627,15
2024-02-16 04:00:00,63.492566044092456,63.887928757158555,63.287746303181336,63.32904676527029,2227.918900542753,19500000,0.0001381724346919,7177159.984073624,63.32904676527029,63.32906642704658,1.050889613932028,968.5205555371548,820.8004707389167,1234916411.9227705,646036597.7738935,1.0081220113040548,748368.0098649297,151507.9579607214,447810.7629125421,17542.16283563345,20
2024-02-16 05:00:00,64.44236162010179,64.77380114462964,63.808324104147005,64.40868612947907,2592.0501965594776,19500000,0.0004450671275492,7281066.111152748,64.40868612947907,64.32282646729361,1.285057991712932,1709.91622275742,1177.3371140919687,1255969379.524842,743361805.5865815,0.9655882288938262,2127804.872130572,150075.8941529946,482519.5475560555,14914.972965060975,23
2024-02-16 06:00:00,66.46981386878483,66.94246034485172,66.02722940604687,66.36013287100465,2964.176630329752,19500000,-0.000545674119387,8142539.163283684,66.36013287100465,66.29093859906237,0.8439482698516263,1727.3627401748822,1474.3317842323386,1294022590.9845905,935642917.1628066,1.0779708443437166,1234864.5360871302,145282.55943282635,358788.23180545616,39669.13611697981,16
2024-02-16 07:00:00,66.04400796270502,66.37682548986001,65.67462891601242,66.00714408773347,3789.033520456191,19500000,0.0007054796631376,8872223.022024043,66.00714408773347,65.92936061302686,1.0330526905887698,1681.6892306431466,1882.1575191615664,1287139309.7108026,619016046.9617952,1.0151087116008195,1074587.56030979,134198.12070731263,502445.7825226263,18955.15332917491,16
2024-02-16 08:00:00,64.68645521362275,65.2715483088912,63.91509716200884,64.50985501731469,6121.347565707629,19500000,-2.75855591594328e-05,7983562.659104438,64.50985501731469,64.60061078578472,1.0590906928046653,3226.943789549839,3477.717086060298,1257942172.8376365,916379385.6973822,0.995634826075526,1252624.6329203001,219056.62810641096,305841.16403391457,24318.427421860917,14
2024-02-16 09:00:00,64.21399204639948,64.33243216105326,63.881072135172126,64.2068086720971,4299.936230195865,19500000,0.0001423286146486,7631298.775617033,64.2068086720971,64.2472951178997,1.3184929586537248,2257.5300464288325,2536.514016928246,1252032769.1058936,746770786.3417665,0.9912112524810616,1247825.1088711873,120430.04228295069,387097.387862189,12994.850117198455,17
2024-02-16 10:00:00,64.40824382160069,65.0351606150621,64.06230823835082,64.34439864436672,4822.666508334873,19500000,0.0002714347676549,8029632.490523893,64.34439864436672,64.29539263072476,1.0658457420774077,2798.044861802797,2735.4574555219465,1254715773.5651507,900775807.2618232,0.9833920005025192,2243491.350447538,208124.3412758665,323661.66280793666,33100.20450923567,22
2024-02-16 11:00:00,64.49979574324968,65.02365699023967,64.27694763232599,64.4525735425554,6142.898971871112,19500000,0.0003178387168346,7201186.53964084,64.4525735425554,64.42264359503065,0.88240658510717,3579.2269535955093,2985.771327607066,1256825184.0798302,799857904.1742548,0.9771725956057744,1314267.9467702669,191402.6175429076,522115.3815737148,23159.21867489296,20
2024-02-16 12:00:00,65.89921515519251,66.50477640510756,65.46506007654901,65.93723264583441,3963.38580720192,19500000,0.0001821651814779,8757469.347501157,65.93723264583441,65.88940901874811,1.012897228783799,2352.533600940193,1433.672561141791,1285776036.593771,837593937.4110483,0.9763480982145644,1325294.0931109777,147971.83300209598,479273.2415976757,19280.271251416903,12
2024-02-16 13:00:00,65.5221004574779,65.8385118125211,65.0961314641683,65.46907282361799,2926.745700111971,19500000,0.0003992153751119,8005421.942901122,65.46907282361799,65.41762321841351,0.715135931413784,1783.4737116975843,1706.3961970434625,1276646920.0605507,870540077.6706192,1.0503498655138586,901758.6159299633,185934.886894829,484662.3439304967,19330.85259935031,16
2024-02-16 14:00:00,66.23290323032856,66.78740612234414,65.79690462701436,65.93824023616423,4937.211381531699,19500000,0.0002557212138765,7475529.451204392,65.93824023616423,65.97518550016513,0.628641745432657,2127.96878447534,1740.160233826791,1285795684.6052027,604505047.2786916,0.9834215812683628,1493052.046060869,156455.24061188332,594001.9488607249,28590.30511449288,11
2024-02-16 15:00:00,64.61877910625084,64.85208438428486,64.16036514171614,64.65374345530151,5097.495618864865,19500000,0.0006282643420096,7782268.573657116,64.65374345530151,64.64161853659435,1.1808898613044194,2505.300122000309,1760.8188113364406,1260747997.3783793,804773901.6988038,0.9361174328008474,727932.2734915204,123592.90449662668,415322.9403722818,9082.19671569532,12
2024-02-16 16:00:00,65.29992779838015,65.79747940884363,64.82495595916922,65.24519166371932,4122.779781097842,19500000,0.0002566982628563,7561190.299734406,65.24519166371932,65.38750237124674,0.9277910091078756,1670.5682838785074,1629.6144555849598,1272281237.4425268,925178963.1784109,0.9650209683736032,1114931.66858033,123920.0137850504,499776.929214482,17201.330223510748,14
2024-02-16 17:00:00,65.41992807635137,65.51181046895259,64.99649010082206,65.25577339994106,1440.4145044793197,19500000,0.0006893906559649,8759379.959491123,65.25577339994106,65.34389217465814,0.9490598084113322,772.627470293426,679.9932824642976,1272487581.2988508,937616081.0617595,1.0278317385999742,3382127.4877511794,191733.2532648503,448293.9656051112,21253.457111484517,13
2024-02-16 18:00:00,64.43752610520359,64.63538276370848,64.2880808697285,64.29091026248022,1957.199538174656,19500000,0.0003703236520712,7760232.664327518,64.29091026248022,64.3815270365659,1.1807966477244831,1035.0239202721857,987.2932376327816,1253672750.118364,928340199.8639444,0.99243027830226,392003.52595825586,189262.9469637236,434848.55023354926,21180.08591631946,14
2024-02-16 19:00:00,63.996289304744835,64.28154166951428,63.709001057359885,63.994789725368264,2598.1968079135268,19500000,-0.0004417250377304,7985447.184020813,63.994789725368264,64.04415255278327,1.3223389190726529,1611.656488952589,789.8201399284748,1247898399.6446812,803334424.7830193,0.9959775519959088,1171693.7153227741,172905.91015297602,574540.0958373372,46704.39679931931,12
2024-02-16 20:00:00,63.46191612090333,63.97140383248598,63.45807152369162,63.765873847628605,4401.98348496633,19500000,0.0008833308035163,8257233.796257543,63.765873847628605,63.74529921004285,1.112820285792692,1981.4872056942736,2348.047402803797,1243434540.0287578,795780765.224262,1.0350944335425727,1189865.995274352,147579.2893379713,670900.3348660175,19904.91487507893,12
2024-02-16 21:00:00,63.49415941988013,63.73989268425677,63.38104143400644,63.42861193474085,2949.31078685954,19500000,-7.230323254316563e-05,7433004.826795098,63.42861193474085,63.47287184196728,1.4705177740874589,1738.466339016499,1039.6493492681504,1236857932.7274466,761582309.8468392,0.9766850023248308,974292.1286365906,155187.9305437533,405836.913674324,29645.573383631512,16
2024-02-16 22:00:00,65.43079681460853,66.26152940152225,65.1490453242527,65.72253576730245,5262.883327801458,19500000,0.0005486632045605,8009980.132248149,65.72253576730245,65.70618185163622,1.105765468494876,2589.382065426595,2046.9745529325085,1281589447.4623978,810305443.5158201,1.018972531663927,983521.1062780075,150033.17431249944,522690.04454307735,37929.98184207287,25
2024-02-16 23:00:00,65.79267554756642,65.96154948449234,65.54608101430499,65.59982031112965,5753.814553068231,19500000,0.0001080380329358,8061876.686803476,65.59982031112965,65.71332610914608,1.062306717913138,2960.768792472262,2282.1125529904043,1279196496.067028,810544156.7479446,0.9799635055063722,1107112.675038116,105162.701317679,471570.2594291049,26935.06439147772,15
2024-02-17 00:00:00,65.30926598380356,65.79600364685321,65.10716298651863,65.28713705609152,5429.407192621203,19500000,0.0004183270772807,6964774.410816813,65.28713705609152,65.32006001328726,1.049252246729278,3343.353256283734,2170.3175670600526,1273099172.5937846,589091607.1370322,1.01727629910257,965016.7823404957,165266.28699155294,472702.96275521617,17995.10721637331,11
2024-02-17 01:00:00,62.736496989313316,62.7827413593323,62.20090341230441,62.611315179044304,5446.727683260502,19500000,-0.0001065436732597,8047868.248579717,62.611315179044304,62.63400303766519,0.7732915671634103,2295.601894358889,2876.472885500772,1220920645.991364,581965727.0456884,0.9882659424769102,1166471.540624825,185463.56289666877,464833.9601267026,14982.733607037078,20
2024-02-17 02:00:00,61.39669562641921,61.978657409910646,61.207216003860864,61.5076691332365,1774.9065411865192,19500000,0.0002877233629268,7857987.718632489,61.5076691332365,61.52163584342642,1.210701230551828,892.4848940058274,554.2736872451633,1199399548.0981116,762608183.5217068,0.9927535247543292,878224.7321688952,165529.08519110727,413901.955256192,27546.371083948077,17
2024-02-17 03:00:00,61.00101811200745,61.675664213040335,60.3924423124132,61.191017134808696,3794.537265527024,19500000,2.4042836381678377e-05,7969237.578330083,61.191017134808696,61.30362490929796,0.6131821732973376,1963.2820801002044,1362.0694352270257,1193224834.1287696,649430429.641908,1.0246040097253384,2396833.882784677,253289.22409112955,215993.5635441613,36080.49043590031,18
2024-02-17 04:00:00,60.394903316819345,60.63750890390892,59.8103119872113,60.363423262304515,2200.050248960792,19500000,0.0005737009334769,7909320.708225394,60.363423262304515,60.28291352637688,0.8893623164315151,1352.4254351041502,674.7461037043046,1177086753.614938,636130222.8088558,1.022440744230475,965012.7416952156,126609.07439289703,601367.7149380291,25946.42018662009,15
2024-02-17 05:00:00,62.05681206511972,62.50935982909436,61.69358739763256,62.060982990150784,1306.9700970919855,19500000,0.0002316004502251,8052037.08338072,62.060982990150784,62.181275038053755,1.004596602227248,600.9021447692086,697.2552640791607,1210189168.3079402,614815055.6614351,0.9950371604378624,1340491.1631499962,137960.69031573745,385021.12521986215,31889.57542500268,17
2024-02-17 06:00:00,61.80196607965784,62.42891232380178,61.20437373703046,61.86278224584485,2581.857639068849,19500000,0.0003807827923904,8777388.98649398,61.86278224584485,61.857452531614655,0.853890370953515,1766.5686981613826,1536.5066019298547,1206324253.7939744,832750954.1415901,0.9858512899001564,816749.438061108,168258.16056079374,421547.8491136626,47934.18074082421,17
2024-02-17 07:00:00,63.4947316269937,64.00314218065468,62.93293041044025,63.483982356489065,5781.211159108126,19500000,-0.0005492230614419,7176637.29796156,63.483982356489065,63.401062817953445,0.9136102830514496,4042.966224331381,2878.2577668654158,1237937655.951537,915205515.4171423,1.0479744275344496,1550300.426314172,172981.80638553374,423344.4460764358,28316.849221554858,16
2024-02-17 08:00:00,63.92057717561059,64.17015283861836,63.366012646298614,63.56873239234346,3753.225959635548,19500000,7.432819606341242e-05,7673856.840970363,63.56873239234346,63.52727224644897,1.444661608607704,2423.356823594609,1790.4454959774264,1239590281.6506975,791264442.7401131,1.017679924344939,1431293.582280395,101184.19459465431,378223.02784024953,15832.342813681693,11
2024-02-17 09:00:00,63.728631577669844,64.03721422423469,63.14553103005229,63.62244247041469,8175.561560343078,19500000,0.0002231654905174,8318824.957046839,63.62244247041469,63.52377632455934,1.247079948304404,4005.320025973078,4679.853836630524,1240637628.1730864,910163981.7517284,0.9882657457402636,1262249.7163394366,189221.676820284,464189.44215874776,22366.469737078307,15
2024-02-17 10:00:00,63.64922478408209,64.1452798196345,63.42899513038403,63.51590507642635,3257.1734964052343,19500000,0.0001670844719319,8196158.696253919,63.51590507642635,63.56377426673919,0.8718258954743671,1951.5680598000909,1226.2808590773695,1238560148.990314,885775174.8189462,0.9804074691013074,707694.6107653107,173178.68641513115,438509.83221037855,33225.221760168606,17
2024-02-17 11:00:00,63.63430579005392,63.82049632608366,63.09220456537029,63.52708009704081,10136.533723058385,19500000,0.0003883471641153,8182060.123013456,63.52708009704081,63.46747308562965,0.9103616851798336,4307.463337416962,3243.069336120591,1238778061.8922958,638439075.8447275,1.0307469252082642,789962.5870496123,95812.81890549604,383345.8273526662,20442.39199600526,11
2024-02-17 12:00:00,65.94999006776226,66.48015065515241,65.43251180358335,65.75542474443762,3257.6475803396,19500000,-9.771273541236332e-06,9830381.082205938,65.75542474443762,65.773091100944,0.7746059816323344,2154.555318519217,1475.6849421955062,1282230782.5165336,636060543.0532129,1.0034620025815948,2095224.5213270946,158074.65221198034,455823.249828113,34603.55420450948,22
2024-02-17 13:00:00,62.75697599824971,62.98680754220431,62.74641654759133,62.78084171747241,3014.6534122529165,19500000,0.0001146361315103,8283970.358359032,62.78084171747241,62.858326901488276,1.1514232169964942,1672.5232659140556,1139.854355595456,1224226413.490712,628610925.5477372,0.9950934101462174,786472.1558897657,132968.11206074234,439498.97390096897,21588.562307043645,15
2024-02-17 14:00:00,60.07543688608641,60.80953741896749,59.91069212221344,60.323337003736675,1572.3159771067144,19500000,0.0004543680293244,8633642.991351493,60.323337003736675,60.28883103378294,0.9512784235122356,712.1518269002821,684.4676420545775,1176305071.5728652,563288758.0599823,1.003449255266878,1379267.2660181108,145316.46841617097,532622.2428500728,24350.4163343394,17
2024-02-17 15:00:00,59.655024845552084,59.72933391982094,59.0850913463896,59.67753355611345,5194.114154590081,19500000,-0.0005836067010336,7695423.170603064,59.67753355611345,59.66750154233208,0.6748307946145158,2587.8373577760203,2269.2563001703184,1163711904.3442123,727161384.5799842,1.0101339062391097,731486.1381092689,116479.9930577947,338379.5395161834,19826.55912693716,25
2024-02-17 16:00:00,59.79776824138377,59.824316834095804,59.51229155741549,59.70084562476255,2319.106904361971,19500000,0.0002768051504915,7284570.881401126,59.70084562476255,59.62900362055396,1.020361236838743,1484.7451699527332,917.5535966665656,1164166489.68287,622590432.810967,0.9982993255770768,1597667.6031379537,180601.30930117477,376593.6884690457,23106.30728997024,22
2024-02-17 17:00:00,60.419191172069894,61.140566899766974,60.30955785783106,60.53660802483272,2157.0054656432017,19500000,-1.6544779806597126e-07,7690963.967782111,60.53660802483272,60.51915186355696,1.0917651354028994,1425.927354364027,961.8030738583474,1180463856.4842377,854508284.058442,1.0361106060052898,811097.1679071432,252822.79193019,511477.8309418897,23476.007668498554,14
2024-02-17 18:00:00,61.09666140513202,61.64961646618824,60.982085952191646,61.11821975096921,5656.809286161037,19500000,-0.000173695437366,8349054.818991516,61.11821975096921,61.281651314517944,1.212431921012988,3144.69956847027,2342.1767922621907,1191805285.1438997,755631166.1389258,1.0377801542863596,726088.310608593,173903.5116329697,389278.9307633698,13594.728986490709,16
2024-02-17 19:00:00,60.572476189284444,61.19190019325023,60.282204848663305,60.65639670921039,5319.376277537177,19500000,0.0002009632672827,8147716.889944711,60.65639670921039,60.709648971496854,0.985436135238083,2894.2377911891367,1776.2344294706336,1182799735.829603,659864062.2327589,1.015956643576054,802723.091268865,94859.6751171524,369283.3621727639,19293.470705218213,17
2024-02-17 20:00:00,62.09748744303393,62.68820838904704,61.38980487125658,61.91150166996628,5250.222226806443,19500000,0.0004682353890425,8145386.0089374045,61.91150166996628,61.90130296236185,0.9281756996873254,3282.5461665595244,2940.2174401118423,1207274282.5643423,899892820.9155039,1.041241569714869,855277.3170167992,174800.22149439936,393148.1578522685,15215.007784192208,16
2024-02-17 21:00:00,63.30141436717357,63.57887479043494,62.72756530116736,63.20667299817559,2487.1790435080825,19500000,0.0004117431494452,7752721.7284045145,63.20667299817559,63.17433089979557,1.4877321836385018,1611.3360719308337,1269.4116989406036,1232530123.4644241,907090834.4711559,1.0002549030441468,1254906.2459708622,155024.7874193492,433568.1435179543,19494.10551909182,17
2024-02-17 22:00:00,63.52879518454078,63.71101835658997,63.1689540883083,63.446119736080185,2905.9396232962463,19500000,5.946609072801142e-05,7654451.039852928,63.446119736080185,63.44975942452821,1.00131809915,1829.155446686352,907.7942072678036,1237199334.8535635,845730376.0535216,1.0207099301501386,1097401.3829775322,123592.71304380342,433897.7615157389,17351.78859482221,13
2024-02-17 23:00:00,64.76637857499645,64.85059105551187,64.55094382858779,64.68596081862574,2893.0679752355686,19500000,0.0003627222891282,7774140.799643548,64.68596081862574,64.70084187256846,1.1547829062144632,1490.8801343686785,968.4137922464972,1261376235.9632022,867202598.563309,1.030133689566158,688754.1393777193,177798.46306536076,424220.3585535792,29838.248400232,16
2024-02-18 00:00:00,65.04130912640784,65.37217223742948,65.0113479123336,65.04615496771571,4408.364730819816,19500000,0.0003604203695337,8357418.265043895,65.04615496771571,65.0254007100992,0.897710245997138,2612.298758512878,1450.1507158561333,1268400021.8704565,942650846.7014074,1.0305711484004982,1055498.0257863007,202793.03015403904,360153.9904815004,29942.0756071149,10
2024-02-18 01:00:00,64.35164315240418,64.49324786236014,64.02863442211232,64.3262270518334,6481.986715450333,19500000,7.378861885204995e-05,8435506.12930063,64.3262270518334,64.36675638271667,1.1479548069189778,4260.013346911694,2064.662270077901,1254361427.5107512,790419379.7563504,1.0274799744321503,675562.8798737224,137706.0513332942,516397.339253831,26058.212231213725,11
2024-02-18 02:00:00,65.08216754483527,65.84712631845547,64.55189408739865,65.2368028504785,3583.421243294555,19500000,-0.0001079241655964,7276807.177185138,65.2368028504785,65.18112666482618,0.7474216475959736,1596.5151813002344,1138.5139645206175,1272117655.5843308,908299581.2928631,1.0189356758224506,1380732.9335095356,107911.50772249712,576796.0128830075,15058.61046708946,18
2024-02-18 03:00:00,65.10188863302855,65.39043957156025,64.6268518741835,65.38782199082817,8001.990023604739,19500000,-9.057020933669894e-05,8382774.353774051,65.38782199082817,65.33169389033719,0.91172806369531,4132.55577406738,2777.760403303644,1275062528.8211496,598575957.8295797,1.0587138434691423,1485799.0122869248,98428.13235680056,301919.0646896025,21387.449710250647,12
2024-02-18 04:00:00,65.41574293717224,65.50941614702869,65.12890447017983,65.39611349190615,4668.519183337988,19500000,0.0003513560046604,7486742.763893005,65.39611349190615,65.4268624473788,0.7853271881189846,1946.705576988453,2588.0441346076173,1275224213.09217,785817078.0039775,0.9838091264420352,1057188.037056907,137802.7682977901,324257.0604055116,14703.521567127453,11
2024-02-18 05:00:00,67.40166171069276,67.56779053138658,66.95743511445826,67.35801502958991,2650.75637542426,19500000,8.73559558861928e-05,8188291.397813908,67.35801502958991,67.28603344229208,0.8860386871514139,1385.4527717103165,1453.860319698067,1313481293.0770032,789080325.2918047,0.9953433763731936,1189880.5032150985,156548.96770182252,540673.7872749628,21074.35092833308,12
2024-02-18 06:00:00,64.29745613654546,64.4253802409128,63.86250738622691,64.1423260520831,4511.367957680778,19500000,-0.0002138546659191,7766613.792291122,64.1423260520831,64.195501147019,1.284146131082427,2849.76177737677,2413.328961726698,1250775358.0156205,577004134.2895335,0.993564685700496,2151233.0033420967,143057.0254456107,605590.4842939338,26748.30404610796,13
2024-02-18 07:00:00,62.55139377253961,62.69262133145807,61.994383136461806,62.355431128022175,6995.134670818717,19500000,-0.0004054588506527,8939276.05176741,62.355431128022175,62.360776197392205,0.8847367128321052,3211.526017050618,3388.5268401253616,1215930906.9964325,578887190.0624888,0.9889579856570856,1002152.640070996,137197.8710238164,288994.8669907205,29662.27445107884,24
2024-02-18 08:00:00,61.08977138476504,61.49054936687214,60.58339693126451,60.89855012190499,8096.15463623792,19500000,0.0003495494356289,7627388.757466364,60.89855012190499,60.793322955742845,1.1544813841636232,4554.622505763199,4186.10109641302,1187521727.3771474,542165036.351489,0.940336838697552,731607.1008437801,187582.66022573377,520782.25684377656,25383.4694975774,16
2024-02-18 09:00:00,60.34307007378226,60.66178470138546,59.93215392108969,60.46375858900437,5396.1751298702375,19500000,-6.403352667926712e-05,8000311.438138809,60.46375858900437,60.4764256935569,1.3545279759536464,2217.696959387773,2814.344722104947,1179043292.4855852,634566407.2974725,1.0412459441712474,1345639.8405177176,182719.32504940836,613893.0321972949,32129.872029494967,12
2024-02-18 10:00:00,60.120279396989766,60.53268086763255,59.815043421734416,60.16266580413409,3019.471897888983,19500000,0.0001991163266967,8278973.406784874,60.16266580413409,60.067299157508394,0.994499719518665,2020.9174355019577,1711.4181354641926,1173171983.1806147,546760755.0074894,0.9692187862286116,678500.5542118731,171082.01676266885,372323.19016212487,23811.570954676383,13
2024-02-18 11:00:00,58.43796037269003,58.95820895116898,57.8327284045655,58.38187473929976,2674.862812510124,19500000,0.0004719120721207,7354223.804223327,58.38187473929976,58.428192700770396,1.2198811317558511,1727.9651443459277,1390.1339845451498,1138446557.4163454,656824356.7433516,1.0050944472623828,981143.9796972674,199610.2403866947,606787.2809512506,20535.94241397284,19
2024-02-18 12:00:00,57.53844587882854,57.885147677249755,57.00351020694166,57.24855013506667,3976.012659620978,19500000,-0.000292677343056,7840973.197429293,57.24855013506667,57.24003645533276,1.112063381135083,2215.9223394584847,2071.2552574824126,1116346727.6338003,774548066.4548912,0.9573441646697534,839957.0704855811,138126.2169621677,426941.0147133071,28626.78660077735,14
2024-02-18 13:00:00,56.44356610780569,56.8355851829958,56.26801788185456,56.276975095752384,6884.220913197945,19500000,8.645878584614653e-05,7720388.855472384,56.276975095752384,56.38677621361446,1.0235606544046127,4211.326444659154,3725.908001490252,1097401014.3671715,695915692.7933279,1.0186214719215922,806108.9194063048,123792.26917932702,471147.938478131,28909.99985668185,23
2024-02-18 14:00:00,59.25026527326811,59.46682694704682,58.978173326818705,59.11791242648117,3702.948085020866,19500000,4.87917561343391e-05,7569192.909158779,59.11791242648117,59.1871579966388,1.1619075775376366,1596.618083119503,1728.9303700110452,1152799292.3163826,751783041.7620157,0.976438118921794,965756.5309989784,142830.88420420434,383139.0806457497,18821.375366234828,8
2024-02-18 15:00:00,61.245656177706906,61.39110251063368,60.93905622258888,61.29319370225667,3741.5900081555815,19500000,0.0002139228626883,7614190.545314555,61.29319370225667,61.2343097903839,1.4448241490481553,2445.364225217816,1361.5969201285443,1195217277.1940053,549144975.7714771,0.9659211422767284,1529816.89826086,140389.2649358272,540476.1045599482,24678.672240653206,15
2024-02-18 16:00:00,60.6892058644953,60.99150112872526,60.36113710045708,60.796596928460716,3058.5582603185035,19500000,0.0004717479995261,8620582.78853334,60.796596928460716,60.679822481154304,0.8803341017338546,1879.724023371689,995.1409060305416,1185533640.1049838,832076160.5987107,1.0058303039344512,1661065.125958026,97458.08196618797,522766.6269723084,20165.045984147902,15
2024-02-18 17:00:00,60.45738413377585,61.04036419883825,60.02871249077827,60.36214379158565,2530.2021220893057,19500000,-0.0002988355443987,7518055.028165143,60.36214379158565,60.32260047532516,0.8254387795470709,1103.143377368321,1077.1401083446333,1177061803.9359205,581300345.27355,0.9789779625855212,1546004.51199042,142003.62154742095,624646.9387764944,12057.251707242842,13
2024-02-18 18:00:00,58.8666267304803,59.363343983610314,58.44599401399683,58.99649704853397,2748.835775557229,19500000,0.0002709393846117,8252400.717133052,58.99649704853397,58.93034671868144,0.8158025640370058,1908.2604477149332,900.2593889981617,1150431692.4464126,622148009.4612186,0.9827752271174088,1221076.8813918957,214531.6671373438,590143.7757000184,25135.386365806,13
2024-02-18 19:00:00,56.76605224901755,56.95074261057967,56.610145340878326,56.7931353449223,3189.7983883032744,19500000,0.0004094571324981,8087819.169402828,56.7931353449223,56.90250404872918,1.220042377682612,1297.479627706554,1118.953234586558,1107466139.2259848,670059284.5309241,1.0051536884559886,962813.9336808216,198831.5688548865,441604.5119436616,14937.697725843993,21
2024-02-18 20:00:00,56.65318882577625,56.921713418565574,56.27649968897935,56.66619688548876,7037.793650542795,19500000,4.408688081296519e-05,7052859.335875621,56.66619688548876,56.67127901266374,1.2534171288523588,4142.116387632897,2161.672420185998,1104990839.2670307,805536144.2245805,1.0239996836090326,415638.87912665564,185590.13838832895,823793.955020832,24305.72656801621,16
2024-02-18 21:00:00,55.72905131841584,56.19467480781783,55.16096766714163,55.55207218370137,2644.250953322201,19500000,5.876590213206294e-05,8221273.125245874,55.55207218370137,55.60948073970734,0.8981597001626501,1193.9493754898074,1031.4215173766445,1083265407.582177,811847573.1237464,0.9754479853638488,1236464.2814305844,168199.24045900017,579637.6985641664,13896.71985132548,12
2024-02-18 22:00:00,55.42408028218113,55.83416744065857,55.19613170766341,55.463425737224924,3060.415707843209,19500000,0.0002255348106954,7043537.055380587,55.463425737224924,55.453163288947586,0.652331304818771,1884.534505434639,1808.7036840288165,1081536801.875886,740634460.6595169,0.9702642257802552,428895.84868567006,233800.7723631769,492920.512122986,17749.273720185407,16
2024-02-18 23:00:00,53.45976168134021,54.02303669934061,53.244763039380594,53.72184365678675,1933.933266128674,19500000,0.0002034451233669,8293224.612328928,53.72184365678675,53.717563772436804,0.8737584207620778,814.4216054595872,800.0283179732558,1047575951.3073417,700612790.6052874,1.0007045100004683,494526.0809876567,124861.20336493476,362423.6536480548,19339.798680776483,16
2024-02-19 00:00:00,52.968033090842944,53.43688645624622,52.81997064820237,52.91464806884041,4265.503612401561,19500000,0.0002747057822101,7573203.730342136,52.91464806884041,52.91821308623371,1.1157991063919643,1809.9822775815048,1587.9095681139825,1031835637.342388,627670467.0114444,1.0161775774077424,1000524.5986568504,127873.04560608878,325785.16959718056,31587.521460458596,12
2024-02-19 01:00:00,53.00327593156369,53.43439455249793,52.783849060205206,53.07748056921484,5903.729739243328,19500000,0.0002683841579203,7892089.3025733465,53.07748056921484,53.141520636453436,0.9867440170002378,3187.350020475161,2485.675924711943,1035010871.0996895,672434351.2739443,1.0438826557558187,1186517.3519494536,215577.08302540527,331371.18423663767,18768.69276051579,14
2024-02-19 02:00:00,53.47756359701547,53.821279797556215,53.0522700689826,53.47300437910258,6716.0060765115895,19500000,-0.0001945916916846,7111044.41932999,53.47300437910258,53.49501519146532,1.036727947739602,4689.1345135294205,2621.9392227919934,1042723585.3925003,514403961.6326277,0.9678601120511888,891150.0689736146,163881.8834097314,367054.97175387706,15954.699653223455,14
2024-02-19 03:00:00,53.91738406133815,54.02907122561891,53.42728959492192,53.9267354642698,3300.014899181472,19500000,0.0003970799493114,7964403.9690478,53.9267354642698,53.87510957534163,0.9006226841117437,1593.7582730052245,1657.1455365174409,1051571341.5532609,558130781.3951156,0.9904609869618886,1972701.6177877907,137613.6531783568,582719.1000809474,24570.541997643657,11
2024-02-19 04:00:00,52.4976830963603,52.58231867147803,52.186049924363985,52.526436487465666,3972.6042525941502,19500000,0.000450034948657,8493894.037708804,52.526436487465666,52.61691401693863,1.2248493109269505,2319.04129391417,1947.9268818313053,1024265511.5055805,763480198.0465595,1.0352735807522575,1284066.745540961,186835.0006158197,487681.4877321131,20638.38402937187,13
2024-02-19 05:00:00,53.52183721175376,54.038399004507305,53.277394130577136,53.4373697679309,2760.6593881166964,19500000,0.000155824868107,7393744.383942451,53.4373697679309,53.427066214814566,1.0710488053881682,1533.766376248637,850.8431529455177,1042028710.4746526,775149013.5125763,1.0591928360841616,966019.1322728789,145857.18828968293,391337.3925080045,27921.943615660388,8
2024-02-19 06:00:00,52.43297235947171,52.909176840982994,52.075227579875325,52.59421200023129,3881.625700537256,19500000,-0.0003482465919649,7512874.557532921,52.59421200023129,52.57551369946576,1.1244485013907144,2533.2882161385646,1759.9172410190065,1025587134.0045099,560885110.0834717,0.9702072700207374,1858399.2548124427,132008.10829137836,430553.2109231355,16259.555004829424,10
2024-02-19 07:00:00,53.21438053011153,53.49089498848442,52.82051631013683,53.26946267002368,3487.6470016414987,19500000,6.557628819997284e-05,8178928.937479615,53.26946267002368,53.12406338921789,1.032324583604591,1697.008404661939,1084.1696201469283,1038754522.0654618,542556623.3682973,0.9778356424058005,1996183.0107597332,131092.9702173019,420185.1470418987,23464.787323904588,11
2024-02-19 08:00:00,53.3363240693355,53.65048612321203,53.08650761727489,53.263455623275576,3069.0771525792024,19500000,0.0001583217630821,8195301.393989928,53.263455623275576,53.302572283309146,1.1105702617473387,1738.580996969832,1544.387183258302,1038637384.6538737,538902638.9819899,1.0114330028382958,1310246.1244272005,176378.46599706265,519182.1864148219,46206.23566279174,17
2024-02-19 09:00:00,51.75876480825961,51.85444396495975,51.33095384460354,51.82241151612698,3193.5130075892484,19500000,-0.000243380071336,6491263.393856447,51.82241151612698,51.83282847585948,1.0960516766432082,2188.153771278282,1854.6087252173336,1010537024.564476,601733684.481101,0.9826677057342074,782773.7789680543,171348.34594157242,371105.0471665659,20500.74103023854,16
2024-02-19 10:00:00,51.33516296520839,51.924275586924956,51.2973310896816,51.50087286480471,3736.711186694796,19500000,-8.041419073104018e-06,9266669.451226275,51.50087286480471,51.51116921062778,0.8305933736311389,1867.5176078415016,2138.319388477641,1004267020.8636919,519336578.3253627,0.9772230473647014,856486.5635279297,237800.33967974773,474462.2219046529,23295.584680605494,10
2024-02-19 11:00:00,51.95314469118842,52.06569885974716,51.8781909132569,51.883770347400315,2573.2469434196805,19500000,-0.0003228108162675,8227447.346360018,51.883770347400315,51.868058661708865,1.077466679990598,1368.5084980762635,930.7785021246192,1011733521.7743059,652111819.3712254,1.007334118191067,598395.147320244,151369.27926754026,469778.7673907457,13382.296056552172,19
2024-02-19 12:00:00,52.64698695709994,53.07055618811001,52.46440157507472,52.528996888404244,2640.5740190422957,19500000,0.0002821876674959,8339014.270620042,52.528996888404244,52.504034171958594,1.1715195119912265,1760.3228114340968,1380.4750504449703,1024315439.3238827,483933674.07688797,1.0464825986121933,1049406.5054891675,150725.05643791892,373333.12552345765,17053.42280520616,16
2024-02-19 13:00:00,52.38161056911294,52.666266063383176,52.29989088389863,52.38632483624026,7000.109052437732,19500000,0.0001497865944706,7796760.194145757,52.38632483624026,52.37220250843083,1.2598948854520282,3498.302099110732,3765.497200649734,1021533334.3066851,491462922.0508788,0.9607155311470184,701296.1220176091,233259.8582681621,607800.0281880875,25283.72559475896,13
2024-02-19 14:00:00,53.80959287388825,54.17085651958364,53.33664473960867,54.02144831218003,11559.621325997585,19500000,-0.0003937349494442,6798916.374101734,54.02144831218003,54.051871078071066,1.0867824277670737,5943.981900771684,6465.414808568623,1053418242.0875105,561556494.0623748,1.0449500232333857,935720.5691947393,208232.7447638657,417018.455958728,19950.92280722196,15
2024-02-19 15:00:00,55.20438109159452,55.22105830654965,54.89226801204237,55.12654574452324,1632.4161970818016,19500000,0.0002054394584745,8324219.588239073,55.12654574452324,55.16729075424896,0.8244406655383075,801.9010196674744,616.8567816112436,1074967642.0182033,734453334.7245364,0.9827569234425132,1184631.368361749,168758.60093517794,362743.0368420074,26484.896025433634,10
2024-02-19 16:00:00,54.66769737058744,55.297269214414925,54.51739854524524,54.84978636194876,1588.0536054405122,19500000,8.304731578291264e-05,7538147.6430841815,54.84978636194876,54.84259930731974,0.8502171717840882,1020.8952079668644,691.2010524134457,1069570834.0580006,585041193.9007177,1.010373757637746,482732.82613138796,110166.35486777883,524696.876065779,25021.271591698234,17
2024-02-19 17:00:00,55.7188291686204,55.8171506933964,55.445510470663024,55.68443853991477,1847.195064390971,19500000,0.0002549242848263,8237575.448628639,55.68443853991477,55.74284803534927,0.9166499474965965,1254.4598916862888,676.9070857344302,1085846551.5283382,642001382.0211287,1.047725521633056,643840.0302348793,132858.01817005652,447261.6796658197,14832.725027105156,16
2024-02-19 18:00:00,57.78331654996406,57.91604805897205,57.55516438706616,57.886060118588254,2830.9165075923484,19500000,-1.7459730126628316e-05,7749958.106958025,57.886060118588254,57.88727722040992,1.0386198677763403,1668.3430747978384,869.920365390636,1128778172.312471,730304367.4389077,1.0097597077690634,871492.7800932024,125050.920915021,480069.2592271422,29869.461555606777,13
2024-02-19 19:00:00,60.06719886119913,60.66194966566877,59.886119281598496,60.20685942286172,4665.2199237202685,19500000,-0.0001404438202229,8038437.099998785,60.20685942286172,60.18252221973073,0.9758491926244032,2738.8994835035523,2321.8976295657358,1174033758.7458034,806046937.9901274,0.9910752685540244,1045171.0705857805,164244.7453780128,349082.6665221504,15171.812083267398,19
2024-02-19 20:00:00,58.70013820585831,58.95772207711164,58.61919096039719,58.75206445747405,4006.312299094727,19500000,-0.0001312533879373,7412678.262252169,58.75206445747405,58.769596988566114,0.7987187376679677,2071.2678091423977,1720.4670894215828,1145665256.920744,621102606.3255408,1.0215452686808422,876021.3672744759,143331.40155171155,520467.7733507815,17509.930012282442,10
2024-02-19 21:00:00,57.657997811438115,57.903707219944316,57.27981008872833,57.67914270326677,3248.717455597201,19500000,-6.14510649645214e-05,8451488.999738254,57.67914270326677,57.606502374315895,0.7977627696551588,1311.653834782148,1216.4337289537164,1124743282.713702,752780357.7440104,0.9948050139300268,957896.3996980429,242978.0097108228,683160.8889090936,23596.30650311276,15
2024-02-19 22:00:00,59.34718909278415,59.57056846436454,59.26611821955745,59.423751634928436,3883.4055762502817,19500000,0.0001056475289743,7171545.628879283,59.423751634928436,59.443523005091556,0.6572411011521033,1756.0033028574271,2151.916130657165,1158763156.8811045,620888731.1605769,1.0156405314878385,804701.9206583898,109879.62161209142,343668.6529668054,35245.98504786252,18
2024-02-19 23:00:00,58.25355371456569,58.75405571115737,57.73386518311747,58.18504625961342,2108.974146364117,19500000,0.0001443875396274,9438877.62512284,58.18504625961342,58.101132827088584,0.5358532274608095,936.8727619496278,946.3055402800428,1134608402.0624619,729938813.3855343,0.9938595700486654,597758.5235801255,121742.69885036325,474891.5595161711,16298.642389880571,15
